:020000040800F2
:1000000050C60024710300085D3600088F310008D7
:1000100059360008F3040008D13D00080000000034
:10002000000000000000000000000000B102000815
:10003000F7040008000000000D030008F13A000872
:100040008F0300088F0300088F0300088F03000848
:100050008F0300088F0300088F0300088F03000838
:100060008F0300088F0300088F0300088F03000828
:100070008F0300088F0300088F0300088F03000818
:100080008F0300088F0300088F0300088F03000808
:100090008F0300088F0300088F0300088F030008F8
:1000A0008F030008ED3C00088F0300088F03000851
:1000B0008F0300088F0300088F0300088F030008D8
:1000C0008F0300088F0300088F0300088F030008C8
:1000D0008F0300088F0300088F0300088F030008B8
:1000E0008F0300088F030008000000008F03000842
:1000F0008F0300088F0300088F0300088F03000898
:100100008F0300088F0300088F0300088F03000887
:100110008F0300088F0300088F0300088F03000877
:100120008F0300088F0300088F0300088F03000867
:100130008F030008AD0500088F0300088F03000837
:1001400000000000000000000000000000000000AF
:100150008F0300088F0300088F0300088F03000837
:100160008F0300088F0300088F0300088F03000827
:100170008F0300088F0300088F0300088F03000817
:100180008F0300088F0300088F0300088F03000807
:100190008F0300088F0300088F0300088F030008F7
:1001A0008F0300088F0300088F0300088F030008E7
:1001B0008F0300088F0300088F0300088F030008D7
:1001C0008F0300088F0300088F0300088F030008C7
:1001D0008F0300088F0300088F0300088F030008B7
:1001E0008F0300088F0300088F0300088F030008A7
:1001F0008F0300088F0300088F0300088F03000897
:100200008F0300088F0300088F0300088F03000886
:100210008F0300088F0300088F0300088F03000876
:100220008F0300088F0300088F0300080000000000
:100230008F0300088F030008000000008F030008F0
:100240008F0300088F0300088F0300088F03000846
:100250008F0300088F0300088F0300088F03000836
:100260008F0300088F0300088F0300088F03000826
:100270008F0300088F0300088F03000800000000B0
:100280008F0300088F0300088F03000800000000A0
:10029000000000008F030008DFF810D000F0ECF839
:1002A0000048004751740008AFF3008050C6002496
:1002B0002C4B19680868B0E8F04F80F30988BFF349
:1002C0006F8F4FF0000080F311887047000000002E
:1002D00008480068006880F308884FF0000080F349
:1002E000148862B661B6BFF34F8FBFF36F8F00DF24
:1002F00000BF00BF08ED00E0DFF80C00016841F42A
:1003000070010160704700BF88ED00E0EFF30980E5
:10031000BFF36F8F134B1A681EF0100F08BF20ED4C
:10032000108A20E9F04F106009B44FF0500080F3BC
:100330001188BFF34F8FBFF36F8F11F0B3F94FF0F8
:10034000000080F3118809BC19680868B0E8F04F14
:100350001EF0100F08BFB0EC108A80F30988BFF3BD
:100360006F8F7047B44A0024EFF305807047000098
:10037000074880470748804707480047FEE7FEE7F1
:10038000FEE7FEE7FEE7FEE7FEE7FEE7FEE7FEE745
:10039000110E0008D53B0008990200080649074ADB
:1003A0000868504343F2390210440860400870471F
:1003B00001490860704700001C4B00246D4EC64187
:1003C00010B5431A934209D28318881803E010F835
:1003D000011D03F8011D521EF9D210BD40EA0103B0
:1003E0009B0703D009E008C9121F08C0042AFAD2EB
:1003F00003E011F8013B00F8013B521EF9D210BD99
:10040000D2B201E000F8012B491EFBD27047002256
:10041000F6E710B513460A4604461946FFF7F0FF03
:10042000204610BD421C10F8011B0029FBD1801A88
:10043000704730B504460020034600E05B1C934241
:1004400003D2E05CCD5C401BF8D030BD30B50B462C
:10045000014600202022012409E021FA02F59D42F4
:1004600005D303FA02F5491B04FA02F52844151EC8
:10047000A2F10102F1DC30BD064C074D06E0E06858
:1004800040F0010394E8070098471034AC42F6D3DB
:10049000FFF706FFF82B0108182C010870B58C181F
:1004A00010F8015B15F0070301D110F8013B2A1188
:1004B00006D110F8012B03E010F8016B01F8016B75
:1004C0005B1EF9D12B0705D40023521E0DD401F871
:1004D000013BFAE710F8013BCB1A921C03E013F83A
:1004E000015B01F8015B521EF9D5A142D8D300206F
:1004F00070BD00BFFEE7704710B5002210E002EBB0
:100500004204036903EBC40100230B604B608B6062
:10051000CB600B614B6100F1480343F82210521C81
:10052000042AECD30024C46504668466C46684652A
:100530000324036803F58053C3F83041036803F5CF
:1005400080530469C3F81C4103694833046804F507
:100550008054C4F8283110BD10B500220EE002EB23
:100560004204C36803EBC40100230B604B608B6043
:10057000CB6000F1180343F82210521C042AEED37A
:10058000002484620324036803F58053C3F82C41DC
:10059000036803F58053C468C3F81441036803F586
:1005A0008053C468C3F8204110BD000010B5024854
:1005B00000F046FD10BD0000C44D002410B5A2B0EF
:1005C000044601208DF83300002012908DF8410080
:1005D0008DF8430001208DF828008DF856008DF825
:1005E000320000208DF84C0001208DF8840040037B
:1005F0000F9000208DF85C0018908DF885008DF824
:1006000086004FF4C360169000208DF830000B90E8
:1006100001208DF8350000208DF836008DF840005F
:100620001D901B9014908DF864008DF87A000120C5
:100630008DF842002020209001208DF844000020F9
:100640008DF855004FF0405009904FF480400E90C7
:1006500000208DF8310002201F9000208DF87800D6
:100660008DF879008DF8540001208DF834000020B9
:100670001A9001208DF8700009A9204600F0A8FA10
:1006800001208DF804000290002000908DF81C00DD
:100690008DF80D008DF80C004FF40010069000202E
:1006A0008DF814004FF40010049000208DF81D0008
:1006B0004FF4067008906946204600F02BFA22B0ED
:1006C00010BD0020704710B501F006FB10BD000002
:1006D00010B5024801F07EF8002010BDC44D002482
:1006E00070B504460D46164633462A462146044850
:1006F00000F05FFF10B14FF0FF3070BD0020FCE74D
:10070000C44D002470B504460D46164633462A46AD
:100710002146044801F09CF910B14FF0FF3070BD44
:100720000020FCE7C44D00242DE9F04F06460B469F
:10073000924606F118042269D4F810804FF0000C9C
:1007400054F822109D68E346C86800F00040B0F1FC
:10075000004F04D004F1140050F8220010B1022020
:10076000BDE8F08F187800F00400C8B3C8686FF3D4
:100770000F00D3F824E040EA0E00C860C86840F4D7
:100780008030C8603068006E40F48010D6F800E019
:10079000CEF86000187800F0080008B3B3F82CE039
:1007A00088686EF31F408860C86840F40030C860F5
:1007B000C86820F44020D3F830E040EA0E00C8605A
:1007C0003068406E40F48010D6F800E0CEF8640047
:1007D0003068006D40F08060D6F800E0CEF8500040
:1007E000187800F0100058B188686FF30D00D3F846
:1007F00018E040EA0E008860C86840F08060C86079
:10080000187800F0040018B9187800F0100078B3D8
:10081000C86840F08040C86000BF00BF00BFBFF3A1
:100820005F8F00BF00BF00BFC86840F00040C860D5
:1008300000BF521C042A00D3121F00BF54F822101C
:100840000CF1010CC86800F00040B0F1004F10D16D
:1008500054F8281000BF00BF00BFBFF35F8F00BF78
:1008600000BF00BFC86820F00040C860022077E7E2
:10087000FFE70CF1010C2868086088686FF30D0031
:10088000D5F804E040EA0E008860A86868B1AD6859
:10089000286848608868DFF878E200EA0E00B5F85A
:1008A00004E040EA0E40886007E000204860886865
:1008B000DFF85CE200EA0E008860187800F01000B3
:1008C000A0B1C86820F4F000B3F820E040EACE40C0
:1008D000C860C8686FF31100D3F81CE040EA0E004E
:1008E000C860C86840F48020C8601FE0C8686FF323
:1008F0000E00D3F804E040EA0E00C860187800F05B
:10090000010038B1C86820F44030D3F814E040EA60
:100910000E00C860187800F0200038B1C86820F0D8
:100920004060D3F810E040EA0E00C860187800F08C
:10093000040038B1886820F44040D3F828E040EA49
:100940000E008860C86840F00050C860C86820F099
:100950008040C86000BF00BF00BFBFF35F8F00BF13
:1009600000BF00BFC86840F00040C860187800F0C1
:10097000020038B1C86820F06070D3F80CE040EA9B
:100980000E00C86096E0C86820F08050C86000BFC4
:10099000521C042A00D3121F00BF54F82210C8684A
:1009A00020F00050C860C86800F00040B0F1004F6F
:1009B00004D004F1140050F82200F8B1424654F873
:1009C00022104FF0000915E000BF00BF00BFBFF3C9
:1009D0005F8F00BF00BF00BFC86820F00040C86044
:1009E00000BF521C042A00D3121F00BF54F822106B
:1009F00009F10109E145E7D30220B1E60CF1010C50
:100A0000AD682868086088686FF30D00D5F804E0C9
:100A100040EA0E008860A86868B1AD682868486040
:100A20008868DFF8ECE000EA0E00B5F804E040EA80
:100A30000E40886007E0002048608868DFF8D0E05A
:100A400000EA0E008860187800F0100060B1C868F5
:100A50006FF31100D3F81CE040EA0E00C860C868CC
:100A600040F48020C86013E0C8686FF30E00D3F82C
:100A700004E040EA0E00C860187800F0010038B1C8
:100A8000C86820F44030D3F814E040EA0E00C86093
:100A90000BF1010B00BF00BF00BFBFF35F8F00BFB2
:100AA00000BF00BFC86840F00040C860C86820F0C0
:100AB0008040C860A86800287FF465AFBAF1000FD5
:100AC00004D0886840F00040886003E0886820F027
:100AD00000408860C86840F08050C86004F1140E7F
:100AE000606A4EF82200226100BFEFF310800746D3
:100AF00000BF012080F3108800BF0BF1010EA06A37
:100B00007044A06200BF87F3108800BF002027E672
:100B1000FFFF00C010B5036803F580531B6847F65C
:100B20000204A3430C682343046804F58054236043
:100B30000C798B6843EA04330C7B43EAC4320368C4
:100B400003F580535B684DF20104A343134304682B
:100B500004F5805463604C7B0B6A43EA04420368EB
:100B600003F58053D3F80031164C23401343046837
:100B700004F58054C4F800310C7D0B6943EA04137A
:100B80004C7F43EA0432036803F58053D3F8043101
:100B90000D4C23401343046804F58054C4F8043119
:100BA0000C7F8B6943EAC472036803F58053D3F862
:100BB0000831064C23401343046804F58054C4F8FC
:100BC000083110BD00C0FEFFEFEFC0FFFFFFC07F88
:100BD00010B50C688B6823430C7943EAC4630C7B23
:100BE00043EAC4534C7B43EA84538C7B43EA44532B
:100BF000CC7B43EA04530C7C0CB9012400E00024B4
:100C000043EAC4434C7C0CB9012400E0002443EACD
:100C100044438C7C43EA04434C6923438C6923435B
:100C20000C7F43EA04334C7F43EAC4238C7F0CB926
:100C3000012400E0002443EA8423CC7F43EA4423D8
:100C400091F820400CB9012400E0002443EA042379
:100C500051F8244F23430C7943EA04138C6843EA88
:100C6000040203681B683D4C23401343046823605F
:100C70000B7E5B060C7D43EA04630C7B43EA8443F2
:100C80004C7B43EA44438C7B24390CB9012400E0BB
:100C9000002443EA04434C6B43EA040203685B68A4
:100CA0002F4C234013430468636091F840404B6C21
:100CB00043EA04220368DB6840F20F14A3431343A2
:100CC0000468E36091F854400B6D43EA440391F8E3
:100CD0004C400CB9012400E0002443EAC41331F86D
:100CE000484F43EA044203681B6F4FF60D742340DC
:100CF0001343046823678B7B4C7B43EA44020368FD
:100D0000D3F8903023F0030313430468C4F8903001
:100D10000368D3F8003D23F072030C692343046891
:100D2000C4F8003D0C7E4B6948390CB9012400E041
:100D3000002443EA841391F8614043EA041391F8D4
:100D4000624043EAC4020368D3F8303D23F07B03DA
:100D500013430468C4F8303D10BD000083800400D4
:100D60000080F8C02DE9F8430446002000904FF0C1
:100D70000109A56E04F1480050F82560E76E24E0F3
:100D8000306958B9684600F093FC009810B94FF0EC
:100D9000000903E00098306100983060B9F1000F5D
:100DA00013D0A06D18B14FF04140F06002E04FF059
:100DB0000140F06000BF6D1C042D00D32D1F00BF4B
:100DC00004F1480050F825607F1E17B1B9F1000FFB
:100DD000D6D1E06EB84216D0E81C00F0030800BF80
:100DE00000BF00BFBFF35F8F00BF00BF00BF08EBB5
:100DF0004801206900EBC101206800F58050C0F86F
:100E00002811A566E766BDE8F88372B600BFFEE765
:100E10000748006840F002000549086000BF044828
:100E20000838006800F400500028F8D0704700002F
:100E30000C4802587047000010B50446204600F0E8
:100E40000BF800F08000802803D10248006807F00A
:100E5000B5FE10BDB04900240146D1F88C007047A2
:100E60000146D1F888007047024609B90120704751
:100E70001068006800F00C00C86210680068C0F3D9
:100E8000001081F828001068006800F060004862D7
:100E900010680068C0F3002080F0010081F8200095
:100EA00010680068C0F34020C87710680068C0F37D
:100EB000802080F00100887710680068C0F3C020AF
:100EC000487710680068C0F3003008771068006841
:100ED00000F4005088611068006800F480404861A8
:100EE00010680068C0F30040887410680068C0F3A0
:100EF000404080F00100487410680068C0F3C040B2
:100F000080F00100087410680068C0F30050C873D6
:100F100010680068C0F34050887310680068C0F320
:100F20008050487310680068C0F3C05008731068A0
:100F3000006800F0E060886010680068C0F3C0607E
:100F400008711068006800F0E040086010684068B0
:100F5000C0F30D00486310684068C0F3004080F0A3
:100F6000010081F8320010684068C0F3404081F809
:100F7000310010684068C0F3804081F8300010688C
:100F80004068C0F3006081F8380010684068C0F322
:100F90004460C8631068C068C0F3002081F8400056
:100FA0001068C06800F00F0048641068006FC0F35C
:100FB000400081F854001068006FC0F3C01080F04A
:100FC000010081F84C001068006F00F070000865A7
:100FD0001068006F000C88641068D0F8900000F072
:100FE000010081F856001068D0F89000C0F340006E
:100FF00081F855001068D0F8000D00F07200886587
:101000001068D0F8300D00F02300C8651068D0F8E3
:10101000300DC0F3C00081F862001068D0F8300DC8
:10102000C0F3001081F861001068D0F8300DC0F3F3
:10103000801080F0010081F86000002017E70000B8
:101040002DE9F04104462068D0F8B050206800F542
:101050008050D0F86061206800F58050D0F834717D
:101060005348D0F8008006F0400060B107F040001F
:1010700048B148F24001206800F58050C0F8601186
:10108000204600F039FB06F0010060B107F00100D6
:1010900048B148F20101206800F58050C0F86011A5
:1010A000204600F0C3FC06F48040C0B307F4804043
:1010B000A8B3D4F8880040F00800C4F8880006F40B
:1010C0008050C8B1206800F58050D0F8600141F22E
:1010D00002110840C4F88C00206800F58050D0F858
:1010E000340120F44041206800F58050C0F83411EC
:1010F000E020C4F884000FE0206800F58050D0F8AC
:10110000600100F4CD40C4F88C004FF4CD4120685C
:1011100000F58050C0F860112046FFF78DFE05F401
:101120008040B0F5804F04D005F40050B0F5005F6A
:1011300012D11434606F40F01000606754F8140C42
:10114000D0F8B800E067E0202067143C2046FFF7A5
:1011500073FE0020C4F8900005F0100060B1206814
:10116000D0F8C00000F06000C4F89400204600F001
:10117000A1F90020C4F8940005F0200060B12068B7
:10118000D0F8D00000F00F00C4F898002046FFF718
:1011900051FE0020C4F8980008F4800030B14FF4EC
:1011A000800003490860204600F050FCBDE8F08153
:1011B000A800005838B504460CB9012038BDD4F851
:1011C000840028B92020C4F88400204600F0BAF832
:1011D00000BF5748006840F00200554908600846C3
:1011E000006800F00200009000BF00BF207A18B92C
:1011F000002001F04FFE03E04FF4000001F04AFE32
:101200004C480068206800F58050006840F00101FB
:10121000206800F58050016000F05EFD05460DE09D
:1012200000F05AFD401BB0F5FA7F07D90420C4F83E
:101230008800E020C4F884000120BFE7206800F5A2
:101240008050006800F001000028E9D1204600F03D
:10125000C1FA01F0A5F83849B0FBF1F0401E216851
:10126000C1F8DC002046FFF7A9F9206800F580509E
:10127000D0F8000120F4E01040F40021206800F5CF
:101280008050C0F80011207D00F0030038B101202B
:10129000C4F88800E020C4F8840001208EE72068AC
:1012A00000F58050D0F8080147F6FE718843616967
:1012B00040EA4101206800F58050C0F8081120463E
:1012C000FFF74AF92046FFF717F96068007961686F
:1012D000497940EA01202168C1F800036068C078BC
:1012E00000066168897840EA01406168497840EA0F
:1012F00001206168097808432168C1F80403206867
:10130000D0F80C070D4908432168C1F80C07206884
:10131000D0F810070A4908432168C1F810070020D7
:10132000C4F888001020C4F88400002046E70000BC
:10133000F44402580404005840420F006000020CBC
:1013400000C0200C10B586B00446142101A8FFF798
:101350005EF85349206888427ED100BF514800683A
:1013600040F400404F4908600846006800F400401F
:10137000009000BF00BF00BF0846006840F4803006
:1013800008600846006800F48030009000BF00BF8D
:1013900000BF0846006840F4003008600846006856
:1013A00000F40030009000BF00BF00BF3D4808308F
:1013B000006840F004003B490831086008460068B6
:1013C00000F00400009000BF00BF00BF08460068A6
:1013D00040F0010008600846006800F0010000903D
:1013E00000BF00BF00BF0846006840F00200086070
:1013F0000846006800F00200009000BF00BF022015
:10140000019002900020039004900B20059001A908
:10141000254800F05DFB862001900220029000200C
:101420000390032004900B20059001A91F4800F0B1
:101430004FFB3020019002200290002003900320F7
:1014400004900B20059001A9174800F041FB4FF4D0
:1014500080600190022000E020E0029000200390D4
:1014600004900B20059001A9114800F031FB4FF4C6
:10147000605001900220029000200390032004900D
:101480000B20059001A90A4800F022FB002205214B
:101490003D2000F03DFD3D2000F026FD06B010BDD2
:1014A00000800240D8440258000802580000025848
:1014B0000004025870472DE9F05F04460F464FF0D4
:1014C0000008C34647B9D4F8880040F00100C4F8CA
:1014D00088000120BDE8F09FD4F88400402801D0A6
:1014E0000120F7E7E66D04F1480050F82650E06E61
:1014F000C0F1040A3FE0E86800F0804018B1696874
:10150000A16729686167E86800F0005008B9E06FDA
:1015100028B3E86800F0005010B100212166616630
:10152000E868C0F30E01606EA1EB0009E86800F006
:10153000805018B1E96821674FF0010B1FFA89F359
:1015400004F18001081F2A6900F0E0F8206E401CB9
:101550002066606E00EB090161660020286100BF13
:10156000761C042E00D3361F00BF04F1480050F84B
:10157000265008F10108E86800F0004020B9D04585
:1015800002D2BBF1000FB6D0E06E00EB0801E166BD
:10159000E06E10B12046FFF7E5FBE665BBF1010FF9
:1015A00005D1E06F38600021E167002092E701205B
:1015B00090E72DE9F04704460F469046994620688B
:1015C000D0F8000200F0010010B10120BDE8F08762
:1015D0002068D0F8005225F0787040EA475525F48D
:1015E000F81040EA084545F00C0545F00105206873
:1015F000C0F8005200F070FB064607E000F06CFBFC
:10160000801BB0F57A7F01D90120DFE72068D0F890
:10161000000200F001000028F0D12068D0F8040298
:1016200080B2C9F800000020D0E72DE9F047064657
:1016300006F11805AF6AEC6A4FF0010831E04FF08F
:1016400001097F1E05F1140050F8240038B900BFCD
:10165000641C042C00D3241F00BF4FF00009B9F113
:10166000000F1ED004EB4401F06800EBC100C0681D
:1016700000F0004098B905F1140151F8240000F081
:10168000DFF9002105F1140040F8241000BF641CAC
:10169000042C00D3241F00BFAF62EC6201E04FF0C6
:1016A000000817B1B8F1000FC9D10020BDE8F087DC
:1016B0007CB504460D4806F0E5FC054685B105F10C
:1016C000200020600A48286140F2F45120682B462F
:1016D0004122CDE900010021084607F023FD04E086
:1016E000012004490870002020607CBDA428010866
:1016F0009D980008AC49002410B5044602480068D3
:1017000007F05CFA10BD0000B04900242DE9F04755
:1017100004460F462146BC460020A2F120000025C9
:101720000560058143810D680DB9086002E0DCF8B1
:1017300000502860CCF80000086803E005891D44CB
:10174000058100680028F9D115461E46002E29DDC6
:1017500005F01F0A0AEB0608A94600BF00BF00BF3C
:10176000BFF34F8F00BF00BF00BF00BFDFF83CA03A
:10177000CAF8009009F12009A8F12008B8F1000F7B
:10178000F4DC00BF00BF00BFBFF34F8F00BF00BF3E
:1017900000BF00BF00BF00BFBFF36F8F00BF00BF1F
:1017A00000BF00BF00BFBDE8F08700005CEF00E0B5
:1017B00070B504460D460DB9012070BDD4F8840003
:1017C000102805D129462046FFF702FA0020F4E749
:1017D0000120F2E770B506463068D0F8004224F4E4
:1017E000706400F0DDFD05461048854202D244F4E5
:1017F000007417E00E48854202D244F4407411E0B0
:101800000C48854200D20DE00B48854202D244F4D8
:10181000807407E00948854202D244F4806401E004
:1018200044F4A0643068C0F8004270BDC00E1602D7
:101830000087930300E1F50580D1F00880B2E60E41
:1018400010B50446D4F88400102853D12020C4F8E1
:1018500084000121A1650421E1662046FFF782FA98
:10186000206800F58050D0F8040140F001012068A4
:1018700000F58050C0F80411206800F58050D0F8C1
:10188000080140F00101206800F58050C0F80811FF
:10189000206800F58050D0F8600140F48171206824
:1018A00000F58050C0F860112068D0F8000D40F0BD
:1018B00001002168C1F8000D2068006840F00200B6
:1018C000216808602068006840F001002168086015
:1018D000206800F58050D0F834014DF2C101084372
:1018E000216801F58051C1F834014020C4F884001A
:1018F000002010BD0120FCE710B50146D1F884009E
:1019000040284FD12020C1F88400086800F580509D
:10191000D0F834014DF2C104A0430C6804F58054A2
:10192000C4F83401086800F58050D0F8040120F0B4
:101930000104086800F58050C0F80441086800F50B
:101940008050D0F8080120F00104086800F58050AC
:10195000C0F808410868006820F001000C682060A9
:101960000868D0F8000D40F001000C68C4F8000DC4
:101970000868006820F002000C682060002208E07F
:1019800001F1480050F82230D86820F08040D8603B
:10199000521C042AF4D300248C651020C1F8840062
:1019A000002010BD0120FCE770B504460D463DB98E
:1019B000D4F8880040F00100C4F88800012070BD10
:1019C000D4F8840040282ED1696BE16301222946B6
:1019D0002046FEF7A9FE38B1D4F8880040F0020096
:1019E000C4F888000120EAE700BF00BF00BFBFF3D2
:1019F0004F8F00BF00BF00BF00BFA06A401CA062A5
:101A0000A06A042802D3A06A001FA06200BF04F1EC
:101A10001800A16A50F82110206800F58050C0F825
:101A200020110020CBE70120C9E7000010B50446D3
:101A30000248006807F0C2F810BD0000B449002455
:101A400010B50446204607F055FE10BD7047000053
:101A50002DE9F04705460F46904699462868D0F88C
:101A6000000200F0010010B10120BDE8F0872868F5
:101A7000D0F8004224F0787040EA475424F4F8107B
:101A800040EA084424F00C00041D44F001041FFA4D
:101A900089F00D4908600D48C0F8004200F01CF9BB
:101AA000064607E000F018F9801BB0F57A7F01D9EF
:101AB0000120DAE72868D0F8000200F001000028D1
:101AC000F0D100BFD1E70000048202400080024054
:101AD000F8B502460B4600216F4DD7E001278F4035
:101AE0001E6806EA0704002C72D01E7906F0030671
:101AF000012E04D01E7906F00306022E13D1906841
:101B00004F000326BE40B0434F00DE68BE40304366
:101B10009060506801268E40B0431E79C6F30016CF
:101B20008E40304350601E7906F00306032E09D024
:101B3000D0684F000326BE40B0434F009E68BE40B1
:101B40003043D0601E7906F00306022E13D1CF0871
:101B500002F1200656F827004E07F70E0F26BE406A
:101B6000B0434F07FF0E1E69BE403043CF0802F15D
:101B7000200646F8270010684F000326BE40B043F9
:101B80001E7906F003064F00BE40304310605E68C9
:101B900006F44036002E78D000BF404E366846F03E
:101BA00002063E4F3E603E46366806F0020600964C
:101BB00000BF00BF3A4E8F0856F827008E07370F38
:101BC0000F26BE40B043374EB24202D100262EE06F
:101BD0005BE0354EB24201D1012628E0334EB242DD
:101BE00001D1022623E0324EB24201D103261EE08B
:101BF000304EB24201D1042619E02F4EB24201D13B
:101C0000052614E02D4EB24201D106260FE02C4EDF
:101C1000B24201D107260AE02A4EB24201D108267B
:101C200005E0294EB24201D1092600E00A268F07BD
:101C30003F0FBE4030431A4E8F0846F827004FF042
:101C4000B0463068A0435E6806F4801606B12043B3
:101C50004FF0B04630607068A0435E6806F400162E
:101C600006B120434FF0B04670606868A0435E68DC
:101C700006F4003606B1204368602868A0435E6819
:101C800006F4803606B120432860491C1E68CE4009
:101C9000002E7FF423AFF8BD80000058F4440258B2
:101CA00008040058000002580004025800080258B6
:101CB000000C025800100258001402580018025874
:101CC000001C0258002002580024025801480068F5
:101CD000000C70470010005C01480068704700006D
:101CE00094490024034800680349097808440149DD
:101CF00008607047944900249C49002410B50320D3
:101D000000F044F900F084FB10490968C1F3032195
:101D10000F4A515C01F01F0120FA01F40B480068E2
:101D200000F00F001146085C00F01F0024FA00F0DC
:101D300008490860084804600F2000F00FF808B157
:101D4000012010BD00F0B8F80020FAE7184402584E
:101D500094280108A4490024A049002470B58AB041
:101D60000446102C0AD200222146192000F0D0F897
:101D7000192000F0B9F81948046002E001200AB007
:101D800070BD00BF1648006840F0010014490860AB
:101D90000846006800F00100009000BF00BF01A9E4
:101DA00002A800F0C7FA00F021FB06460D48B6FB7A
:101DB000F0F0451E0C480D49086040F2E7310B4831
:101DC000C160456000210161816001F070F818B9BF
:101DD000064801F0A5F8D2E70120D0E79849002491
:101DE000F044025840420F0000000140784D0024AA
:101DF0004178154A116014490831096821F0010140
:101E0000114A08321160121F41681160017B0907F5
:101E1000C27A41EA0261827A41EAC241427B41EAE6
:101E20008241827B41EA4241C27B41EA0241427ADD
:101E300041EA0221027A41EA420102781143024A50
:101E4000083211607047000098ED00E000BF00BF4D
:101E500000BFBFF35F8F00BF00BF00BF0548006831
:101E600020F4803003490860002002497031086086
:101E70007047000024ED00E040F001010D4A1160C0
:101E80000C497039096841F480310A4A703A11608E
:101E900000BF00BF00BFBFF34F8F00BF00BF00BF38
:101EA00000BF00BF00BFBFF36F8F00BF00BF00BF08
:101EB0007047000094ED00E008B500BF09480068D5
:101EC00040F00200074908600846006800F0020080
:101ED000009000BF00BF00220F21901E00F018F8F4
:101EE00008BD0000F44402580146084600280DDBF6
:101EF00000BF00BF00F01F0301229A4043099B006E
:101F000003F1E023C3F8002100BF00BF00BF70470A
:101F10002DE9F05F80460D46164602F027F9074688
:101F200039462A46334601F00700C0F1070ABAF1E4
:101F3000040F02D94FF0040A01E0C0F1070AD146AC
:101F400000F1040ABAF1070F02D24FF0000A01E0D3
:101F5000A0F1030AD4464FF0010A0AFA09FAAAF1DD
:101F6000010A0AEA020A0AFA0CFA4FF0010B0BFA0C
:101F70000CFBABF1010B0BEA030B4AEA0B04214605
:101F8000404602F0FBF8BDE8F09F000000BF00F003
:101F90000702064B19684FF6FF031940044B0B4329
:101FA00043EA0221014B196000BF70470CED00E0CD
:101FB0000000FA0570B5044615480068C0F38000BB
:101FC00048B91348006800F00700A04201D0012082
:101FD00070BD0020FCE70E48006820F00700204399
:101FE0000B490860FFF778FE054607E0FFF774FE2F
:101FF000401BB0F57A7F01D90120E9E70448083891
:102000000068C0F340300028F0D00020E0E7000076
:102010000C4802582DE9F04104460D4614B9012040
:10202000BDE8F081BD48006800F00F00A8420ED264
:10203000BA48006820F00F002843B84908600846F5
:10204000006800F00F00A84201D00120E8E72078E6
:1020500000F0040004280ED1B1492069096801F09C
:102060007001884207D9AE48006820F070002169ED
:102070000843AB490860207800F00800082811D117
:10208000A749091D6069096801F07001884209D9F2
:10209000A348001D006820F0700061690843A04952
:1020A000091D0860207800F01000102811D19C490B
:1020B000091DA069096801F4E061884209D99848BE
:1020C000001D006820F4E060A16908439449091DDF
:1020D0000860207800F02000202811D190490831B4
:1020E000E069096801F07001884209D98C4808301C
:1020F000006820F07000E1690843894908310860F0
:10210000207800F0020002280ED18549E0680968B5
:1021100001F00F01884207D98148006820F00F00C4
:10212000E16808437E490860207800F0010000283B
:1021300050D07B48006820F47060A168084378495B
:1021400008606068022807D1754818380068C0F335
:102150004040F8B9012063E76068032807D1704860
:1021600018380068C0F34060A0B9012058E76068E3
:10217000012807D16A4818380068C0F3002048B920
:1021800001204DE7664818380068C0F3800008B9A0
:10219000012045E762480838006820F007006168C0
:1021A00008435F4908390860FFF796FD064608E0D6
:1021B000FFF792FD801B41F28831884201D903204C
:1021C0002EE757480838006800F038006168B0EB27
:1021D000C10FEDD1207800F0020002280ED1504945
:1021E000E068096801F00F01884207D24C48006896
:1021F00020F00F00E168084349490860474800683B
:1022000000F00F00A8420ED94448006820F00F00EB
:102210002843424908600846006800F00F00A842C1
:1022200001D00120FCE6207800F0040004280ED143
:102230003B492069096801F07001884207D238489B
:10224000006820F070002169084335490860207853
:1022500000F00800082811D13149091D606909689A
:1022600001F07001884209D22D48001D006820F05D
:102270007000616908432A49091D0860207800F050
:102280001000102811D12649091DA069096801F420
:10229000E061884209D22248001D006820F4E06015
:1022A000A16908431E49091D0860207800F020003C
:1022B000202811D11A490831E069096801F070013C
:1022C000884209D216480830006820F07000E169A1
:1022D000084313490831086000F09AF8104909686A
:1022E000C1F303210F4A515C01F01F0120FA01F7ED
:1022F0000B48006800F00F001146085C00F01F005A
:1023000027FA00F008490860084807600848006894
:10231000FFF724FD8046404682E600000020005280
:102320001844025894280108A4490024A049002414
:10233000984900243F220260174A126802F00702FF
:102340004260154A0832126802F470628260124AD2
:102350000832126802F00F02C2600F4A0832126897
:1023600002F0700202610C4A0C32126802F0700234
:102370004261094A0C32126802F4E0628261064A44
:102380001032126802F07002C261044A126802F050
:102390000F020A60704700001044025800200052EB
:1023A00010B500F035F80D490968C1F303210C4A56
:1023B000515C01F01F0120FA01F40848006800F0A8
:1023C0000F001146085C00F01F0024FA00F00549D8
:1023D0000860054804600846006810BD18440258AB
:1023E00094280108A4490024A049002400B5FFF75F
:1023F000D7FF05490968C1F30221044A515C01F085
:102400001F01C84000BD00001C4402589428010868
:10241000F0B5824E366806F0380636B1082E15D073
:10242000102E15D0182E7DD114E07C4E103E36684B
:10243000C6F3401646B1794E103E3668C6F3C10762
:10244000774E26FA07F000E07548E5E07548E3E0CE
:102450007548E1E0714E1836366806F003046F4E99
:1024600018363668C6F305116C4E1C36366806F011
:1024700001056A4E24363668C6F3CC0616FB05F60F
:1024800001EE106AB8EE410A002971D024B1012C86
:1024900050D0022C6DD16DE0604E103E3668C6F310
:1024A00040163EB35D4E103E3668C6F3C1075C4E23
:1024B00026FA07F301EE103AF8EE411A01EE101A6F
:1024C000B8EE411A81EE812A9FED581AC0EE011A2A
:1024D000524E20363668C6F3080601EE106AB8EE92
:1024E000411A31EE811AF7EE001A31EE211A62EE2E
:1024F000010A1EE001EE101AB8EE411ADFED4C1A87
:1025000081EE812A9FED491AC0EE011A434E203612
:102510003668C6F3080601EE106AB8EE411A31EECD
:10252000811A00E076E0F7EE001A31EE211A62EE31
:10253000010A5BE001EE101AB8EE411A9FED3D2A48
:10254000C2EE011A9FED391A80EE012A334E203671
:102550003668C6F3080601EE106AB8EE411A32EE8C
:10256000011AB7EE002A31EE021A61EE810A3DE04F
:102570004EE01DE001EE101AB8EE411ADFED2E1A02
:1025800081EE812A9FED291AC0EE011A234E2036D2
:102590003668C6F3080601EE106AB8EE411A31EE4D
:1025A000811AF7EE001A31EE211A62EE010A1DE0DF
:1025B00001EE101AB8EE411A9FED1E2AC2EE011A62
:1025C0009FED1A1A80EE012A144E20363668C6F3A3
:1025D000080601EE106AB8EE411A32EE011AB7EEA3
:1025E000002A31EE021A61EE810A00BF00BF0B4ED5
:1025F00020363668C6F34626721C01EE102AB8EE65
:10260000411AC0EE811ABCEEE11A11EE100A00E088
:10261000002001E0034800BF00BFF0BD1044025895
:102620000090D00300093D0040787D010000004685
:102630000024744C0024744A20BCBE4B2DE9F047A2
:10264000044614B90120BDE8F087207800F00100AD
:10265000002870D0FA48006800F03808F8481830B0
:10266000D0F80090B8F1100F06D0B8F1180F0FD1C4
:1026700009F0030002280BD1F14810380068C0F3BC
:10268000404000286AD06068002867D10120DAE75E
:1026900000BF6068B0F5803F08D1E9481038006895
:1026A00040F48030E649103908602EE0606868B96F
:1026B000E3481038006820F48030E14910390860A0
:1026C0000846006820F4802008601EE06068B0F5CD
:1026D000A02F0DD1DA481038006840F48020D84986
:1026E000103908600846006840F4803008600CE04B
:1026F000D3481038006820F48030D1491039086080
:102700000846006820F48020086000BF606898B127
:10271000FFF7E2FA054606E0FFF7DEFA401B642801
:1027200001D903208FE7C64810380068C0F3404045
:102730000028F1D012E012E0FFF7CEFA054606E0DD
:10274000FFF7CAFA401B642801D903207BE7BC4885
:1027500010380068C0F340400028F1D100BF207855
:1027600000F00200022874D1B548006800F0380873
:10277000B3481830D0F80090B8F1000F05D0B8F188
:10278000180F56D109F00300D0BBAD4810380068CF
:10279000C0F3800018B1E06808B9012053E7A848E9
:1027A0001038006820F01900E1680843A449103986
:1027B0000860FFF791FA054606E0FFF78DFA401B27
:1027C000022801D903203EE79D4810380068C0F375
:1027D00080000028F1D000BFFFF778FA41F2030132
:1027E00088421AD8206940280BD195480C380068D7
:1027F00020F47C3040F4003091490C39086017E037
:1028000017E08F480C38006820F47C30216940EADA
:1028100001308B490C3908600AE089480C3800689F
:1028200020F0FE40217C40EA016085490C390860B7
:1028300066E0E06888B382481038006820F019002C
:10284000E16808437E4910390860FFF745FA0546FC
:1028500007E056E0FFF740FA401B022801D90320A9
:10286000F1E6774810380068C0F380000028F1D006
:1028700000BFFFF72BFA41F2030188421AD8206902
:1028800040280BD16E480C38006820F47C3040F4AE
:1028900000306B490C39086017E017E068480C38C5
:1028A000006820F47C30216940EA013064490C3929
:1028B00008600AE062480C38006820F0FE40217C85
:1028C00040EA01605E490C39086019E05C48103844
:1028D000006820F001005A4910390860FFF7FCF940
:1028E000054606E0FFF7F8F9401B022801D903204E
:1028F000A9E6534810380068C0F380000028F1D1E1
:1029000000BF207800F0100010287CD14C480068EF
:1029100000F038084A481830D0F80090B8F1080F95
:1029200006D0B8F1180F3DD109F00300012839D1C4
:10293000434810380068C0F3002020B1E0698028C7
:1029400001D001207FE600BFFFF7C0F941F203018B
:1029500088421AD8206A20280AD139480C380068E1
:1029600020F0F84040F0804035490C39086018E00C
:1029700033480C38006820F0F84094F8201040EA02
:1029800081602F490C3908600BE02D48001F00685A
:1029900020F07C5094F8201040EA01602849091F7B
:1029A000086066E0E06978B325481038006840F0B8
:1029B0008000234910390860FFF78EF9054606E0CC
:1029C000FFF78AF9401B022801D903203BE61C4887
:1029D00010380068C0F300200028F1D000BFFFF7D6
:1029E00075F941F2030188421CD8206A20280CD1D5
:1029F00013480C38006820F0F84040F0804010493F
:102A00000C3908601AE035E01CE00D480C3800680D
:102A100020F0F84094F8201040EA816008490C3911
:102A200008600BE00648001F006820F07C5094F816
:102A3000201040EA01600249091F086019E0000007
:102A400010440258FA48006820F08000F8490860F5
:102A5000FFF742F9054606E0FFF73EF9401B022862
:102A600001D90320EFE5F2480068C0F300200028F8
:102A7000F2D100BF207800F00800082836D1606944
:102A8000D0B1EB487430006840F00100E84974317F
:102A90000860FFF721F9054606E0FFF71DF9401B26
:102AA000022801D90320CEE5E14874300068C0F364
:102AB00040000028F1D019E0DD487430006820F0B3
:102AC0000100DB4974310860FFF706F9054606E0AE
:102AD000FFF702F9401B022801D90320B3E5D448CF
:102AE00074300068C0F340000028F1D1207800F075
:102AF0002000202830D1A069B8B1CD48006840F44A
:102B00008050CB490860FFF7E7F8054606E0FFF77D
:102B1000E3F8401B022801D9032094E5C44800686B
:102B2000C0F340300028F2D016E0C148006820F41D
:102B30008050BF490860FFF7CFF8054606E0FFF771
:102B4000CBF8401B022801D903207CE5B848006877
:102B5000C0F340300028F2D1207800F004000428AF
:102B60007DD1B448006840F48070B2490860FFF736
:102B7000B3F8054606E0FFF7AFF8401B642801D91B
:102B8000032060E5AB48006800F480700028F2D0B4
:102B900000BFA068012808D1A5487030006840F047
:102BA0000100A349703108602DE0A06868B9A04811
:102BB0007030006820F001009D49703108600846BF
:102BC000006820F0040008601DE0A06805280DD111
:102BD00097487030006840F00400954970310860F3
:102BE0000846006840F0010008600CE09048703032
:102BF000006820F001008E497031086008460068C6
:102C000020F00400086000BFA068A0B1FFF764F8DE
:102C1000054608E0FFF760F8401B41F28831884222
:102C200001D903200FE5824870300068C0F34000EE
:102C30000028EFD013E0FFF74FF8054608E0FFF754
:102C40004BF8401B41F28831884201D90320FAE455
:102C5000774870300068C0F340000028EFD1606A08
:102C600000287DD072481030006800F03800182825
:102C700077D0606A022875D16D48006820F08070B6
:102C80006B490860FFF728F8054606E0FFF724F8CF
:102C9000401B022801D90320D5E465480068C0F331
:102CA00040600028F2D100BFD4E90A1041EA0010C8
:102CB0005F492831096840F2F332914308435C4987
:102CC00028310860208E401EC0F30800616B491E49
:102CD0004FF47E4202EA41210843218F491ED2016E
:102CE00002EA014108433C21095D491E120202EA41
:102CF000016108434E493031086000BF081F006879
:102D000020F00100091F08604948343000684FF680
:102D1000F8718843A16C40EAC1004549343108602C
:102D200043482C30006820F00C00216C08434049D7
:102D30002C3108600846006820F00200616C0843EE
:102D40003B492C3108600846006840F48030086038
:102D50000846006840F4003008600846006802E059
:102D600093E038E01FE040F48020086008460068E7
:102D700040F0010008602E48006840F080702C4947
:102D80000860FEF7A9FF054606E0FEF7A5FF401B19
:102D9000022801D9032056E425480068C0F34060AA
:102DA0000028F2D071E02248006820F080702049AD
:102DB0000860FEF791FF054606E0FEF78DFF401B19
:102DC000022801D903203EE419480068C0F340609E
:102DD0000028F2D159E016482830076814483030EE
:102DE0000668606A012821D007F00301A06A8142C9
:102DF0001CD1C7F30511E06A884217D1C6F3080158
:102E0000206B401E814211D1606B401EC6F34621EB
:102E100088420BD1A06B401EC6F30641884205D103
:102E2000E06B401EC6F30661884205D001200AE42B
:102E3000004402580048025815480068C0F3CC0707
:102E4000A06CB84221D012480838006820F0010078
:102E50000F4908390860FEF73FFF054600BFFEF73F
:102E60003BFF401BFBD00A4800684FF6F8718843CF
:102E7000A16C40EAC10006490860054808380068AE
:102E800040F0010002490839086000204AE40000CF
:102E9000344402580349096821F460010143014A9E
:102EA000116070470404005870477047704710B5B0
:102EB00004460CB9012010BD94F83D0028B900204B
:102EC00084F83C00204600F029F8022084F83D00F8
:102ED000211D206800F012FF012084F8480000BF87
:102EE00084F83E0001213F2001554020015541203A
:102EF0000155422001554320015500BF00BF01206C
:102F000084F84400452001554620015547200155CD
:102F100000BF012084F83D000020CCE7704700008E
:102F2000014691F83D00012801D0012070470220A0
:102F300081F83D000868C06840F001000B68D86067
:102F40001C4B086898421BD00868B0F1804F17D01E
:102F5000194B0868984213D0184B086898420FD054
:102F6000174B086898420BD0164B0868984207D058
:102F7000154B0868984203D0144B0868984210D14A
:102F800008688068124B00EA0302062A0FD0B2F5E7
:102F9000803F0CD00868006840F001000B681860A2
:102FA00005E00868006840F001000B681860002028
:102FB000BCE70000000001400004004000080040A1
:102FC000000C004000040140001800400040014097
:102FD00007000100704770B504462068C668206885
:102FE000056905F00200022819D106F00200022846
:102FF00015D1401F21680861012020772068806971
:1030000000F0030018B12046FFF7E4FF05E020467A
:1030100000F0ADF8204600F0ABF80020207705F076
:103020000400042819D106F00400042815D1C04377
:1030300021680861022020772068806900F44070D0
:1030400018B12046FFF7C6FF05E0204600F08FF8D4
:10305000204600F08DF80020207705F008000828B1
:1030600019D106F00800082815D1C043216808616D
:10307000042020772068C06900F0030018B12046C2
:10308000FFF7A8FF05E0204600F071F8204600F0A9
:103090006FF80020207705F01000102819D106F0F5
:1030A0001000102815D1C04321680861082020773E
:1030B0002068C06900F4407018B12046FFF78AFF0D
:1030C00005E0204600F053F8204600F051F80020BB
:1030D000207705F0010048B106F0010030B16FF033
:1030E000010021680861204600F044F805F08000E6
:1030F000802804D005F40050B0F5005F0AD106F036
:103100008000802806D16FF40250216808612046B3
:10311000FFF7CBFE05F48070B0F5807F0AD106F092
:103120008000802806D16FF48070216808612046F5
:10313000FFF7BAFE05F04000402809D106F0400034
:10314000402805D1C04321680861204600F01EF8E0
:1031500005F02000202809D106F02000202805D104
:10316000C043216808612046FFF7A0FE70BD70478C
:103170007047000010B5044603492068884201D119
:10318000FEF7B0FD10BD000000000140704700BF19
:10319000FEE738B50446002000906A4601216369C5
:1031A00020689847002802DA6FF0040038BD6A46AC
:1031B0000121636920689847002802DA6FF0040053
:1031C000F4E7009800F0040008B90120EEE76A4631
:1031D0000021636920689847002802DA6FF0040034
:1031E000E4E7009800F48050B0F5805F1FD00098AD
:1031F00000F40050B0F5005F07D1009800F4807033
:10320000B0F5807F01D10220D0E7009800F4005093
:10321000B0F5005F01D10320C8E7009800F480708A
:10322000B0F5807F01D10420C0E70520BEE76A46E3
:103230001F21636920689847002802DA6FF00400B4
:10324000B4E7009800F4805008B90620AEE7009873
:1032500000F01C00182801D10220A7E7009800F018
:103260001C00082801D10320A0E7009800F01C00F2
:10327000142801D1042099E7052097E7F8B5044602
:103280000020009000250026606830BBA06808B1CF
:10329000A068804720202060002513E06A461221A4
:1032A000284663699847002802DA6FF0040608E0B0
:1032B000009800F01F00A84202D12560002603E01C
:1032C00000BF6D1C1F2DE9D900BF20681F2801D940
:1032D0006FF002060EB9012060603046F8BD02466C
:1032E0002AB1C86818B1886808B1086910B94FF0E8
:1032F000FF307047086890604B68D360CB685361BB
:103300008B6813610B6993610020F2E71FB5002001
:103310000090019002900390FEF798FD01208DF837
:10332000000000208DF8010001901F208DF808009A
:1033300087208DF8090000208DF80A008DF80B0019
:1033400001208DF80C008DF80D0000208DF80E0086
:103350008DF80F006846FEF74BFD01208DF8010047
:103360001548019010208DF8080000208DF8090004
:1033700001208DF80A0003208DF80B0000208DF845
:103380000D006846FEF734FD02208DF801000B4861
:10339000019008208DF8080000208DF80A00012017
:1033A0008DF80D008DF80F006846FEF721FD042012
:1033B000FEF762FD1FBD0000000002300000043077
:1033C00008B500BF1348006840F0040011490860C8
:1033D0000846006800F00400009000BF00BF00BF76
:1033E0000846006840F0010008600846006800F0E8
:1033F0000100009000BF00BF00BF0846006840F019
:10340000020008600846006800F00200009000BF5B
:1034100000BF08BDE044025800B58BB0C02083490E
:103420000870A82048700A208870C870FF20804962
:103430000870487088700020C8707E490870487015
:103440008870C870002108460DF044FA774800786B
:1034500000067649497840EA01407449897840EA93
:1034600001207249C97808430206704800780006B6
:103470006E49497840EA01406C49897840EA012068
:103480006A49C978084300F47F4042EA002267484D
:10349000007800066549497840EA01416348807830
:1034A00041EA00206149C978084300F47F0042EAFC
:1034B00010225E48007801065C48407841EA0041ED
:1034C0005A48807841EA00205849C978084342EABE
:1034D00010605949086056480078000654494978F8
:1034E00040EA01405249897840EA01205049C978B0
:1034F000084302064E48007800064D49497840EAE4
:1035000001404B49897840EA01204949C97808437C
:1035100000F47F4042EA0022454800780006444912
:10352000497840EA01414248807841EA0020404918
:10353000C978084300F47F0042EA10223C48007832
:1035400001063B48407841EA00413948807841EA29
:1035500000203749C978084342EA106037490860BB
:103560003448007800063349497840EA014031493F
:10357000897840EA01202F49C978084302062D487E
:10358000007800062B49497840EA014029498978AA
:1035900040EA01202749C978084300F47F4042EA05
:1035A00000222448007800062249497840EA014177
:1035B0002048807841EA00201E49C978084300F479
:1035C0007F0042EA10221B48007801061948407823
:1035D00041EA00411748807841EA00201549C9783E
:1035E000084342EA1060164908601648164900224E
:1035F000134BCDE900210290104A0F49134804F003
:103600008DFD124804F0FCFF104805F039F910490F
:103610000E4805F061F81C220E4904A8FCF7D0FE04
:103620000A4904A805F026FB0BB000BDD8490024C8
:10363000DC490024E0490024CC490024D04900247E
:10364000D4490024CD0A010819580008CC4E0024A2
:103650003D560008CC28010800BFFEE700BFFEE78A
:1036600010B507A1002000F0EBF80FA1002000F03A
:10367000E7F8174817A10268002000F0EEF810BD27
:10368000534547474552205265616C2D54696D651D
:103690002D5465726D696E616C2053616D706C653F
:1036A0000D0A0D0A000000002323232323232054A6
:1036B000657374696E67205345474745525F707262
:1036C000696E74662829202323232323230D0A00EF
:1036D0008C490024636F756E7465723A2025640D01
:1036E0000A00000008B5022000231A46194600907F
:1036F000184600F001F808BD2DE9F05F05460F46B9
:103700009046994600BFDFF864B09BF8000053284C
:1037100001D000F05FFB00BFDFF850A0032D1FD2E7
:10372000EFF311810846202181F3118800BF00BF0B
:1037300005EB45020AF1180101EBC2043DB1276017
:10374000C4F80480C4F8089000212161E1600A995E
:103750006161C1B281F3118800BF00BF002601E0A2
:103760004FF0FF363046BDE8F09F000094BD0024C6
:103770002DE9F04104460D46164600BF0E4F38783D
:10378000532801D000F026FB00BFEFF3118007465D
:10379000202080F3118800BF00BF32462946204612
:1037A00000F00CF88046F8B280F3118800BF00BF2B
:1037B0004046BDE8F081000094BD00242DE9F047AB
:1037C000074688461646C24607EB47011B4800EBF2
:1037D000C109D9F8140020B1012811D0022826D13E
:1037E0001EE0484600F02EFB0546B54201D20024FB
:1037F00005E0344632465146484600F07AFC18E06F
:10380000484600F01FFB0546B54201D2284600E0BD
:103810003046044622465146484600F06AFC08E01D
:1038200032465146484600F029FC044601E0002497
:1038300000BF00BF2046BDE8F0870000ACBD0024FB
:1038400070B505460C462046FCF7ECFD06463246B0
:1038500021462846FFF78CFF70BD0FB438B50446EB
:1038600006A800906A462046059900F007F805462C
:1038700000200090284638BC5DF814FB2DE9F74F76
:1038800098B00D46144602A81390402014900020D2
:103890001590189817900020169000BF2E786D1C78
:1038A00006B9FBE0252E73D100274FF0010A00BFB7
:1038B0002E78232E12D02B2E0CD02D2E02D0302E6F
:1038C00010D103E047F001076D1C0EE047F002073E
:1038D0006D1C0AE047F004076D1C06E047F008077E
:1038E0006D1C02E04FF0000A00BF00BFBAF1000FEC
:1038F000DED14FF0000900BF2E78302E01DB392ECB
:1039000000DD07E06D1CA6F1300009EB890100EB3A
:103910004109F1E700BF0020129080462E782E2E3C
:103920001ED16D1C28782A2808D16D1C0120129008
:103930002168081D2060D1F8008011E000BF2E78BA
:10394000302E01DB392E00DD09E0012012906D1CC4
:10395000A6F1300008EB880100EB4108EFE700BF5B
:103960002E7800BF6C2E01D0682E02D16D1C2E78EF
:1039700000E000E0F6E700BF702E6CD009DC252ED9
:103980007BD0582E35D0632E0AD0642E7AD113E026
:103990007CE0732E3BD0752E1CD0782E72D127E0A0
:1039A0002168081D2060D1F800A00AF0FF0B5946DD
:1039B00013A800F041FB66E02168081D2060D1F8E3
:1039C00000A043460A22514613A8CDE9009700F013
:1039D00047FA58E02168081D2060D1F800A043464E
:1039E0000A22514613A8CDE9009700F0AFFA4AE049
:1039F00000BF2168081D2060D1F800A043461022B6
:103A0000514613A8CDE9009700F0A0FA3BE02168E9
:103A1000081D2060D1F800B0BBF1000F03D10FF2F8
:103A2000A40B0020129000BF9BF800600BF1010B6B
:103A300006B90EE0129818B1B8F1000F00D108E0F5
:103A4000314613A800F0F8FAA8F1010816980028EA
:103A5000EADA00BF17E02168081D2060D1F800A055
:103A6000002008210B461022CDE90010514613A872
:103A700000F06CFA07E000E004E0252113A800F054
:103A8000DBFA00E000BF00BF6D1C03E0314613A865
:103A900000F0D2FA16980028BFF600AF00BF1698C3
:103AA00000280ADD159820B102A9159A1898FFF789
:103AB0005FFEDDE915100844169016981BB0BDE8AE
:103AC000F08F0000284E554C4C290000FFF7A4FC55
:103AD00000BFFFF7C5FD05480068401C03490860AA
:103AE0004FF47A7004F02CFFF3E700008C490024B7
:103AF00010B500BF502080F31188BFF34F8FBFF384
:103B00006F8F00BF0EF086FC18B14FF08050044953
:103B1000086000BF002080F3118800BF10BD0000C6
:103B200004ED00E000B59DB04C210AA8FCF76FFC45
:103B3000202102A8FCF76BFC0220FEF73BFA00BF35
:103B4000002001902148006820F001001F49086012
:103B50000846006800F0010001901D48006820F44C
:103B6000404040F480401A4908600846006800F46C
:103B70004040019000BF00BF00BF1548006800F43E
:103B80000050B0F5005FF8D102200A9001200D909E
:103B900040200E90002013900AA8FEF74FFD08B1B8
:103BA000FDF733F93F200290002003900490059028
:103BB0000690079008900990012102A8FEF72AFAC2
:103BC00008B1FDF722F91DB000BD00002C0400581B
:103BD0001848025808B53B48006840F4700039495D
:103BE00008603948006800F00F00072806D2364800
:103BF000006820F00F00C01D33490860334800689A
:103C000040F001003149086000203049103108605F
:103C10002E4800682E4908402C4908602A48006850
:103C200000F00F00072806D92748006820F00F0091
:103C3000C01D254908600020244918310860091D6D
:103C40000860091D0860234820492831086022487F
:103C5000091D08602148091D08600020091D086031
:103C60001E48091D08600020091D08601B48091D29
:103C700008600020091D08601448006820F48020B6
:103C8000124908600020114960310860144800683A
:103C90006FF30F00B0F1005F02D2012011490860FC
:103CA0000A48DC30006840F060400849DC310860B8
:103CB00008460068009000BF43F2D2000A4908603D
:103CC00008BD000088ED00E00020005200440258CA
:103CD0007FEDF6EA000202020000FF01800201010E
:103CE0000010005C088100510040005210B50248ED
:103CF000FFF771F910BD0000784D002410B502687F
:103D00002B4B98420ED0B0F1804F0BD0294B9842EC
:103D100008D0294B984205D0284B984202D0284B16
:103D2000984203D122F070024B681A43204B98420C
:103D300017D0B0F1804F14D01E4B984211D01E4BBB
:103D400098420ED01D4B98420BD01D4B984208D084
:103D50001C4B984205D01C4B984202D01B4B9842FA
:103D600003D122F44072CB681A4322F080034C69DD
:103D700043EA04028B68C3620B6883620C4B98426F
:103D80000BD00F4B984208D00E4B984205D00E4BEB
:103D9000984202D00D4B984201D10B69036303682E
:103DA00043F00403036001234361026010BD00007F
:103DB000000001400004004000080040000C0040EA
:103DC000000401400040014000440140004801401F
:103DD00000BFFEE770B5144CA8212046FCF717FB86
:103DE00003202061606111A0A0611349E1614FF4DB
:103DF000806121620021A1626162E1620BA0206604
:103E00000E4961661021A16600212167E1666167A4
:103E1000002505E0C5F10F000949085C60556D1CDF
:103E2000102DF7D370BD000094BD00245465726D51
:103E3000696E616C000000003CBE00243CC200249E
:103E4000602A010810B501460A69CB689A4204D875
:103E50008C68641EE41AA01801E0D41A601E10BD1C
:103E60002DE9FC5F06460F4692469846DDE90C4573
:103E7000002F01DA784200E0384683464FF001090E
:103E800003E09BFBFAFB09F10109D345F9DAC845C8
:103E900000D9C14634B1002F03DB05F0040004282B
:103EA00000D1641E05F0020010B1B8F1000F11D06E
:103EB00005F0010070B96CB108E0641E20213046A5
:103EC00000F0BAF8F068002800DA02E00CB1A14571
:103ED000F3D300BFF068002836DB002F05DA7F42FD
:103EE0002D21304600F0A8F807E005F00400042872
:103EF00003D12B21304600F09FF8F068002823DB27
:103F000005F00200022814D105F0010088B9B8F1CB
:103F1000000F0ED16CB108E0641E3021304600F075
:103F20008BF8F068002800DA02E00CB1A145F3D369
:103F300000BFF068002807DB43465246394630464A
:103F4000CDE9004500F002F8BDE8FC9F2DE9FC5FDB
:103F50008046894615461E460C9CCDF804900127E4
:103F6000BB4605E00198B0FBF5F001900BF1010BA9
:103F70000198A842F6D25E4500D9B3460D9800F0EC
:103F80000100D0B9CCB10D9800F00200022803D195
:103F900016B93020009001E02020009009E0641E56
:103FA0004046009900F048F8D8F80C00002800DAE4
:103FB00002E00CB1A345F2D300BFD8F80C000028F2
:103FC00035DB09E0012E01D9761E04E0B9FBF7FAD2
:103FD000AA4500D201E06F43F4E700BF00BFB9FB80
:103FE000F7FA0AFB1799134810F80A10404600F038
:103FF00023F8D8F80C00002800DA03E0B7FBF5F747
:10400000002FECD100BF0D9800F0010078B174B121
:1040100009E0641E2021404600F00EF8D8F80C009C
:10402000002800DA02E00CB1A345F2D300BFBDE8DE
:10403000FC9F0000712A010870B504460E46A56871
:10404000681C6168814206D320684655681CA060E0
:10405000E068401CE060D4E9011088420DD1A268FC
:1040600021682069FFF784FBA168884203D04FF0E4
:10407000FF30E06001E00020A06070BD2DE9F05F3E
:104080000446894617464FF0000AE56800BFD4F899
:104090001080A84503D9A8EB0500461E04E0A5EB57
:1040A0000800401CA1680E1AA068401BB04201D94C
:1040B000304601E0A068401B0646BE4201D23046B1
:1040C00000E038460646606800EB050B324649467C
:1040D0005846FCF775F9B244B144BF1B3544A0689B
:1040E000A84200D10025E560002FD0D15046BDE8A0
:1040F000F09F2DE9F047044689461546E668A0681A
:10410000871BAF420AD9606800EB060A2A46494677
:104110005046FCF755F97019E06014E0B846606845
:1041200000EB060A424649465046FCF749F9A5EB22
:104130000708D4F804A009EB070142465046FCF7F3
:104140003FF9C4F80C80BDE8F08700000FB4054BC0
:1041500010B503A9044A029800F034F810BC5DF8C9
:1041600014FB0000F1580008204B002402480068AE
:10417000C0F30220704700000CED00E010B50028ED
:1041800004DB0A07130E054A135406E00A07140E4F
:10419000034A00F00F031B1FD45410BD00E400E0DD
:1041A00018ED00E002E008C8121F08C1002AFAD189
:1041B00070477047002001E001C1121F002AFBD1A7
:1041C000704700002DE9FF4F8BB08846054600265A
:1041D00006E025280BD0DDE90D1290476D1C761CFA
:1041E00028780028F5D10FB03046BDE8F08F0024C4
:1041F000A146A2460122AE4900E0044315F8013F62
:10420000203B02FA03F00842F7D128782A2810D080
:104210006FF02F022878A0F13001092915D809EB99
:10422000890102EB410144F0020400EB01096D1C1D
:10423000F0E758F8041B5FEA010903D544F4005481
:10424000C9F1000944F002046D1C28782E2817D10A
:1042500015F8010F44F004042A280ED06FF02F0245
:104260002878A0F1300109290AD80AEB8A0102EB6B
:10427000410100EB010A6D1CF2E758F804AB6D1C1C
:1042800028786C280FD006DC4C2817D068280DD071
:104290006A2814D104E0742810D07A280FD10DE0D8
:1042A00044F400140AE044F4801401E044F440149F
:1042B0006978814202D104F580146D1C6D1C287848
:1042C000692865D006DC00288DD0632827D06428B3
:1042D00006D15DE06E2808D073282AD0752877D0E3
:1042E000DDE90D129047761CE0E0C4F3025002288D
:1042F00009D003280DD0D8F8001004280DD00E6086
:1043000008F10408D2E0D8F80010F217C1E9006201
:10431000F6E7D8F800100E80F2E70E70F0E718F814
:10432000041B8DF8001000208DF80100EB460120E1
:1043300003E058F804BB4FF0FF3061074FF000076F
:1043400001D40AE07F1C57450DDA8742FADB1BF8DF
:1043500007100029F6D106E07F1C8742FCDB1BF822
:1043600007100029F8D1DDE90D23A9EB07008146EC
:10437000214600F0B1F83044C61904E0DDE90D1221
:104380001BF8010B90477F1EF8D22146484688E073
:1043900058F8040BC4F302514FF00A0B032900D163
:1043A00000B2042900D140B2002802DA40422D2197
:1043B00002E0210505D52B218DF82410012104E010
:1043C00006E0E10710D02021F6E708AF089113E0DE
:1043D00058F8040BC4F302514FF00A0B032900D123
:1043E00080B2042900D1C0B20021EEE75946FCF7A3
:1043F0002DF8303107F8011D0028F7D1ADEB07008B
:1044000000F1200B600702D524F4803401E04FF066
:10441000010ADA4502DDAAEB0B0000E0002082462B
:1044200000EB0B0108980144A9EB01000A90E0039E
:1044300006D4DDE90D2321460A9800F04DF8064424
:104440004FF0000908E009A911F80900DDE90D1293
:10445000904709F10109761C08998945F3DBE003CF
:104460000CD5DDE90D2321460A9800F035F8064405
:1044700004E0DDE90D1230209047761CBAF100010E
:10448000AAF1010AF5DC05E0DDE90D1217F8010BD0
:104490009047761CBBF10001ABF1010BF4DC0A98EC
:1044A0002146DDE90D2300F005F806446D1C97E672
:1044B000092801002DE9F041044600251E46174653
:1044C000880404D405E039462020B0476D1C641EE2
:1044D000F9D52846BDE8F0812DE9F04104460025D4
:1044E0001E469046C80301D5302700E020278804E7
:1044F00004D505E041463846B0476D1C641EF9D529
:104500002846BDE8F08100002DE9F04104460D4643
:1045100000BF05F00300002808D000BF0BA34FF434
:10452000B67216A11DA0FFF711FE00BF00BF2E46F8
:1045300006F0CAF80746A06800683060A068066008
:10454000384606F0CDF8BDE8F08100002E2E2F4D44
:104550006964646C6577617265732F54686972640D
:104560005F50617274792F4C7749502F7372632FAB
:10457000636F72652F6D656D702E63006D656D7074
:104580005F667265653A206D656D2070726F70654B
:10459000726C7920616C69676E6564004173736544
:1045A0007274696F6E2022257322206661696C65C2
:1045B00064206174206C696E6520256420696E201A
:1045C00025730A0070B5054606F07EF80646A86811
:1045D0000468002C16D02068A968086000BF04F0A9
:1045E0000300002808D000BF09A34FF48C7214A167
:1045F0001CA0FFF7ABFD00BF00BF304606F070F80F
:10460000204670BD304606F06BF80020F9E7000048
:104610002E2E2F4D6964646C6577617265732F541B
:10462000686972645F50617274792F4C7749502FBA
:104630007372632F636F72652F6D656D702E6300EB
:104640006D656D705F6D616C6C6F633A206D656D4B
:10465000702070726F7065726C7920616C69676E22
:1046600065640000417373657274696F6E20222562
:104670007322206661696C6564206174206C696EC8
:104680006520256420696E2025730A0070B50546F3
:10469000002411E004EB4400094901EBC000067D51
:1046A0004EB104EB440001EBC0008068A84202D187
:1046B000204600F087F9641C0A2CEBDB70BD00007B
:1046C000B47F00242DE9FF5F0646894617464FF068
:1046D0000A0AD346D04600240A2003900020029004
:1046E0000190009000BF73E004EB4400764901EBB9
:1046F000C000057DB8F10A0F02D10DB9A04665E0F2
:10470000002D63D000BF012D0AD0022D08DA00BFB2
:104710006EA340F223127BA18AA0FFF717FD00BF12
:1047200000BFAEB104EB4401674A02EBC10130683F
:10473000496888420CD13FB104EB4400114601EBBB
:10474000C0008068B84203D1204604B0BDE8F09FA5
:10475000012D28D104EB44005B4951F8300080B1B1
:1047600004EB440001EBC000418A029881422DDB3A
:10477000039404EB4400544901EBC000408A0290CA
:1047800024E004EB4400504901EBC000418A019849
:1047900081421BDBA24604EB44004B4901EBC00005
:1047A000408A019012E0022D10DB04EB44004649E0
:1047B00001EBC000418A0098814207DBA34604EB6D
:1047C0004400414901EBC000408A0090601C04B2E3
:1047D0000A2C89DB09F0020028B9B8F10A0F05D1CB
:1047E00009F0010010B94FF0FF30AEE7B8F10A0F41
:1047F00001DA444631E0BBF10A0F11DA5C4600BF32
:1048000004EB4400304951F8300040B100BF2FA301
:1048100040F26D1255A14BA0FFF798FC00BF0CE0D1
:10482000BAF10A0F01DA544607E003980A2801DAC0
:10483000039C02E04FF0FF3087E700BF0A2C08DB43
:1048400000BF22A340F27F124EA13EA0FFF77EFCE4
:1048500000BF00BF204600F0B5F800BF0A2C08DBFF
:1048600000BF1AA340F2831246A136A0FFF76EFCE8
:1048700000BF00BF00BF04EB4400134901EBC000C0
:10488000007D40B100BF11A34FF4C27242A12DA020
:10489000FFF75CFC00BF00BF36B104EB44010A4ADD
:1048A00002EBC10130684860002004EB4401064A75
:1048B00002EBC101488204EB4400114601EBC00049
:1048C0008760204641E70000B47F00242E2E2F4D44
:1048D0006964646C6577617265732F54686972648A
:1048E0005F50617274792F4C7749502F7372632F28
:1048F000636F72652F697076342F657468617270AA
:104900002E6300007374617465203D3D204554485A
:104910004152505F53544154455F50454E44494EB7
:1049200047207C7C207374617465203E3D20455493
:10493000484152505F53544154455F535441424C97
:1049400045000000417373657274696F6E20222503
:104950007322206661696C6564206174206C696EE5
:104960006520256420696E2025730A006172705FDE
:104970007461626C655B695D2E71203D3D204E5512
:104980004C4C000069203C204152505F5441424C45
:10499000455F53495A4500006172705F7461626CF3
:1049A000655B695D2E7374617465203D3D204554DF
:1049B000484152505F53544154455F454D505459FE
:1049C0000000000010B5044604EB44000C4951F807
:1049D000300060B104EB4401094A52F8310004F0A0
:1049E00089FE002004EB4401054A42F83100002012
:1049F00004EB4401024A02EBC101087510BD00003E
:104A0000B47F0024F0B587B007460D4600BF002DE7
:104A10000AD100BF2EA340F28A223BA13EA0FFF79D
:104A200095FB00BF07B0F0BD00BF7C682088B0F5E3
:104A3000807F08D12079062805D16079042802D129
:104A40006088082803D0384604F054FEEAE7D4F81A
:104A50000E000690A0690590686808B9002607E076
:104A600005986968884201D1012000E000200646CF
:104A70000EB1012000E00220034604F1080206A95D
:104A8000284600F0CBFCE088B0F5807F03D0B0F57D
:104A9000007F15D113E086B1022206AB04F10800B5
:104AA000291DCDE90232CDE9001005F126030246A9
:104AB0002231284600F05CFB00E000BF01E000E08E
:104AC00000BF00BF384604F015FE00BFAAE7000093
:104AD0002E2E2F4D6964646C6577617265732F5457
:104AE000686972645F50617274792F4C7749502FF6
:104AF0007372632F636F72652F697076342F6574DC
:104B0000686172702E6300006E6574696620213DD5
:104B1000204E554C4C000000417373657274696FF0
:104B20006E2022257322206661696C6564206174A1
:104B3000206C696E6520256420696E2025730A004B
:104B40002DE9FE4304460F461546A94600BF002C3A
:104B500008D100BF5DA340F21E326AA16DA0FFF72D
:104B6000F5FA00BF00BF00BF47B900BF57A340F22E
:104B70001F3272A167A0FFF7E9FA00BF00BF00BFB4
:104B8000002D08D100BF51A34FF448726EA161A05F
:104B9000FFF7DCFA00BF00BF2146286801F0E4F807
:104BA00010B1DFF8B48186E0287800F0F000E0284A
:104BB00016D101208DF8040000208DF805005E203C
:104BC0008DF80600687800F07F008DF80700A8785F
:104BD0008DF80800E8788DF809000DF1040869E007
:104BE0002868A1680840D4E90112114088420ED01B
:104BF000288880B24FF6A961884208D0E06810B1D9
:104C000004F10C0903E06FF00300BDE8FE83534894
:104C1000007800EB4000524901EBC000007D022803
:104C20001BDB4E48007800EB400001EBC0008068C1
:104C3000A04212D14949097801EB4101484A02EBEF
:104C4000C101D9F800004968884206D1434802787A
:104C50003946204600F086F8D7E7002622E006EB2A
:104C600046003F4901EBC000007D022818DB06EB3F
:104C7000460001EBC0008068A04211D106EB46015E
:104C8000374A02EBC101D9F800004968884207D1D0
:104C90003248067032463946204600F063F8B4E7E1
:104CA000701CC6B20A2EDADB3A464946204600F0AE
:104CB0000DF9AAE700BF4FF40060434604F1260255
:104CC00039460090204600F025FD9EE72E2E2F4D00
:104CD0006964646C6577617265732F546869726486
:104CE0005F50617274792F4C7749502F7372632F24
:104CF000636F72652F697076342F657468617270A6
:104D00002E6300006E6574696620213D204E554C6F
:104D10004C000000417373657274696F6E20222528
:104D20007322206661696C6564206174206C696E11
:104D30006520256420696E2025730A007120213DBD
:104D4000204E554C4C000000697061646472202153
:104D50003D204E554C4C0000E8280108A04A002494
:104D6000B47F0024F8B505460E46144600BF04EB98
:104D70004400314901EBC000007D022808DA00BF81
:104D80002EA340F2EE223BA146A0FFF7DFF900BFC1
:104D900000BF04EB4400284901EBC000007D02285D
:104DA00039D104EB440001EBC000408AB0F58E7F9E
:104DB00011DD04EB44000A4602EBC000011D284649
:104DC00000F09CFA38BB032004EB44011A4A02EBC2
:104DD000C10108751FE004EB4400174901EBC00056
:104DE000408AB0F5877F16DB04EB44000B4603EBEB
:104DF000C00000F10C0204EB440003EBC000011DF5
:104E0000284600F087FA30B9032004EB44010A4A2F
:104E100002EBC10108754FF40060009004EB440000
:104E2000054901EBC00000F10C0305F126023146F3
:104E3000284600F06FFCF8BDB47F00242E2E2F4DC5
:104E40006964646C6577617265732F546869726414
:104E50005F50617274792F4C7749502F7372632FB2
:104E6000636F72652F697076342F65746861727034
:104E70002E6300006172705F7461626C655B6172C9
:104E8000705F6964785D2E7374617465203E3D20A7
:104E90004554484152505F53544154455F53544127
:104EA000424C4500417373657274696F6E20222510
:104EB0007322206661696C6564206174206C696E80
:104EC0006520256420696E2025730A002DE9FE4FB8
:104ED00081460F46164609F1260A4FF0FF30029030
:104EE000002001904946386800F03EFF38B9387814
:104EF00000F0F000E02802D00FB1386818B96FF068
:104F00000F00BDE8FE8F4A4601213846FFF7DAFB65
:104F10008046B8F1000F02DA4FFA88F0F1E700BFDF
:104F2000B8F17F0F08D300BF5FA340F2C1326CA17C
:104F30006FA0FFF70BF900BF00BF08F0FF0404EB00
:104F40004400754901EBC000007D70B9012001905B
:104F500004EB4401704A02EBC101087504EB440004
:104F6000114601EBC000C0F8089000BF04EB4400FC
:104F7000694901EBC000007D01280FD004EB44001B
:104F800001EBC000007D022808DA00BF46A340F212
:104F9000CD3262A156A0FFF7D9F800BF00BF01983B
:104FA00000B93EB93946484600F0A8F902900EB95A
:104FB0000298A6E700BF46B900BF3BA340F2E1322A
:104FC00060A14BA0FFF7C2F800BF00BF04EB440094
:104FD000514901EBC000007D022811DB5C480470E0
:104FE0004FF40060009004EB440001EBC00000F1BE
:104FF0000C0352463146484600F08CFB029050E0CC
:1050000004EB4400444901EBC000007D012848D175
:105010004FF0000B354618E000BF688929898842A7
:105020000AD1286840B100BF1FA340F2F13249A164
:105030002FA0FFF78BF800BF00BF287B00F04000D7
:1050400010B14FF0010B02E02D68002DE4D100BF3C
:10505000BBF1000F07D032464FF420710E2004F050
:105060003DF9054603E03546284604F051FDA5B15B
:1050700004EB4400284951F8300030B104EB4401FE
:10508000254A52F8310004F035FB04EB4400224974
:1050900041F830500020029002E04FF0FF300290C3
:1050A00000BF02982DE700002E2E2F4D6964646C1E
:1050B0006577617265732F54686972645F506172BD
:1050C00074792F4C7749502F7372632F636F726519
:1050D0002F697076342F6574686172702E630000DA
:1050E00074797065206F766572666C6F770000006A
:1050F000417373657274696F6E2022257322206676
:1051000061696C6564206174206C696E652025643A
:1051100020696E2025730A00B47F00246172705FDD
:105120007461626C655B695D2E7374617465203DAA
:105130003D2050454E44494E47206F722053544104
:10514000424C45007120213D204E554C4C00000042
:10515000A04A00246E6F207061636B6574207175C6
:105160006575657320616C6C6F7765642100000064
:105170002DE9FC5F06460F4690469946DDE90CABEB
:105180000020019000BF002E08D100BF31A340F2E3
:1051900057423EA141A0FEF7D9FF00BF00BF4FF428
:1051A00020721C210E2003F011FE05461DB94FF0A0
:1051B000FF30BDE8FC9F00BF68891C2808DA00BFEB
:1051C00024A340F262423FA134A0FEF7BFFF00BF1C
:1051D00000BF6C680F9802F0B4F8E08000BF96F84A
:1051E0002C00062808D000BF1AA340F269424249A9
:1051F0002AA0FEF7ABFF00BF00BFD9F80000A060F7
:10520000B9F80400A081DBF80000C4F81200BBF874
:105210000400E082DAF80000C4F80E000E9800687E
:10522000A0614FF4807020800820608006202071EB
:105230000420607140F6060043463A462946009035
:10524000304600F067FA284604F054FA0025019829
:10525000AFE700002E2E2F4D6964646C6577617294
:1052600065732F54686972645F50617274792F4C52
:105270007749502F7372632F636F72652F69707651
:10528000342F6574686172702E6300006E657469F6
:105290006620213D204E554C4C0000004173736543
:1052A0007274696F6E2022257322206661696C65B5
:1052B00064206174206C696E6520256420696E200D
:1052C00025730A00636865636B20746861742066E7
:1052D0006972737420706275662063616E20686FF6
:1052E0006C64207374727563742065746861727085
:1052F0005F68647200000000B42B010870B50446BA
:105300000D46034A2946204600F004F870BD00000F
:10531000E82801087FB504460D4616460121074AD4
:10532000201D04F126038DE825000391324619461D
:105330002046FFF71DFF04B070BD0000EE280108F5
:1053400070B5002464E004EB4400334901EBC00075
:10535000057D002D5BD004EB440001EBC000408ACA
:10536000401C04EB44012C4A02EBC101488204EBCF
:105370004400114601EBC000408AB0F5967F0DDA7B
:1053800004EB440001EBC000007D01280AD104EBCE
:10539000440001EBC000408A052803DB2046FFF7EC
:1053A00011FB34E004EB44001B4901EBC000007D1D
:1053B000032807D1042004EB4401174A02EBC10182
:1053C000087524E004EB4400134901EBC000007DA4
:1053D000042807D1022004EB44010F4A02EBC1016B
:1053E000087514E004EB44000B4901EBC000007D9C
:1053F00001280CD104EB44020B4603EBC202111D41
:1054000004EB440203EBC2029068FFF777FF641CD1
:105410000A2C98DB70BD0000B47F00242DE9F8430E
:1054200005460E461746984600BF95F82C000628FC
:1054300008D000BF2EA340F2A9123BA143A0FEF763
:1054400085FE00BF00BF5EB1306848B129463068B4
:1054500000F08AFC20B9307800F0F000E02803D199
:105460006FF00F00BDE8F8832A4641463046FFF74B
:1054700029F90446002C01DA60B2F3E7022004EBBC
:1054800044013C4A02EBC101087504EB440011469B
:1054900001EBC000856004EB440001EBC0003968FB
:1054A000C160B9880182002004EB440102EBC10114
:1054B000488204EB4400114651F83000B0B104EBCF
:1054C000440051F83090002004EB440142F83100D0
:1054D0004FF400603B4605F12602494600902846FD
:1054E00000F018F9484604F005F900BF0020B9E7BC
:1054F0002E2E2F4D6964646C6577617265732F542D
:10550000686972645F50617274792F4C7749502FCB
:105510007372632F636F72652F697076342F6574B1
:10552000686172702E6300006E657469662D3E6856
:1055300077616464725F6C656E203D3D2045544820
:105540005F4857414444525F4C454E004173736578
:105550007274696F6E2022257322206661696C6502
:1055600064206174206C696E6520256420696E205A
:1055700025730A00B47F00242DE9F04104460E464D
:105580004FF00E0860890E2800DC4FE0E07B18B970
:1055900096F83000401CE0736568AF89287800F009
:1055A0000100B0B12878012809D1687888B9A878B5
:1055B0005E280ED1607B40F01000607309E0062287
:1055C0001D492846FAF735FF18B9607B40F00800FE
:1055D0006073082F03D0B7F5C16F22D110E096F8A1
:1055E0002D0000F0080000B920E04146204604F0FC
:1055F000E3FA00B11AE03146204600F043FD11E025
:1056000096F82D0000F0080000B90FE04146204652
:1056100004F0D2FA00B109E031462046FFF7F2F972
:1056200000E003E000BF0020BDE8F081204604F068
:1056300061F80020F8E70000E82801087047000042
:105640009AB00646642101A8FAF7E1FE002400277B
:10565000A046A146354600BF2C48FDF79AFD0446FA
:1056600095F82D00C0F3800058B1012C09DC2848C2
:10567000FCF742F9284602F0C9FF284603F030F84B
:105680003FE095F82D00C0F38000002839D1012CAF
:1056900037DD022C06D0032C0AD0042C0ED0052CAA
:1056A00017D111E04FF400594FF48048012711E061
:1056B0004FF000094FF4804801270BE04FF40059E8
:1056C0004FF00008012705E04FF00009C846012708
:1056D00000E000BF00BFA7B101A90D48FBF7C4FB64
:1056E000CDF81C90CDF8188001A90948FCF760F8A6
:1056F0000748FCF7A5F8284603F0C2F8284603F04F
:1057000055F8642003F01CF9A6E70000AC4E002415
:10571000C44D00242DE9F04705460E46174698462D
:10572000DDF82090484601F00CFE82460E213046FE
:1057300003F0CFFA00B122E07468A4F80CA0D8F806
:1057400000002060B8F80400A0803868C4F80600A3
:10575000B888608100BF95F82C00062808D000BFEB
:1057600008A34FF4997215A121A0FEF7EFFC00BF2A
:1057700000BF31462846AA699047BDE8F0876FF020
:105780000100FAE72E2E2F4D6964646C6577617213
:1057900065732F54686972645F50617274792F4C1D
:1057A0007749502F7372632F6E657469662F657425
:1057B0006865726E65742E63000000006E65746922
:1057C000662D3E6877616464725F6C656E206D75EE
:1057D0007374206265203620666F72206574686578
:1057E000726E65745F6F75747075742100000000CF
:1057F000417373657274696F6E202225732220666F
:1058000061696C6564206174206C696E6520256433
:1058100020696E2025730A0010B5044600BF44B904
:1058200000BF0CA340F2172211A115A0FEF78EFCB9
:1058300000BF00BF732084F82E0074212F20015573
:10584000194860611948A061204601F0C7FB00209B
:1058500010BD00002E2E2F4C5749502F54617267F7
:1058600065742F65746865726E657469662E630071
:105870006E6574696620213D204E554C4C00000039
:10588000417373657274696F6E20222573222066DE
:1058900061696C6564206174206C696E65202564A3
:1058A00020696E2025730A00414B0008F57100083D
:1058B00006460024354600BF4FF0FF310B48006814
:1058C00003F0A4F90028F7D100BF284601F080FCBE
:1058D00004463CB1294620462A69904710B120462B
:1058E00003F008FF002CF0D1E6E70000B0490024E7
:1058F00038B504468DF8000069460320ABBE20464B
:1059000038BD70B505460C4622460321284600F0F6
:1059100053F970BD2DE9FF5F05468A4672488068DD
:105920000390039800780007870E142F00DAD1E067
:105930006889042800D2CDE06868047814B1082C86
:1059400077D100E0C1E0DFF8A09109F114096648C1
:10595000007D00F0F000E02800D1BFE0624A11684D
:10596000506900F001FA00B1B8E02889082800D297
:10597000B0E0284600F0CDF920B1284603F0BAFE89
:10598000BDE8FF9F07F10E01284603F0A2F90028A9
:1059900044D0288938441FFA80FB2889584500DD07
:1059A0009CE04FF4207259460E2003F00FFA804617
:1059B000B8F1000F00D191E0B8F80A1007F1080023
:1059C000814203D2404603F095FE87E03A46D8F87C
:1059D00004000399FAF7F4FC3946404604F0ECF869
:1059E00000280DD000BF00BF40A3B6224DA15BA090
:1059F000FEF7ACFB00BF00BF404603F07BFE6DE04E
:105A00002946404603F0C2FC18B1404603F072FE3E
:105A100064E0284603F06EFE454612E007F10E01F1
:105A2000284604F0C9F860B100BF00BF2FA3C72209
:105A300000E038E053A149A0FEF788FB00BF00BF9B
:105A40004CE06E683946284603F043F950BBD5F860
:105A50000480D9F80000C8F80C0023480069C8F891
:105A600010000020307070884FF6F771884203DD17
:105A700070880930708002E0708808307080FF20E4
:105A800088F808000020A8F80A0001200021FF2360
:105A90000A46CDE9010A00914946284600F0DAFBA2
:105AA000834600BF11E0032C0ED00B2C0CD00C2C25
:105AB0000AD0042C08D0052C06D00D2C04D00E2CB6
:105AC00002D0112C00D000BF00BF00BF284603F059
:105AD00011FE55E7284603F00DFE51E7284603F076
:105AE00009FE00BF4CE70000004F00242E2E2F4D72
:105AF0006964646C6577617265732F546869726458
:105B00005F50617274792F4C7749502F7372632FF5
:105B1000636F72652F697076342F69636D702E63C1
:105B20000000000069636D705F696E7075743A20E3
:105B30006D6F76696E6720722D3E7061796C6F6152
:105B40006420746F2069636D70206865616465729C
:105B5000206661696C65640A00000000417373652A
:105B60007274696F6E2022257322206661696C65EC
:105B700064206174206C696E6520256420696E2044
:105B800025730A0069636D705F696E7075743A20E1
:105B9000726573746F72696E67206F726967696E80
:105BA000616C20702D3E7061796C6F61642066615C
:105BB000696C65640A0000002DE9FF4707468846C6
:105BC00091464FF420722421222003F0FFF805466D
:105BD0000DB9BDE8FF8700BF6889242808D200BF3F
:105BE0001BA34FF4B47228A132A0FEF7AFFA00BF96
:105BF00000BFD7F804A06C6884F8008084F8019096
:105C00000020A080E08079686A6802F108001C2208
:105C1000FAF7D6FBDAF80C00039003A800F082FD37
:105C2000064686B1002060806989204600F067F84A
:105C3000608001200021FF2303AACDE90106009125
:105C4000284600F007FB284603F054FD00BFC0E7DC
:105C50002E2E2F4D6964646C6577617265732F54C5
:105C6000686972645F50617274792F4C7749502F64
:105C70007372632F636F72652F697076342F696357
:105C80006D702E6300000000636865636B207468AC
:105C90006174206669727374207062756620636136
:105CA0006E20686F6C642069636D70206D6573731E
:105CB00061676500417373657274696F6E20222598
:105CC0007322206661696C6564206174206C696E62
:105CD0006520256420696E2025730A0070B505468D
:105CE0000C4622460B212846FFF766FF70BD00BF19
:105CF000EFF3058008B1012070470020FCE730B5C4
:105D000004460D462946204601F072FBC04380B28E
:105D100030BDF0B5064600270024354619E06989F4
:105D2000686801F065FB0444A0B200EB1444688984
:105D300000EBD0714910A0EB410149B10FB901202E
:105D400000E000200746E0B2C4F3072141EA002446
:105D50002D68002DE3D127B1E0B2C4F3072141EA59
:105D60000024E04380B2F0BD18B502460092D04353
:105D700000B10AB9012018BD91F82D0000F0020011
:105D800008B90020F7E74868904201D10020F2E707
:105D900000988B681840D1E901342340984208D11B
:105DA000886822EA00008C68E343984201D1012010
:105DB000E1E70020DFE700002DE9F74F8CB0044653
:105DC0000F464FF00008B98CA1F11400C11700EB89
:105DD0005171C1F3CF0A1420059060680990DDF875
:105DE000249099F8000000F00F001421B1EB800F0F
:105DF00004D06FF005000FB0BDE8F08F00BF6089E0
:105E000014280BDA00BF72A34FF43F727FA186A063
:105E1000FEF79CF900BF6FF00500ECE700BFB9F892
:105E2000060001F08EFA04900498C0F30C0007906D
:105E3000049800F400500390208914381FFA80FB66
:105E4000BDE04FF6FF7000EACA00584501DD584634
:105E500003E04FF6FF7000EACA0008904FF420728A
:105E600014210E2002F0B2FF054605B9ADE000BFD7
:105E70006889142808DA00BF55A34FF4497274A149
:105E800069A0FEF763F900BF00BF14226868099992
:105E9000FAF796FAD5F8049008980A9054E06189C8
:105EA0000598081A80B2029000BF61890598814266
:105EB00008DA00BF46A340F22D326DA15AA0FEF7CA
:105EC00045F900BF00BF02990A98884201DA0A9892
:105ED00000E002988046B8F1000F03D10020059041
:105EE000246831E000F068FC06461EB9284603F03D
:105EF00001FC6AE061680598084433464122414646
:105F0000CDE90008002003F00DF90B900B9830B993
:105F1000304600F057FC284603F0ECFB55E02046E5
:105F200003F0F6FD74615648306128460B9903F082
:105F300023F90A98A0EB080080B20A900A9810B1E1
:105F400000200590246800BF0A980028A7D1059872
:105F5000404480B20590B88C1438584501DB0120CC
:105F600000E0002006900798C0F30C00049006980B
:105F700008B1039818B1049840F4005004900498B4
:105F800001F0DFF9A9F806000899143188B201F090
:105F9000D8F9A9F802000020A9F80A007B6929466F
:105FA00038460E9A9847284603F0A4FB0898ABEBB6
:105FB00000001FFA80FB0798504480B20790BBF1A5
:105FC000000F7FF43EAF002015E74FF0FF3012E7DF
:105FD0002E2E2F4D6964646C6577617265732F5442
:105FE000686972645F50617274792F4C7749502FE1
:105FF0007372632F636F72652F697076342F6970C7
:10600000345F667261672E63000000006970345F60
:106010006672616728293A207062756620746F6F16
:106020002073686F72740000417373657274696FD6
:106030006E2022257322206661696C65642061747C
:10604000206C696E6520256420696E2025730A0026
:1060500074686973206E6565647320612070627571
:106060006620696E206F6E6520706965636521002A
:10607000702D3E6C656E203E3D20706F66660000A0
:10608000156F00082DE9F04707460E467D68287811
:106090000421B1EB201F05D0384603F02BFB002074
:1060A000BDE8F087287800074FEA9068688801F01B
:1060B00048F981463989494503DD4946384603F0A8
:1060C00075FC7889404505DB3889484502DBB8F125
:1060D000140F04DA384603F00DFB0020E0E72869CE
:1060E0004D494861E86808610846007D00F0F0000D
:1060F000E0280AD196F82D0000F0010018B1706870
:1061000008B134461CE000241AE0304600F088F85C
:1061100008B1344614E000243F48007D7F280FD0AA
:106120003E48046809E0B44200D105E0204600F092
:1061300077F800B103E000BF2468002CF3D100BF62
:10614000354908693146FFF70FFE28B93248007C0F
:1061500000F0F000E02804D1384603F0CBFA00202C
:106160009EE724B9384603F0C5FA002098E7E8888E
:106170004FF63F71084038B1384600F055F90746F0
:106180000FB900208CE77D68234804604660856075
:1061900028780007800E204988814146384603F060
:1061A0000BFD687A01280DD0062806D011280ED1E3
:1061B000314638460AF02EFE22E03146384605F0D8
:1061C0007DFC1DE031463846FFF7A4FB18E012497C
:1061D00048692146FFF7C8FD70B90F48007D00F0FF
:1061E000F000E02808D00FFA88F1384603F093FB5E
:1061F00002213846FFF785FB384603F07BFA00BFE3
:1062000000BF0020044908604860886088810861F8
:10621000486100BF44E70000004F0024384A0024D2
:1062200010B5044694F82D0000F0010070B16068CC
:1062300060B1074840696168884205D004494869EF
:106240002146FFF791FD08B1012010BD0020FCE7B9
:10625000004F00242DE9FE4F07460C461546984690
:10626000DDE90C9A0E9EA34625B10CB1206808B951
:1062700006F1040B43462A4659463846CDE9009AB2
:10628000029600F003F8BDE8FE8F00002DE9F84FFC
:1062900005460F4690469A46DDF828B00C9E00BF92
:1062A000A87B012808D000BF37A34FF4557243A143
:1062B00045A0FDF74BFF00BF00BFB8F1000F46D06F
:1062C0004FF014091421284602F003FD18B16FF0B5
:1062D0000100BDE8F88F6C6800BF6889142808D2F7
:1062E00000BF29A34FF4627241A137A0FDF72EFF32
:1062F00000BF00BF84F808A00B986072D8F80000B7
:10630000206148464FEAE97109EB9171C1F38701B9
:1063100041F04001217084F801B0288901F011F8A2
:1063200060800020E0803E48008801F00AF8A080EC
:106330003B480088401C3A4908801FB9394800682A
:10634000E06001E03868E0600020608109E0688971
:10635000142802DA6FF00100BBE76C682069009036
:10636000E846B08C48B12889B18C884205DD4246A8
:1063700031462846FFF720FDABE742462946304626
:1063800073699847A5E700002E2E2F4D6964646C51
:106390006577617265732F54686972645F506172CA
:1063A00074792F4C7749502F7372632F636F726526
:1063B0002F697076342F6970342E6300702D3E7211
:1063C0006566203D3D203100417373657274696FCD
:1063D0006E2022257322206661696C6564206174D9
:1063E000206C696E6520256420696E2025730A0083
:1063F000636865636B207468617420666972737486
:1064000020706275662063616E20686F6C64207313
:1064100074727563742069705F68647200000000B4
:10642000A24A0024302A01082DE9F14F84B00498D3
:106430004568287800F00F001421B1EB800F00D0E0
:1064400011E1E88800F07DFFC0F30C004FF6FF710A
:1064500001EAC00A688800F074FF07462878000740
:10646000810E02910299B94200DDFCE00298381ACF
:1064700087B2049802F028FF06467D4801888819F3
:106480000A280ADD3146284600F0E6FC20B17848AB
:10649000008830440A2800DDE5E07648046811E011
:1064A0006069E968884209D1A0692969884205D1F3
:1064B000A089A988884201D1012000E0002000B114
:1064C00002E02468002CEBD100BF34B931462846E5
:1064D00000F0A8FB044694B9C5E0E88800F031FF5D
:1064E000C0F30C0058B9E08900F02BFFC0F30C009A
:1064F00028B11422294604F10800F9F761FFE88861
:10650000012121EA50100190019850B10AEB0701D6
:1065100088B2504503DB4FF6EB71884200DD80E026
:1065200000BF2046019A049900F098F983460BF1C8
:10653000010000B975E04E48008830444C4908809D
:10654000019840B10AEB070188B2A083A17F41F016
:106550000101A17700BFBBF1010F60D1A08B143006
:1065600080B2009060684068D0F80090606845682C
:10657000142204F108012846F9F722FF009800F0E0
:10658000E0FE68800020E8806881606804900DE08B
:10659000D9F8040003901421484603F00DFB494646
:1065A000049802F0E9FD0398D0F80090B9F1000FCB
:1065B000EED130480068844202D14FF000080EE06E
:1065C0002C48D0F8008006E0D8F80000A04200D1A6
:1065D00004E0D8F80080B8F1000FF5D100BF4146C3
:1065E000204600F0BDFA049802F06EFE064600BF99
:1065F0001F480088B04208DA00BF1FA340F29B2268
:106600002CA133A0FDF7A2FD00BF00BF18480088F1
:10661000801B17490880049805B0BDE8F08F002062
:10662000FAE700BF44B900BF13A34FF42A7232A1A6
:1066300027A0FDF78BFD00BF00BF606890B900BFC9
:106640000C480068844208D000BF0BA340F2AB2284
:106650002CA11FA0FDF77AFD00BF00BF002120463E
:1066600000F07EFA00BF049803F044F80020D3E75E
:10667000A84A0024A44A00242E2E2F4D6964646C7D
:106680006577617265732F54686972645F506172D7
:1066900074792F4C7749502F7372632F636F726533
:1066A0002F697076342F6970345F667261672E636C
:1066B0000000000069705F72656173735F706275DE
:1066C00066636F756E74203E3D20636C656E0000DE
:1066D000417373657274696F6E2022257322206680
:1066E00061696C6564206174206C696E6520256445
:1066F00020696E2025730A0069707220213D204EAA
:10670000554C4C006E6F74206669727374616C74C2
:10671000686F756768206A75737420656E7175653A
:106720007565640010B502462148016821E091F8C2
:106730002D0000F00100D8B191F82D00C0F38000C9
:10674000B0B14868A0B110688B681840D1E9013435
:106750002340984201D1084610BD91F82D0000F069
:10676000020028B91068CB68984201D10846F3E7C7
:1067700009680029DBD10F480068A0B10D48006806
:1067800090F82D0000F0010068B10A48006890F808
:106790002D00C0F3800030B106480068406810B199
:1067A00010787F2801D10020D6E702480068D3E79F
:1067B000384A00243C4A002410B5052001F00AFCA8
:1067C00010BD000010B5044600BF002C08D100BF6A
:1067D00006A34FF4317214A116A0FDF7B7FC00BF59
:1067E00000BF2146052001F027FB10BD2E2E2F4DA6
:1067F0006964646C6577617265732F54686972644B
:106800005F50617274792F4C7749502F7372632FE8
:10681000636F72652F697076342F6970345F6672AA
:1068200061672E63000000007020213D204E554C12
:106830004C000000417373657274696F6E202225ED
:106840007322206661696C6564206174206C696ED6
:106850006520256420696E2025730A002DE9F74F15
:1068600084B006468846002501200190D8F804002F
:1068700002900299488800F064FD834602980078EF
:106880000007800E03900398584503DD681E07B08B
:10689000BDE8F08F0398ABEB00001FFA80FB029974
:1068A000C88800F04EFDC0F30C004FF6FF7101EAFE
:1068B000C00A00BF00BFD8F8044000202060A4F840
:1068C00004A00AEB0B00E080E088504502DA4FF0AC
:1068D000FF30DCE7D6F804903EE0D9F80470A088D9
:1068E000B988884220DAC4F800909DB1A088E98870
:1068F000884203DBE088B988884202DD4FF0FF3030
:10690000C5E7C5F80080E888A18888420BD0002040
:10691000019008E0E088B988884202DD4FF0FF303E
:10692000B5E7C6F804801AE0A088B988884202D189
:106930004FF0FF30ABE7A088F988884202DA4FF0C9
:10694000FF30A4E72DB1E888B988884201D0002043
:106950000190D7F800903D46B9F1000FBDD100BFBE
:10696000B9F1000F28D1002D17D000BFE888A18809
:10697000884208DD00BF3EA34FF4DB724BA153A059
:10698000FDF7E4FB00BF00BFC5F80080E888A188E0
:10699000884211D0002001900EE000BF706840B125
:1069A00000BF33A34FF4DF7252A148A0FDF7CEFB26
:1069B00000BF00BFC6F80480069820B9B07F00F081
:1069C0000100002851D00198002848D0706818B103
:1069D00070684068808810B1002001903FE0254633
:1069E000D4F800900BE0D9F80440E888A1888842E8
:1069F00002D00020019005E02546D4F80090B9F1BE
:106A0000000FF0D100BF0198002828D000BF7068A7
:106A100040B900BF16A340F2DF1244A12BA0FDF73E
:106A200095FB00BF00BF00BF70684068A04208D15E
:106A300000BF0FA34FF4F0723CA124A0FDF786FB2A
:106A400000BF00BF00BF206840B100BF08A34FF4E3
:106A5000F1723AA11DA0FDF779FB00BF00BF0198BC
:106A600008B1012013E7002011E700200FE7000024
:106A70002E2E2F4D6964646C6577617265732F5497
:106A8000686972645F50617274792F4C7749502F36
:106A90007372632F636F72652F697076342F69701C
:106AA000345F667261672E6300000000636865638F
:106AB0006B20667261676D656E747320646F6E27FC
:106AC00074206F7665726C617000000041737365AD
:106AD0007274696F6E2022257322206661696C656D
:106AE00064206174206C696E6520256420696E20C5
:106AF00025730A006E6F2070726576696F7573205A
:106B0000667261676D656E742C2074686973206DA0
:106B10007573742062652074686520666972737489
:106B200020667261676D656E7421000073616E6925
:106B3000747920636865636B0000000076616C699E
:106B4000646174655F646174616772616D3A6E65FA
:106B500078745F70627566213D4E554C4C000000A4
:106B600070B504460D460E480068A04203D10C499A
:106B7000206808600EE000BF002D08D100BF09A307
:106B800040F2451216A11DA0FDF7E0FA00BF00BFBC
:106B9000206828602146042001F04EF970BD0000F5
:106BA000A44A00242E2E2F4D6964646C65776172AF
:106BB00065732F54686972645F50617274792F4CE9
:106BC0007749502F7372632F636F72652F697076E8
:106BD000342F6970345F667261672E6300000000B5
:106BE00073616E69747920636865636B206C696E8C
:106BF0006B6564206C6973740000000041737365F9
:106C00007274696F6E2022257322206661696C653B
:106C100064206174206C696E6520256420696E2093
:106C200025730A0070B505460E46042001F0D2F91E
:106C3000044664B93146284600F00EF9B04203DB41
:106C4000042001F0C7F904460CB9002070BD2021D2
:106C50002046F9F7DCFB0F20E0770648006820604B
:106C6000044804601422294604F10800F9F7A8FB3F
:106C70002046EBE7A44A00242DE9F0470446884665
:106C8000002500BFA04507D100BF40A3AB224EA105
:106C900050A0FDF75BFA00BF00BFB8F1000F0DD0A8
:106CA00000BFD8F80000A04207D000BF37A3AD2234
:106CB00052A148A0FDF74AFA00BF00BF6068D0F8B3
:106CC0000490B9F80400002824D16768D9F80000BE
:106CD0006060142204F108017868F9F771FB012162
:106CE0003846FEF7FBFF384602F0EEFA064600BFD4
:106CF000A819B0F5803F07DB00BF24A3BC2244A144
:106D000034A0FDF723FA00BF00BFA81985B23846AA
:106D100002F0F0FC67681CE0D7F80490BA46D9F896
:106D20000070504602F0D0FA064600BFA819B0F530
:106D3000803F07DB00BF15A3CC2235A125A0FDF7BE
:106D400005FA00BF00BFA81985B2504602F0D2FC78
:106D500000BF002FE0D141462046FFF701FF00BFF2
:106D600033480088A84207DA00BF08A3D22231A125
:106D700018A0FDF7EBF900BF00BF2D480088401BAD
:106D80002B4908802846BDE8F08700002E2E2F4DA5
:106D90006964646C6577617265732F5468697264A5
:106DA0005F50617274792F4C7749502F7372632F43
:106DB000636F72652F697076342F6970345F667205
:106DC00061672E63000000007072657620213D200F
:106DD00069707200417373657274696F6E20222549
:106DE0007322206661696C6564206174206C696E31
:106DF0006520256420696E2025730A00707265760F
:106E00002D3E6E657874203D3D2069707200000053
:106E100070627566735F6672656564202B20636CB3
:106E2000656E203C3D203078666666660000000096
:106E3000A84A002469705F72656173735F70627540
:106E400066636F756E74203E3D2070627566735F79
:106E500066726565640000002DE9F84F05468946B5
:106E6000002700BF0026B2460020009083461B4842
:106E7000046821E06069E968884207D1A06929694E
:106E8000884203D1A089A988884201D0012000E06E
:106E9000002068B10BF1010B1EB92646CDF800A009
:106EA00006E0E07FF17F884202DC2646CDF800A0B4
:106EB000206800B1A2462468002CDBD12EB13046F8
:106EC0000099FFF7D9FE804647444F4502DABBF1EF
:106ED000010FC7DC3846BDE8F88F0000A44A002443
:106EE00070B500250A4804680FE0E07F002805DD42
:106EF000E07F401EE0772546246806E026462468A9
:106F000029463046FFF7B8FE00BF002CEDD170BD1A
:106F1000A44A002470B505462C4600BF002C08D1B9
:106F200000BF0FA340F2CE221CA11FA0FDF70EF957
:106F300000BF00BF00BFAC4208D000BF08A340F2B2
:106F4000CF2223A118A0FDF701F900BF00BF60699F
:106F500010B1606902F0CEFB2046FFF733FC70BD34
:106F60002E2E2F4D6964646C6577617265732F54A2
:106F7000686972645F50617274792F4C7749502F41
:106F80007372632F636F72652F697076342F697027
:106F9000345F667261672E630000000070637220C8
:106FA000213D204E554C4C00417373657274696FDE
:106FB0006E2022257322206661696C6564206174ED
:106FC000206C696E6520256420696E2025730A0097
:106FD000706372203D3D2070000000002DE9F041FB
:106FE000A6B004460027B846002664210DA8F9F78C
:106FF0000EFA6C486C49086000208DF82C00802047
:107000008DF82D00E1208DF82E0000208DF82F0046
:107010008DF830008DF831000BA8486001216248DE
:1070200001726249C1606249016140F2F4514161FB
:10703000FAF7C0F8074638215E48F9F7E8F9212049
:107040005C4908604FF440304861002008615A48AC
:1070500000F0AAFF062084F82C005348406800780E
:1070600084F82600504840684178272001554E4852
:1070700040688178282001554B484068C178292014
:1070800001554948406801792A2001554648406821
:1070900041792B20015540F2DC50A08494F82D005A
:1070A00040F00A0084F82D00002009900A90012188
:1070B00009A801F05DFD4149086000200790089093
:1070C000012107A801F054FD3D49086000213B481B
:1070D000006801F09BFD00213948006801F096FD31
:1070E0001C2238496846F9F76BF92146684601F0D9
:1070F000C1FD35493548FCF7F2F83448FCF7BEF8D5
:1071000040B1204601F0ECFA204601F07FFA26B0AB
:10711000BDE8F081002F41D12C48FCF73AF8064633
:10712000012E06DC204601F0DBFA204601F06EFA63
:1071300036E0022E06D0032E09D0042E0BD0052EE9
:1071400011D10DE04FF400554FF4804810E00025B8
:107150004FF480480CE04FF400554FF0000807E072
:107160000025A84604E04FF400554FF4804800BFC6
:1071700000BF0DA90C48F9F777FE1395CDF84880AC
:107180000DA90948FAF714FB0748FAF759FB2046FE
:1071900001F076FB204601F009FB01E0F9F735FE2E
:1071A00000BFB4E700800240C44D002460000430FA
:1071B00000000430744E0024A4280108B0490024C3
:1071C000B4490024B0280108B8490024AC4E00247A
:1071D00038B50446002000900448007818B9694684
:1071E0000348FAF768F9009838BD0000AC4900245C
:1071F000C44D00242DE9F0418CB080460D4600249A
:107200000026002730216846F9F701F93021684649
:10721000F9F7FDF82E4629E0042C04D36FF00B009B
:107220000CB0BDE8F08104EB440170684DF821001A
:10723000708904EB44016A4602EB8101486054B155
:1072400004EB4400694601EB8001601E00EB400046
:1072500002EB80008160306830B9002004EB44010B
:107260006A4602EB81018860641C3668002ED3D127
:10727000288916494860C1F808D008464563284661
:1072800002F046FC00BF11491148FAF78DFB08B91E
:10729000002716E00E48F9F7E3FD00F0020058B1B0
:1072A0004FF4FA610B48006801F0B0FC0848FAF7A7
:1072B000BCF96FF0010704E0284602F01BFA6FF0FA
:1072C0000B07B81C0028DED03846A9E7744E00240E
:1072D000C44D0024B44900242DE9F041044625465C
:1072E0006868804703F088FA06460D4928680968EF
:1072F0004718B81BB0F1004F01D3012000E0002077
:1073000030B1296888192246064903F0FDFA04E0E5
:1073100022460449384603F0F7FABDE8F081000040
:10732000904A0024D97200080146080601F47F4201
:1073300040EA022001F47F0240EA122040EA116094
:10734000704701460806000C40EA11207047000013
:1073500008B50020009000BF6846804208D000BFFA
:107360000CA340F25112174917A0FCF7EFFE00BF23
:1073700000BF00BF00BF03F0E7F900F02DFA00F0F6
:1073800003FE01F09BF809F039FD04F08BFB03F0DC
:107390005BFB08BD2E2E2F4D6964646C65776172AE
:1073A00065732F54686972645F50617274792F4CF1
:1073B0007749502F7372632F636F72652F696E69FF
:1073C000742E6300A02A0108417373657274696F9B
:1073D0006E2022257322206661696C6564206174C9
:1073E000206C696E6520256420696E2025730A0073
:1073F000F8B505460A462B4600200090002103F010
:10740000010636B1002A04DD13F8010B8DF80100E6
:10741000521E1C4603E034F8027B3944921E012AB6
:10742000F9DC002A02DD20788DF80000BDF80000AC
:10743000014488B200EB114188B200EB114126B142
:10744000C8B2C1F3072747EA002188B2F8BD00009F
:1074500088B0FBF75BFF00BF5348006800F40030C2
:1074600000B139E000BF00BF00BFBFF34F8F00BFC6
:1074700000BF00BF00BF00BF00BFBFF36F8F00BFE2
:1074800000BF00BF00204949086000BF00BF00BF27
:10749000BFF34F8F00BF00BF00BF00BF00BF00BFE2
:1074A000BFF36F8F00BF00BF00BF3F48006840F4CC
:1074B00000303D49086000BF00BF00BFBFF34F8FE1
:1074C00000BF00BF00BF00BF00BF00BFBFF36F8F92
:1074D00000BF00BF00BF00BF00BF334B1B6803F4F9
:1074E000803303B148E000232F4C7034236000BF89
:1074F00000BF00BFBFF34F8F00BF00BF00BF231FFF
:107500001868C0F34E3100BFC0F3C90200BF43F694
:10751000E07303EA41134FF0404404EA82742343CA
:10752000224C1034236000BF00BF131EA2F10102E1
:10753000EDD10B1EA1F10101E6D100BF00BF00BFDC
:10754000BFF34F8F00BF00BF00BF174B1B6843F452
:107550008033154C236000BF00BF00BFBFF34F8FC7
:1075600000BF00BF00BF00BF00BF00BFBFF36F8FF1
:1075700000BF00BF00BF00BFFAF7C0FBFCF7D2FAA4
:10758000FBF71EFFFCF7AEF81C22094901A8F8F72B
:1075900017FF002101A801F06DFB0649086001F00A
:1075A000DBF900BFFEE7000014ED00E050EF00E063
:1075B000782801088449002401460020842901D04C
:1075C000CA1C10447047000070B5054605B970BD6F
:1075D00005F00300002813D000BF00BF3DA340F218
:1075E000732248A150A0FCF7B1FD00BF00BF00BF4F
:1075F00003F06AF80646304603F072F800BFE6E78B
:10760000A5F10C0452480068844205D305F10C0032
:1076100050490968884213D900BF00BF2DA340F22A
:107620007F224DA140A0FCF791FD00BF00BF00BF2D
:1076300003F04AF80646304603F052F800BFC6E7AA
:107640004C4803F0BBF8207A002816D100BF00BFD9
:1076500020A34FF4237248A133A0FCF777FD00BFAD
:1076600000BF444803F0C2F800BF03F02DF80646FF
:10767000304603F035F800BFA9E7204600F024F9B2
:10768000002816D100BF00BF12A340F2952244A1EA
:1076900025A0FCF75BFD00BF00BF364803F0A6F84D
:1076A00000BF03F011F80646304603F019F800BF9A
:1076B0008DE70020207247480068844201D2454887
:1076C0000460204602F0F2FA2A4803F08FF800BF67
:1076D0007DE700002E2E2F4D6964646C6577617222
:1076E00065732F54686972645F50617274792F4CAE
:1076F0007749502F7372632F636F72652F6D656DBD
:107700002E6300006D656D5F667265653A2073617A
:107710006E69747920636865636B20616C69676E5C
:107720006D656E7400000000417373657274696F5B
:107730006E2022257322206661696C656420617465
:10774000206C696E6520256420696E2025730A000F
:10775000F4490024F84900246D656D5F6672656523
:107760003A20696C6C6567616C206D656D6F72792C
:1077700000000000FC4900246D656D5F6672656560
:107780003A20696C6C6567616C206D656D6F72790C
:107790003A20646F75626C65206672656500000052
:1077A0006D656D5F667265653A20696C6C656761D1
:1077B0006C206D656D6F72793A206E6F6E2D6C69FD
:1077C0006E6B65643A20646F75626C6520667265E5
:1077D00065000000004A002410B500BF00BF174834
:1077E0001749086008460468164820600020606059
:1077F0002072144802F064FE1349086001200968F1
:10780000087210481049096808600F490968486003
:107810000B4800680D4908600D4802F0D7FF0028AA
:107820000AD000BF00BF0BA340F21F2215A11CA06D
:10783000FCF78CFC00BF00BF10BD00000000023050
:10784000F4490024E8FF0100F8490024004A00241C
:10785000FC4900242E2E2F4D6964646C657761729B
:1078600065732F54686972645F50617274792F4C2C
:107870007749502F7372632F636F72652F6D656D3B
:107880002E6300006661696C656420746F2063720A
:1078900065617465206D656D5F6D75746578000058
:1078A000417373657274696F6E202225732220669E
:1078B00061696C6564206174206C696E6520256463
:1078C00020696E2025730A002DE9F0410446204608
:1078D00000F084F90546206802F0F2FD0646606873
:1078E00002F0EEFD07460C49206888420FD8606818
:1078F00088420CD86068A84202D03868A84206D1F5
:1079000006480068864205D07068A84202D0002070
:10791000BDE8F0810120FBE7E8FF0100F849002401
:107920002DE9F0478146B9F1000F02D10020BDE8F2
:10793000F08709F1030020F003050C2D00D20C257F
:107940005F48854201D84D4501D20020EFE75D48F0
:1079500002F034FF5C48006800F040F90646A5E0FC
:10796000304602F0ADFD0446207A00287ED106F1B3
:107970000C002168081AA84278D306F10C0021688F
:10798000091A05F11800814228D306F10C0000EB1A
:10799000050800BF4A48804508D100BF4BA340F20C
:1079A000873256A15AA0FCF7D1FB00BF00BF40466A
:1079B00002F086FD074600213972216839607E6039
:1079C000C4F80080012020723D493868884207D001
:1079D000386802F075FDC0F8048001E001202072D3
:1079E00039480068844227D13748D0F800A004E025
:1079F000DAF8000002F064FD82469AF8080018B137
:107A00004D4800688245F3D12F48C0F800A000BF60
:107A100000684949096888420CD02B480068007A00
:107A200040B100BF29A340F2B53244A138A0FCF711
:107A30008DFB00BF00BF00BF224802F0D7FE00BF91
:107A400004F10C0028443C490968884208D900BF69
:107A50001EA340F2B93240A12DA0FCF777FB00BF76
:107A600000BF00BF04F0030050B100E01AE000BF07
:107A700016A340F2BB3244A125A0FCF767FB00BF70
:107A800000BF00BF04F0030040B100BF0FA340F2ED
:107A9000BD3249A11EA0FCF759FB00BF00BF04F195
:107AA0000C0044E7304602F00BFD06680448401B1A
:107AB000B0423FF655AF034802F098FE002036E78B
:107AC000E8FF0100FC490024004A00242E2E2F4D1F
:107AD0006964646C6577617265732F546869726458
:107AE0005F50617274792F4C7749502F7372632FF6
:107AF000636F72652F6D656D2E630000696E766130
:107B00006C6964206E6578742070747200000000E7
:107B1000417373657274696F6E202225732220662B
:107B200061696C6564206174206C696E65202564F0
:107B300020696E2025730A00F84900246D656D5F89
:107B40006D616C6C6F633A20216C667265652D3EC9
:107B500075736564000000006D656D5F6D616C6C30
:107B60006F633A20616C6C6F6361746564206D654E
:107B70006D6F7279206E6F742061626F766520720E
:107B8000616D5F656E642E006D656D5F6D616C6C1F
:107B90006F633A20616C6C6F6361746564206D651E
:107BA0006D6F72792070726F7065726C7920616C84
:107BB00069676E65642E00006D656D5F6D616C6C4C
:107BC0006F633A2073616E69747920636865636BD3
:107BD00020616C69676E6D656E7400000146024835
:107BE0000068081A70470000F44900242DE9F84F96
:107BF00081468B460BF1030020F003050C2D00D2CB
:107C00000C255F48854201D85D4502D20020BDE8C1
:107C1000F88F00BF5B480068814503D35A4800686D
:107C2000814508D300BF59A340F2D12263A169A0C6
:107C3000FCF78CFA00BF00BF52480068814503D3AF
:107C400051480068814509D300BF02F03DFD009016
:107C5000009802F045FD00BF4846D8E7A9F10C06A0
:107C60003046FFF7BBFF07463168C81BA0F10C0A7E
:107C700000BF554508D900BF44A34FF439725FA136
:107C800054A0FCF763FA00BF00BF554501D900209E
:107C9000BDE7554501D14846B9E7604802F08EFD81
:107CA000306802F00DFC0446207A002832D100BF73
:107CB00033493068884208D100BF34A340F2F5222E
:107CC00057A144A0FCF742FA00BF00BF2068009013
:107CD00007F10C0000EB050856480068A04204D1EB
:107CE000404602F0EDFB53490860404602F0E8FBD5
:107CF000044600202072009820606760C6F800806B
:107D00001F492068884204D0206802F0D9FBC0F8DF
:107D1000048030E005F1180050452CD807F10C0024
:107D200000EB050800BF16493068884208D100BF43
:107D300016A340F216323AA126A0FCF707FA00BFBC
:107D400000BF404602F0BCFB04463A48006884424B
:107D500001D23848046000202072306820606760DB
:107D6000C6F8008006492068884204D0206802F0E6
:107D7000A7FBC0F80480294802F038FD484646E7D2
:107D8000E8FF0100F4490024F84900242E2E2F4D6D
:107D90006964646C6577617265732F546869726495
:107DA0005F50617274792F4C7749502F7372632F33
:107DB000636F72652F6D656D2E6300006D656D5F7D
:107DC0007472696D3A206C6567616C206D656D6FCA
:107DD00072790000417373657274696F6E20222599
:107DE0007322206661696C6564206174206C696E21
:107DF0006520256420696E2025730A006D656D5F1E
:107E00007472696D2063616E206F6E6C7920736887
:107E100072696E6B206D656D6F727900FC4900248C
:107E2000696E76616C6964206E6578742070747216
:107E300000000000004A002470B504460D4600BF53
:107E40000D2C09DB00BF0AA34FF4D57214A11BA0AF
:107E5000FCF77CF900BF70BD00BF05B9FBE7214905
:107E600051F824002946FCF74FFB00BFF3E7000060
:107E70002E2E2F4D6964646C6577617265732F5483
:107E8000686972645F50617274792F4C7749502F22
:107E90007372632F636F72652F6D656D702E630053
:107EA0006D656D705F667265653A207479706520E6
:107EB0003C204D454D505F4D415800004173736566
:107EC0007274696F6E2022257322206661696C6569
:107ED00064206174206C696E6520256420696E20C1
:107EE00025730A009029010870B504460D4600BFAD
:107EF000002C08D100BF09A340F2951213A118A0CD
:107F0000FCF724F900BF00BF04B105B970BD2946D4
:107F10002046FCF7F9FA00BFF8E700002E2E2F4D9F
:107F20006964646C6577617265732F546869726403
:107F30005F50617274792F4C7749502F7372632FA1
:107F4000636F72652F6D656D702E6300696E76616B
:107F50006C696420706F6F6C20646573630000004F
:107F6000417373657274696F6E20222573222066D7
:107F700061696C6564206174206C696E652025649C
:107F800020696E2025730A0010B5002406E005491B
:107F900051F8240000F008F8601C84B20D2CF6D3D0
:107FA00010BD00009029010810B5002384682360EB
:107FB0004368DB1C23F00301002207E083681B6891
:107FC0000B608368196003881944521C43889342EC
:107FD000F4DC10BD70B5044600BF0D2C0ADB00BFF9
:107FE00009A340F2571214A11BA0FCF7AFF800BF81
:107FF000002070BD00BF224951F82400FCF7E2FACE
:1080000005462846F5E700002E2E2F4D6964646C66
:108010006577617265732F54686972645F5061722D
:1080200074792F4C7749502F7372632F636F726589
:108030002F6D656D702E63006D656D705F6D616C89
:108040006C6F633A2074797065203C204D454D502B
:108050005F4D415800000000417373657274696F91
:108060006E2022257322206661696C65642061742C
:10807000206C696E6520256420696E2025730A00D6
:108080009029010810B5044600BF002C08D100BF9C
:1080900007A34FF49E7212A116A0FCF757F800BF79
:1080A00000BF0CB9002010BD2046FCF78BFAFAE7A0
:1080B0002E2E2F4D6964646C6577617265732F5441
:1080C000686972645F50617274792F4C7749502FE0
:1080D0007372632F636F72652F6D656D702E630011
:1080E000696E76616C696420706F6F6C2064657373
:1080F00063000000417373657274696F6E202225FE
:108100007322206661696C6564206174206C696EFD
:108110006520256420696E2025730A002DE9F05F33
:1081200004460E4617469846DDE90AB900BF002C02
:108130000BD100BF49A340F2271255A15BA0FCF769
:1081400005F800BF0020BDE8F09F00BF00BFB9F1F7
:10815000000F0AD100BF41A34FF494725DA153A058
:10816000FBF7F4FF00BF0020EDE700BF06B9624E49
:1081700007B9614FB8F1000F01D1DFF87C81002011
:108180006060A060E0605D4860610020A08484F8C9
:108190002D00E061C4F820B05948007884F8300020
:1081A0000C98206143463A463146204600F0F8F9E3
:1081B0002046C84708B10020C5E700BF94F830004A
:1081C000FF2802D1002084F830004FF0000A4D480B
:1081D000056829E000BFA54208D100BF1FA340F2F7
:1081E0008B1249A131A0FBF7B1FF00BF00BF0AF11C
:1081F000010A00BFBAF1FF0F08DD00BF17A340F26C
:108200008D1246A129A0FBF7A1FF00BF00BF95F882
:10821000300094F83010884205D194F83000401CAA
:1082200084F8300002E02D68002DD3D100BF002D6E
:10823000C4D194F83000FE2803D1002030490870E2
:1082400004E094F83000401C2D4908702D48006867
:1082500020602C480460204675E700002E2E2F4D2C
:108260006964646C6577617265732F5468697264C0
:108270005F50617274792F4C7749502F7372632F5E
:10828000636F72652F6E657469662E63000000006F
:108290006E657469665F6164643A20696E76616CCC
:1082A0006964206E6574696600000000417373653F
:1082B0007274696F6E2022257322206661696C6575
:1082C00064206174206C696E6520256420696E20CD
:1082D00025730A006E657469665F6164643A204EB6
:1082E0006F20696E69742066756E6374696F6E20A5
:1082F000676976656E000000302A010899850008DC
:10830000404A0024384A00246E6574696620616C16
:10831000726561647920616464656400746F6F20C4
:108320006D616E79206E65746966732C206D61785D
:108330002E20737570706F72746564206E756D6237
:1083400065722069732032353500000070B504462F
:108350000D462946204604F0BDFA2946204608F07D
:108360001BFF70BD10B503460868DC68A04201D150
:10837000012000E0002030B909B9002000E00868C1
:10838000D860012010BD0020FCE70000F8B50546CC
:108390000C46164600BF002C08D100BF18A340F2BF
:1083A000CB1224A127A0FBF7D1FE00BF00BF00BF66
:1083B00046B900BF12A34FF4E6721EA121A0FBF73D
:1083C000C5FE00BF00BF20686968884201D1012056
:1083D00000E0002090B9206800906868306069462D
:1083E0003046FFF7B3FF0CB9002000E0206868605A
:1083F0000121284600F064F80120F8BD0020FCE7C8
:108400002E2E2F4D6964646C6577617265732F54ED
:10841000686972645F50617274792F4C7749502F8C
:108420007372632F636F72652F6E657469662E6356
:1084300000000000696E76616C696420706F696E7F
:1084400074657200417373657274696F6E202225C2
:108450007322206661696C6564206174206C696EAA
:108460006520256420696E2025730A0010B5034637
:1084700008689C68A04201D1012000E0002030B9CA
:1084800009B9002000E008689860012010BD0020B4
:10849000FCE7000002466AB10748016808E091F86D
:1084A0003000401CC0B2904201D1084670470968B4
:1084B0000029F4D10020F9E7384A00247047000071
:1084C00070B504460D4600BF002C08D100BF12A3B2
:1084D00040F26D321DA126A0FBF738FE00BF00BFA1
:1084E00094F82D0000F0040020B194F82D0000F065
:1084F000010000B970BD05F0010050B1606840B1E5
:1085000094F82D0000F0080018B1211D2046FCF75A
:10851000F5FE00BFEEE700002E2E2F4D6964646C5F
:108520006577617265732F54686972645F50617218
:1085300074792F4C7749502F7372632F636F726574
:108540002F6E657469662E63000000006E657469A5
:10855000665F69737375655F7265706F7274733A85
:1085600020696E76616C6964206E657469660000CE
:10857000417373657274696F6E20222573222066C1
:1085800061696C6564206174206C696E6520256486
:1085900020696E2025730A0003466FF00B007047B8
:1085A0002DE9F84F80460C4615461E464FF000094F
:1085B000CA4604B9114C05B9104D06B90F4E0CB19D
:1085C000206808B9012000E00020074627B16A466C
:1085D00021464046FFF7DAFE4A4629464046FFF765
:1085E00045FF524631464046FFF7BCFE27B96A4672
:1085F00021464046FFF7CAFEBDE8F88F302A010841
:1086000001490860704700003C4A002410B5044648
:1086100000BF002C09D100BF10A340F29B321CA167
:1086200023A0FBF793FD00BF10BD00BF94F82D0001
:1086300000F0010078B100BF94F82D0000F0FE00BA
:1086400084F82D0000BF94F82D0000F0080010B150
:108650002046FCF71BF800BFE6E700002E2E2F4D4A
:108660006964646C6577617265732F5468697264BC
:108670005F50617274792F4C7749502F7372632F5A
:10868000636F72652F6E657469662E63000000006B
:108690006E657469665F7365745F646F776E3A20A8
:1086A000696E76616C6964206E65746966000000AD
:1086B000417373657274696F6E2022257322206680
:1086C00061696C6564206174206C696E6520256445
:1086D00020696E2025730A0000B1C1617047000057
:1086E00010B5044600BF002C09D100BF0FA340F213
:1086F00006421BA123A0FBF729FD00BF10BD00BF50
:1087000094F82D0000F0040070B100BF94F82D0023
:1087100000F0FB0084F82D0000BF00BFE06910B13D
:108720002046E169884700BF00BFE7E72E2E2F4DA6
:108730006964646C6577617265732F5468697264EB
:108740005F50617274792F4C7749502F7372632F89
:10875000636F72652F6E657469662E63000000009A
:108760006E657469665F7365745F6C696E6B5F6478
:108770006F776E3A20696E76616C6964206E6574FD
:1087800069660000417373657274696F6E202225FB
:108790007322206661696C6564206174206C696E67
:1087A0006520256420696E2025730A0010B50446F3
:1087B00000BF002C09D100BF11A34FF478721DA196
:1087C00025A0FBF7C3FC00BF10BD00BF94F82D002F
:1087D00000F0040090B900BF94F82D0040F00400B0
:1087E00084F82D0000BF03212046FFF769FE00BF7B
:1087F000E06910B12046E169884700BF00BFE3E7A8
:108800002E2E2F4D6964646C6577617265732F54E9
:10881000686972645F50617274792F4C7749502F88
:108820007372632F636F72652F6E657469662E6352
:10883000000000006E657469665F7365745F6C6943
:108840006E6B5F75703A20696E76616C6964206E3C
:108850006574696600000000417373657274696F26
:108860006E2022257322206661696C656420617424
:10887000206C696E6520256420696E2025730A00CE
:1088800010B5044600BF002C09D100BF0EA34FF461
:1088900054721AA120A0FBF759FC00BF10BD00BF05
:1088A00094F82D0000F0010058B900BF94F82D0095
:1088B00040F0010084F82D0000BF03212046FFF79F
:1088C000FFFD00BFEAE700002E2E2F4D6964646CA7
:1088D0006577617265732F54686972645F50617265
:1088E00074792F4C7749502F7372632F636F7265C1
:1088F0002F6E657469662E63000000006E657469F2
:10890000665F7365745F75703A20696E76616C6935
:1089100064206E6574696600417373657274696F73
:108920006E2022257322206661696C656420617463
:10893000206C696E6520256420696E2025730A000D
:1089400070B5044625460DB1294600E001210846D0
:1089500008F07AFD002070BD10B508F043FE00203D
:1089600010BD10B5FDF7C3F910B109F049FD10BDF8
:1089700009F040FDFBE7F8B504460D46A06840B19C
:10898000E06830B10020009094E80F0008F0D7FFB5
:10899000F8BD0022D4E9000108F0A4FFF8E70000C8
:1089A0002DE9FF4107460D4614460295002001902F
:1089B0003DB9802000909DE8070087E80700BDE8EA
:1089C000FF81002003900026601C08B9761E03E09A
:1089D00014B1264606B90126FDF789F9B0B103AAFC
:1089E00001A9284609F0DEFA012802D110200090E2
:1089F00001E0002000900398B8B14FF080500E497C
:108A00000860BFF34F8FBFF36F8F0EE0324601A9AE
:108A1000284609F013FA012802D11020009004E042
:108A20000EB9002000E0402000909DE8070087E894
:108A3000070000BFC3E7000004ED00E077B581B098
:108A40000646144600200090254605B90125FDF78D
:108A50004EF9A8B100236A4602A9304609F000F990
:108A6000012802D0FF2004B070BD009890B14FF0F3
:108A7000805009490860BFF34F8FBFF36F8F09E043
:108A800000232A4602A9304609F016F8012801D031
:108A9000FF20E8E70020E6E704ED00E010B504461B
:108AA000606820B10120616808F007FF10BD012057
:108AB00008F0F2FEFAE7000038B504460025002071
:108AC0000090FDF714F990B16946204609F046F987
:108AD000012801D0FF2038BD009888B14FF08050A8
:108AE00008490860BFF34F8FBFF36F8F08E0002382
:108AF0001A461946204608F0DFFF012800D0FF255E
:108B00002846E8E704ED00E0F8B506460C460020EC
:108B100000900EB98020F8BD0025601C08B96D1EBC
:108B200003E014B1254605B90125FDF7E0F898B139
:108B30006A460021304609F035FA012801D0FF20AD
:108B4000E9E7009880B14FF0805008490860BFF312
:108B50004F8FBFF36F8F07E02946304609F088FA40
:108B6000012801D0FF20D6E70020D4E704ED00E083
:108B7000F8B504460D46606860B1012D08D10320A8
:108B80000090002211460120636808F0D8FEF8BD6D
:108B90000020FCE7012D0ED103220021012008F066
:108BA000A1FE06462EB100231A461946304608F0AB
:108BB00083FF3046EBE70020E9E7000038B50446C4
:108BC000002500200090FDF792F890B169462046FC
:108BD00009F0C4F8012801D0FF2038BD009888B101
:108BE0004FF0805008490860BFF34F8FBFF36F8F7D
:108BF00008E000231A461946204608F05DFF0128C8
:108C000000D0FF252846E8E704ED00E0F8B5064669
:108C10000C46002000900EB98020F8BD0025601C95
:108C200008B96D1E03E014B1254605B90125FDF70D
:108C30005EF898B16A460021304609F0B3F9012880
:108C400001D0FF20E9E7009880B14FF0805008493B
:108C50000860BFF34F8FBFF36F8F07E029463046A0
:108C600009F006FA012801D0FF20D6E70020D4E75A
:108C700004ED00E07FB504460D46606998B1A06937
:108C800088B1B4F90800FEF797FC0646D4E9051050
:108C9000CDE9006102902B462269D4E9001009F069
:108CA0003BFB039013E0B4F90800FEF785FC064691
:108CB00003A8CDE90060238A9AB22B46D4E90010BC
:108CC00009F0F8FA012802D0002004B070BD039822
:108CD000FBE770B504460D4600222946204600F009
:108CE00001F870BD2DE9F04704460D46904600BFDF
:108CF00044B900BF1CA340F2DF1227A129A0FBF753
:108D000025FA00BF00BF14B1B5F5803F02D30120A2
:108D1000BDE8F0870DB90020FAE7AEB220893044F3
:108D200080B2B04201DA0120F2E794F80C9009F029
:108D3000800038B16068471B04F11000874209D2F7
:108D40000120E5E7B8F1000F02D06068471B01E0A1
:108D50000120DDE76760608930446081208930440C
:108D600020810020D4E700002E2E2F4D6964646C12
:108D70006577617265732F54686972645F506172C0
:108D800074792F4C7749502F7372632F636F72651C
:108D90002F706275662E63007020213D204E554C69
:108DA0004C000000417373657274696F6E20222558
:108DB0007322206661696C6564206174206C696E41
:108DC0006520256420696E2025730A002DE9FE4F79
:108DD00082460E4690465746B8F1010F0AD0B8F1C8
:108DE000410F06D0B8F5C17F0BD0B8F5207F7CD1FC
:108DF0006AE000BF42463146002000F035F90446E3
:108E0000ACE0002400200290B14600BF0C20FFF728
:108E1000E1F8054645B900F0A7FD14B1204600F081
:108E200069FC0020BDE8FE8FF81C20F00300C0F5AF
:108E3000147080B2484501DD484605E0F81C20F07A
:108E40000300C0F5147080B283460020CDE9008095
:108E500005F110003844C01C20F003015B464A466F
:108E6000284600F072FD00BF287900F003000028BA
:108E700008D000BF3BA34FF4807246A151A0FBF77E
:108E800065F900BF00BF00BFF81C20F00300C0F56B
:108E90001470002808D100BF32A34FF4817253A18F
:108EA00048A0FBF753F900BF00BF0CB92C4601E006
:108EB000029805600295A9EB0B001FFA80F90027C4
:108EC000B9F1000FA2DC49E0F81C20F00301F01C0E
:108ED00020F00300084485B205F11009F01C20F0D1
:108EE0000300A84206D8F01C00E02AE020F00300AE
:108EF000484501D9002095E74846FEF711FD044694
:108F00000CB900208EE70020CDE9008004F11000AC
:108F10003844C01C20F0030133463246204600F09E
:108F200014FD00BF207900F0030040B100BF0DA385
:108F30004FF491723AA123A0FBF708F900BF00BFDC
:108F40000CE000BF00BF07A340F227123FA11DA005
:108F5000FBF7FCF800BF00BF002063E700BF20461E
:108F600060E700002E2E2F4D6964646C6577617296
:108F700065732F54686972645F50617274792F4C05
:108F80007749502F7372632F636F72652F7062750C
:108F9000662E6300706275665F616C6C6F633A2069
:108FA0007062756620712D3E7061796C6F6164200E
:108FB00070726F7065726C7920616C69676E656440
:108FC00000000000417373657274696F6E20222582
:108FD0007322206661696C6564206174206C696E1F
:108FE0006520256420696E2025730A00504255468D
:108FF0005F504F4F4C5F42554653495A45206D755F
:1090000073742062652062696767657220746861A5
:109010006E204D454D5F414C49474E4D454E5400E5
:10902000706275665F616C6C6F633A207062756622
:109030002D3E7061796C6F61642070726F70657223
:109040006C7920616C69676E65640000706275669A
:109050005F616C6C6F633A206572726F6E656F75DD
:1090600073207479706500002DE9FC4107460D46B8
:10907000144600BF412C0AD0012C08D000BF0EA31B
:109080004FF4A57218A11DA0FBF760F800BF00BF48
:109090000B20FEF79FFF064616B90020BDE8FC81B5
:1090A00000202B462A463946CDE90040304600F0E4
:1090B0004CFC3046F2E700002E2E2F4D6964646CA4
:1090C0006577617265732F54686972645F5061726D
:1090D00074792F4C7749502F7372632F636F7265C9
:1090E0002F706275662E6300696E76616C6964200C
:1090F000706275665F747970650000004173736516
:109100007274696F6E2022257322206661696C6516
:1091100064206174206C696E6520256420696E206E
:1091200025730A002DE9FC5F05460C461746984654
:10913000DDE90C9BAA460AF1030020F0030020445D
:10914000584502D90020BDE8FC9FB9F1000F06D0B8
:109150000AF1030020F0030000EB090600E00026FE
:109160000220234622463146CDE90070404600F0F9
:10917000ECFB4046E7E7000070B506460D4600BF31
:109180000EB1002D09D100BF1BA340F2593226A118
:1091900033A0FAF7DBFF00BF70BD00BF344604E028
:1091A0002089298908442081246820680028F7D173
:1091B00000BF20896189884208D000BF0EA340F219
:1091C000623231A126A0FAF7C1FF00BF00BF00BF85
:1091D000206840B100BF08A340F2633236A120A04E
:1091E000FAF7B4FF00BF00BF208929890844208115
:1091F000256000BFD0E700002E2E2F4D6964646CFF
:109200006577617265732F54686972645F5061722B
:1092100074792F4C7749502F7372632F636F726587
:109220002F706275662E6300286820213D204E5500
:109230004C4C2920262620287420213D204E554CB8
:109240004C29202870726F6772616D6D657220768F
:10925000696F6C61746573204150492900000000FA
:10926000417373657274696F6E20222573222066C4
:1092700061696C6564206174206C696E6520256489
:1092800020696E2025730A00702D3E746F745F6C28
:10929000656E203D3D20702D3E6C656E20286F660A
:1092A000206C617374207062756620696E2063683B
:1092B00061696E2900000000702D3E6E6578742093
:1092C0003D3D204E554C4C000146002002E0421C22
:1092D00090B209680029FAD1704700002DE9F041E9
:1092E00080460E461446218932464046FFF76EFD01
:1092F000074617B90020BDE8F0812146384600F046
:1093000045F8054600BF45B100BF05A340F2245211
:109310000FA114A0FAF71AFF00BF00BF3846EAE712
:109320002E2E2F4D6964646C6577617265732F54BE
:10933000686972645F50617274792F4C7749502F5D
:109340007372632F636F72652F706275662E630090
:10935000706275665F636F7079206661696C6564C1
:1093600000000000417373657274696F6E202225DE
:109370007322206661696C6564206174206C696E7B
:109380006520256420696E2025730A002DE9F041CF
:1093900005460C460026002700BF25B11CB12889D0
:1093A000218988420CDA00BF44A340F2C9324FA1A0
:1093B0005AA0FAF7CBFE00BF6FF00F00BDE8F081B6
:1093C00000BF00BF6889801B6189C91B884203D325
:1093D0006089A0EB070802E06889A0EB06086268D4
:1093E000D1196A6890194246F6F7EAFF46444744A5
:1093F00000BF6889B04208D200BF30A340F2D93222
:1094000050A146A0FAF7A2FE00BF00BF00BF6089CE
:10941000B84208D200BF29A340F2DA324FA13FA0E0
:10942000FAF794FE00BF00BF6089B84201D8002758
:1094300024686889B04211D100262D6800BF65B943
:109440005CB100BF1DA34FF479724BA133A0FAF7B2
:109450007DFE00BF6FF00F00B0E700BF002C13D0FF
:109460006089218988420FD100BF206858B100BFB0
:1094700012A340F2E93244A128A0FAF767FE00BF28
:109480006FF005009AE700BF002D13D06889298985
:1094900088420FD100BF286858B100BF07A340F22F
:1094A000EE3239A11DA0FAF751FE00BF6FF00500A2
:1094B00084E700BF002C85D100207FE72E2E2F4DA2
:1094C0006964646C6577617265732F54686972644E
:1094D0005F50617274792F4C7749502F7372632FEC
:1094E000636F72652F706275662E630070627566B9
:1094F0005F636F70793A20746172676574206E6F74
:10950000742062696720656E6F75676820746F20CC
:10951000686F6C6420736F75726365004173736567
:109520007274696F6E2022257322206661696C65F2
:1095300064206174206C696E6520256420696E204A
:1095400025730A006F66667365745F746F203C3D17
:1095500020705F746F2D3E6C656E00006F666673E1
:1095600065745F66726F6D203C3D20705F66726F40
:109570006D2D3E6C656E0000705F746F20213D2084
:109580004E554C4C00000000706275665F636F7052
:1095900079282920646F6573206E6F7420616C6C6C
:1095A0006F77207061636B65742071756575657385
:1095B000210000002DE9F05F8046894616461D46D1
:1095C0004FF0000AD34600BFB8F1000F0BD100BF27
:1095D00021A340F20A422CA133A0FAF7B7FD00BF45
:1095E0000020BDE8F09F00BF00BFB9F1000F0AD115
:1095F00000BF19A340F20B4235A12BA0FAF7A6FD3C
:1096000000BF0020EDE700BF444620E035B160898F
:10961000A84203DC6089281A85B217E06089401BE4
:1096200087B2B74200DD37466268511909EB0A007C
:109630003A46F6F7C5FE0BEB07001FFA80FB0AEB74
:1096400007001FFA80FAF01B86B2002524680EB1CD
:10965000002CDBD15846C4E72E2E2F4D6964646C74
:109660006577617265732F54686972645F506172C7
:1096700074792F4C7749502F7372632F636F726523
:109680002F706275662E6300706275665F636F701F
:10969000795F7061727469616C3A20696E76616C91
:1096A0006964206275660000417373657274696F46
:1096B0006E2022257322206661696C6564206174C6
:1096C000206C696E6520256420696E2025730A0070
:1096D000706275665F636F70795F706172746961E3
:1096E0006C3A20696E76616C6964206461746170A3
:1096F000747200002DE9F0470446002C0ED100BF23
:1097000044B900BF38A34FF4377243A145A0FAF71C
:109710001DFD00BF00BF0020BDE8F08700265EE011
:1097200000F0D2FF824600BFA07B002808DC00BF0B
:109730002DA340F2F12245A13AA0FAF707FD00BFA0
:1097400000BFA07B401E00F0FF0884F80E8050464A
:1097500000F0C6FFB8F1000F3FD12768207B00F072
:109760000F05607B00F00200002814D0A14600BF66
:10977000D9F81000002808D100BF1BA340F2FF2237
:1097800038A128A0FAF7E2FC00BF00BF2046D9F8B4
:10979000101088471DE0022D04D121460C20FEF751
:1097A0004BFB16E0012D04D121460B20FEF744FBB4
:1097B0000FE01DB92046FDF707FF0AE000BF00BF1C
:1097C00009A340F20F3230A116A0FAF7BFFC00BF88
:1097D00000BF701CC6B23C4600E0002400BF002C55
:1097E0009ED1304698E700002E2E2F4D6964646CA0
:1097F0006577617265732F54686972645F50617236
:1098000074792F4C7749502F7372632F636F726591
:109810002F706275662E63007020213D204E554CDE
:109820004C000000417373657274696F6E202225CD
:109830007322206661696C6564206174206C696EB6
:109840006520256420696E2025730A0070627566A4
:109850005F667265653A20702D3E726566203E2017
:109860003000000070632D3E637573746F6D5F662A
:109870007265655F66756E6374696F6E20213D2049
:109880004E554C4C00000000696E76616C69642096
:1098900070627566207479706500000070B50446CA
:1098A000254629460748FEF71FFB07480078012890
:1098B00006D100200449087004480068FFF77EF9CB
:1098C00070BD0000A4280108AC490024B049002460
:1098D00070B500BF00F0F8FE054600200949087089
:1098E000284600F0FDFE00BF0748046806E0606FF0
:1098F00018B1204602F08EF870BDE468002CF6D155
:1099000000BFF9E7414A0024544A002410B5044638
:10991000FFF7DEFF10BD70B504460D460122294653
:10992000204600F001F870BD70B505460C4616469D
:10993000002C04DA6142284600F03EF970BD324640
:1099400021462846FFF7CEF9F8E770B5DDE9044572
:10995000002606604160028143810473457301263D
:1099600086730026C67370BD70B500F0ADFE054667
:109970000C48047801200B490870284600F0B0FE1E
:109980007CB900BF0021084807F0D6F940B100F0CB
:109990009BFE0546002003490870284600F0A0FE03
:1099A00000BF70BD414A00240D9900082DE9F04127
:1099B00006460F4600BF002E08D100BF2BA34FF470
:1099C000CC7236A13BA0FAF7C1FB00BF00BF3089C3
:1099D000B84201DCBDE8F0813089C01B1FFA80F875
:1099E0003D46344613E06089281A85B22089A0EBF1
:1099F00008002081246800BF44B900BF1BA340F2C7
:109A0000AF1236A12BA0FAF7A1FB00BF00BF6089FF
:109A1000A842E8DB207B00F00F0000281AD1608903
:109A2000A84217D0607B00F00200002812D16068C5
:109A3000001B41192046FEF7D9F8044600BF44B97F
:109A400000BF0AA340F2BD122AA11AA0FAF77EFBBA
:109A500000BF00BF658160892081206810B1206847
:109A6000FFF748FE0020206000BFB3E72E2E2F4DE9
:109A70006964646C6577617265732F546869726498
:109A80005F50617274792F4C7749502F7372632F36
:109A9000636F72652F706275662E63007062756603
:109AA0005F7265616C6C6F633A207020213D204EBF
:109AB000554C4C00417373657274696F6E2022259A
:109AC0007322206661696C6564206174206C696E24
:109AD0006520256420696E2025730A007062756612
:109AE0005F7265616C6C6F633A207120213D204E7E
:109AF000554C4C006D656D5F7472696D20726574B4
:109B000075726E65642071203D3D204E554C4C00B1
:109B100070B50446002C18D000BF00F0D5FD0546F6
:109B2000A07B401CA073284600F0DAFD00BF00BFF8
:109B3000A07B002808DC00BF04A340F242320FA142
:109B400013A0FAF703FB00BF00BF70BD2E2E2F4DF0
:109B50006964646C6577617265732F5468697264B7
:109B60005F50617274792F4C7749502F7372632F55
:109B7000636F72652F706275662E63007062756622
:109B800020726566206F766572666C6F77000000E4
:109B9000417373657274696F6E202225732220668B
:109BA00061696C6564206174206C696E6520256450
:109BB00020696E2025730A002DE9F04104460D4608
:109BC00000BF44B900BF18A340F24B2222A125A038
:109BD000FAF7BCFA00BF00BF14B1B5F5803F02D35D
:109BE0000120BDE8F0810DB90020FAE7AEB200BF58
:109BF0006089B0420ADA00BF0BA340F2552223A1CC
:109C000018A0FAF7A3FA00BF0120EAE700BF6768CF
:109C10006068284460606089801B60812089801BA7
:109C200020810020DDE700002E2E2F4D6964646C3A
:109C30006577617265732F54686972645F506172F1
:109C400074792F4C7749502F7372632F636F72654D
:109C50002F706275662E63007020213D204E554C9A
:109C60004C000000417373657274696F6E20222589
:109C70007322206661696C6564206174206C696E72
:109C80006520256420696E2025730A00696E637261
:109C9000656D656E745F6D61676E6974756465206E
:109CA0003C3D20702D3E6C656E0000002DE9F041BA
:109CB000044600BF3B480068844208D200BF3AA374
:109CC00040F2DF1244A14AA0FAF740FA00BF00BFF9
:109CD00000BF51480068844208D300BF32A34FF44C
:109CE000F0724EA142A0FAF731FA00BF00BF00BFE8
:109CF000207A002808D000BF2BA340F2E1124EA129
:109D00003BA0FAF723FA00BF00BF00BF514920680B
:109D1000884208D900BF24A34FF4F2724EA134A0A8
:109D2000FAF714FA00BF00BF206800F0C9FB05462F
:109D3000AC4219D0287AB8B937480068854213D0A8
:109D400050480068A84201D14E480460286820604D
:109D500040492868884207D02046FDF73FFF074664
:109D6000286800F0ADFB4760606800F0A9FB06467C
:109D7000A64215D0307A98B942480068A04201D175
:109D8000404806602068306032492068884207D029
:109D90003046FDF723FF0746206800F091FB47603F
:109DA000BDE8F081F44900242E2E2F4D6964646CC7
:109DB0006577617265732F54686972645F50617270
:109DC00074792F4C7749502F7372632F636F7265CC
:109DD0002F6D656D2E630000706C75675F686F6C2A
:109DE00065733A206D656D203E3D2072616D000007
:109DF000417373657274696F6E2022257322206629
:109E000061696C6564206174206C696E65202564ED
:109E100020696E2025730A00F8490024706C75676C
:109E20005F686F6C65733A206D656D203C207261D0
:109E30006D5F656E64000000706C75675F686F6CC5
:109E400065733A206D656D2D3E75736564203D3DEB
:109E500020300000E8FF0100706C75675F686F6C70
:109E600065733A206D656D2D3E6E657874203C3DBE
:109E7000204D454D5F53495A455F414C49474E453A
:109E800044000000004A00242DE9F04105460E463A
:109E90001C4807681C480068001D07F095F950B978
:109EA0001948006890F82C1001208840174909686B
:109EB000814316480160681C38B936B11248016800
:109EC000091D134807F0CAF91AE07C190E4800680A
:109ED0004460BC4207D20C480168091D0D48006867
:109EE00007F0A2F90CE008480168091D0A4800685B
:109EF00007F09AF909480068844201D207480460D3
:109F0000BDE8F081C84A0024B44A0024CC4A0024A9
:109F100080810024BC4A0024B84A0024E44A00247A
:109F200010B5044607F0A6F923480068401C2249F2
:109F300008602248006840B920480460084600686C
:109F400001280DD100F0BEF90AE01D48006838B9BB
:109F50001A480068C06AE16A884201D8174804605C
:109F600018480068401C1749086094F82C1001201C
:109F7000884015490968084313490860E16A01EB04
:109F80008101124A02EB8100211D07F067F907F0F9
:109F90009BF90B48006868B108480068C06AE16A2C
:109FA000884207D24FF0805009490860BFF34F8FB5
:109FB000BFF36F8F10BD0000C44A0024B44A0024D0
:109FC000D04A0024E04A0024CC4A0024A480002483
:109FD00004ED00E010B516E007F04CF90C48C0683D
:109FE000C468201D07F0F0F80A480068401E0949BF
:109FF000086009480068401E0749086007F064F9D6
:10A00000204600F05FF8044800680028E4D110BD45
:10A010006C810024C44A0024C04A002470B5044660
:10A020000D46206C70B1216CE0680144E160D4E918
:10A030000210884201D32168E1602846226CE16861
:10A04000F6F7BEF970BD2DE9F04104460F461546FE
:10A050004FF00008A66B206C48B9206800282CD16E
:10A06000A06808F07BFA80460020A06025E07DB95A
:10A070003946226C6068F6F7A3F9216C60680844E1
:10A080006060D4E90101884217D32068606014E061
:10A090003946226CE068F6F793F9216CE068411AC2
:10A0A000E1602168E068884203D2216CA068411A0F
:10A0B000E160022D01D106B1761E701CA0634046FE
:10A0C000BDE8F08110B5044694F8510030B9206B1A
:10A0D00007F018F9204607F015F91AE094F8510036
:10A0E000012803D1204607F00DF912E094F8510041
:10A0F000022801D1012000E0002050B900BF50200B
:10A1000080F31188BFF34F8FBFF36F8F00BF00BF85
:10A11000FEE710BD01464A6A22B10A6B1268C2F11D
:10A12000070000E00020704730B54FF47053174827
:10A1300000F007042CB1C01D20F00700134C041BD5
:10A140001B1B0246124C22600024114D6C60D0187B
:10A15000083820F007000F4C206000240D4D2D68BA
:10A160006C600C4D2D682C601146441A4C60094CF3
:10A1700024680C60084D4C682C60084D4C682C60BD
:10A180004FF00044064D2C6030BD00009481002447
:10A19000F04A0024F84A0024004B0024FC4A002422
:10A1A0000C4B002400BFFFF715FF0648006801288C
:10A1B000F9D94FF0805004490860BFF34F8FBFF3C7
:10A1C0006F8FF0E7A480002404ED00E010B5044692
:10A1D00054B10020A06020600021E16000231A46F5
:10A1E0001946204607F068FC10BD2DE9F0410646EF
:10A1F0000D4617469846069C0DB9246000E027607E
:10A20000E66325640121204607F00AFCBDE8F081E1
:10A210002DE9FF5F81460E469246DDE90E7B109CDC
:10A22000AAF10100216B01EB800828F0070808F073
:10A23000070008B9012000E0002050B900BF5020FD
:10A2400080F31188BFF34F8FBFF36F8F00BF00BF44
:10A25000FEE786B1002507E0715D04F13400415549
:10A26000705D00B902E06D1C102DF5D300BF002118
:10A270004320015502E0002084F83400072F00D36A
:10A280000627E76267640020A064201D06F0C9FF6E
:10A2900004F1180006F0C5FF2461C7F10700A061B2
:10A2A00064620020E06484F8500049464046039A06
:10A2B00000F0C4F92060BBF1000F01D0CBF80040E2
:10A2C000BDE8FF9F10B5002407E004EB84010F4AAE
:10A2D00002EB810006F098FF641C072CF5D30C48B4
:10A2E00006F092FF0B4806F08FFF0B4806F08CFF3C
:10A2F0000A4806F089FF0A4806F086FF0448094923
:10A30000086004480849086010BD0000A4800024CB
:10A310003081002444810024588100246C81002471
:10A3200080810024B84A0024BC4A002410B50146AC
:10A33000164800E0006803688B42FBD3024643687E
:10A3400013448B4204D143684C6823444360014664
:10A350000A464B6813440468A34211D10C4C0368AD
:10A360002468A34208D04B680468646823444B60A7
:10A3700003681B680B6005E0054B1B680B6001E080
:10A3800003680B60884200D0016010BDF04A0024D1
:10A39000F84A002470B5054606F06CFFA86B08B9B2
:10A3A000012400E0002406F08FFF204670BD70B548
:10A3B000054606F05FFFA86BE96B884201D10124D6
:10A3C00000E0002406F080FF204670BD0A490968BD
:10A3D000096809B9012100E0002121B14FF0FF31E6
:10A3E000064A116006E004490968C968C868034A5A
:10A3F0004168116070470000B84A0024E44A002414
:10A400000E480068401C08B9012000E0002050B947
:10A4100000BF502080F31188BFF34F8FBFF36F8FC1
:10A4200000BF00BFFEE700BF502080F31188BFF3DC
:10A430004F8FBFF36F8F00BF00BFFEE7104B0024AC
:10A4400070B5044606F016FF94F9455010E0606AB6
:10A4500008B9012000E0002038B904F1240008F018
:10A460003DF918B107F02AF800E003E0681E45B294
:10A47000002DECDC00BFFF2084F8450006F024FF2F
:10A4800006F0F8FE94F9445010E0206908B9012064
:10A4900000E0002048B904F1100008F01FF908B1ED
:10A4A00007F00CF8681E45B200E001E0002DECDC7E
:10A4B00000BFFF2084F8440006F006FF70BD0000D6
:10A4C000014602480068084470470000F44900242F
:10A4D0002DE9F04104464FF0000807F0DBF8494849
:10A4E000006808B9FFF720FE4748006820400028B0
:10A4F00070D1D4B1083404F00700B0B104F0070003
:10A50000C0F10800044404F0070008B9012000E08D
:10A51000002050B900BF502080F31188BFF34F8F47
:10A52000BFF36F8F00BF00BFFEE7002C52D037484B
:10A53000006884424ED8364E3046056801E02E460B
:10A540002D686868A04202D228680028F7D12D48FB
:10A55000006885423ED0306800F108082868306005
:10A560006868001B102819D92F1907F0070008B9CF
:10A57000012000E0002050B900BF502080F3118876
:10A58000BFF34F8FBFF36F8F00BF00BFFEE7686858
:10A59000001B78606C603846FFF7C8FE1B4968688E
:10A5A0000968081A194908600846006819490968C5
:10A5B000884203D215480068164908601249686845
:10A5C0000968084368600020286013480068401C40
:10A5D0001149086008F0CEF808F0070008B901201A
:10A5E00000E0002050B900BF502080F31188BFF375
:10A5F0004F8FBFF36F8F00BF00BFFEE74046BDE83F
:10A60000F0810000F84A00240C4B0024FC4A00248E
:10A61000F04A0024004B0024044B00240648006844
:10A6200030B10549096801F14800896C491C016095
:10A630000148006870470000B44A0024001F4FF032
:10A6400080730360001F21F001030360001F054BAE
:10A65000036014380260001F6FF0020303602038AB
:10A660007047000001A40008F0B587B004460D460D
:10A670001646FEF776F90746AEB1324601A82168C4
:10A68000FEF78EF901A807C804AB07C30498102889
:10A6900006D105982860FEF764F9C01B07B0F0BD2D
:10A6A0004FF0FF30FAE74FF0FF3201A82168FEF7C4
:10A6B00077F901A807C804AB07C305982860FEF71F
:10A6C00050F9C01BEAE7000010B54FF0FF31034816
:10A6D0000068FEF719FA012010BD0000B04A0024FE
:10A6E00010B5044602480068FEF7E6F910BD000008
:10A6F000B04A00242DE9F04100F07EF8074600BF83
:10A700000F4804680CB9BDE8F0816068381AB0F1F0
:10A71000004F01D3012000E0002000B1F3E7084919
:10A7200020680860A568E6680649606808602146F8
:10A730000A20FDF781FB0DB13046A847E0E7000095
:10A740008C4A0024904A002410B50348FEF7A6F96D
:10A750000249086010BD0000382A0108B04A0024F0
:10A760007FB504460D46094B0FCB8DE80F000095D1
:10A7700000216846FEF7FFF82060206818B94FF006
:10A78000FF3004B070BD0020FBE70000402A010844
:10A7900070B505460E46002231462868FEF74EF990
:10A7A00008B9002401E04FF0FF34204670BD014697
:10A7B000086808B9002070470120FCE710B504467E
:10A7C0004FF0FF312068FEF79FF910BD1CB504461D
:10A7D0000020009001906846FEF760F92060206834
:10A7E00010B94FF0FF301CBD0020FCE710B5044647
:10A7F0002068FEF761F910BD10B5F7F76DFA10BDCE
:10A800002DE9F04188B004460D4616461F46DDF896
:10A8100038801C2101A8F5F7FAFD019402950FFA82
:10A8200088F0ADF80C000597314601A8FEF722FA32
:10A8300008B0BDE8F08100002DE9F04104460E4665
:10A84000174600BFB4F1804F08D300BF09A340F200
:10A85000291215A122A0F9F779FC00BF00BFFFF76C
:10A86000CBFF05193A463146284600F04DF8BDE8C1
:10A87000F08100002E2E2F4D6964646C6577617243
:10A8800065732F54686972645F50617274792F4CDC
:10A890007749502F7372632F636F72652F74696DE0
:10A8A000656F7574732E630054696D656F757420E0
:10A8B00074696D6520746F6F206C6F6E672C206DEE
:10A8C0006178206973204C5749505F55494E543385
:10A8D000325F4D41582F34206D7365637300000063
:10A8E000417373657274696F6E202225732220662E
:10A8F00061696C6564206174206C696E65202564F3
:10A9000020696E2025730A002DE9F04106460F46A6
:10A9100090460A20FDF75EFB0446002C0CD100BFD8
:10A9200007D100BF20A3BE222CA13CA0F9F70EFC4A
:10A9300000BF00BFBDE8F08100202060A760C4F820
:10A940000C8066603F48006810B93E480460F1E73B
:10A950003C49606809684968401AB0F1004F01D36A
:10A96000012000E0002028B136480068206035480A
:10A97000046017E03348056811E0286850B160684A
:10A9800029684968401AB0F1004F01D3012000E066
:10A99000002018B1286820602C6002E02D68002D8E
:10A9A000EBD100BF00BFC5E72E2E2F4D6964646C4C
:10A9B0006577617265732F54686972645F50617264
:10A9C00074792F4C7749502F7372632F636F7265C0
:10A9D0002F74696D656F7574732E63007379735F7F
:10A9E00074696D656F75743A2074696D656F7574FF
:10A9F00020213D204E554C4C2C20706F6F6C204D0B
:10AA0000454D505F5359535F54494D454F55542060
:10AA1000697320656D70747900000000417373657F
:10AA20007274696F6E2022257322206661696C65DD
:10AA300064206174206C696E6520256420696E2035
:10AA400025730A008C4A002410B5012408E0064949
:10AA500001EBC40251F834000449FFF7EDFE641C19
:10AA6000032CF4D310BD0000142A0108D972000889
:10AA700070B51548006810B94FF0FF3070BDFFF792
:10AA8000BBFE0446104800684068001BB0F1004F50
:10AA900001D3012000E0002008B10020EEE70A48C1
:10AAA00000684068051B00BFB5F1004F08D300BF28
:10AAB00006A34FF4DC7212A116A0F9F747FB00BF02
:10AAC00000BF2846DAE700008C4A00242E2E2F4DC6
:10AAD0006964646C6577617265732F546869726428
:10AAE0005F50617274792F4C7749502F7372632FC6
:10AAF000636F72652F74696D656F7574732E630073
:10AB0000696E76616C696420736C65657074696DDB
:10AB100065000000417373657274696F6E202225B1
:10AB20007322206661696C6564206174206C696EB3
:10AB30006520256420696E2025730A002DE9FF5FDA
:10AB400004460E4600BF002C0AD100BF42A340F2CB
:10AB50003D224DA153A0F9F7F9FA00BFBDE8FF9FD0
:10AB600000BF00BF207D012808D100BF3AA34FF4E9
:10AB7000107256A14BA0F9F7E9FA00BF00BF207D83
:10AB80000A2807D121465E4802F068FE204600F000
:10AB9000FBFD5FE04FF0000AD346276DD4F8248018
:10ABA000D4F89050D4F81090207DE8B9E08A38B3FA
:10ABB00000BF54480068A04205D152480068C068F0
:10ABC000504908600DE04F49086806E0C168A1429D
:10ABD00002D1E168C16002E0C0680028F6D100BF80
:10ABE00000BF0020E0600BE0B246B4F816B000BF32
:10ABF0002146454802F032FE01204449087000BF5A
:10AC0000206F10B1206F04F028FEE06E10B1E06EEE
:10AC100004F023FE606F10B1606F04F01EFEBAF105
:10AC2000000F0AD0208B211D23464246CDE9001B90
:10AC300002903946204604F015FD207D0390204601
:10AC400000F0A2FD00BF1DB16FF00C014846A847FF
:10AC500000BF00BF00BF81E72E2E2F4D6964646CDA
:10AC60006577617265732F54686972645F506172B1
:10AC700074792F4C7749502F7372632F636F72650D
:10AC80002F7463702E6300007463705F6162616E85
:10AC9000646F6E3A20696E76616C696420706362DD
:10ACA00000000000417373657274696F6E20222585
:10ACB0007322206661696C6564206174206C696E22
:10ACC0006520256420696E2025730A00646F6E2755
:10ACD000742063616C6C207463705F61626F727466
:10ACE0002F7463705F6162616E646F6E20666F7255
:10ACF000206C697374656E2D7063627300000000D0
:10AD0000584A00244C4A0024544A00245C4A002437
:10AD100010B5044601212046FFF710FF10BD0000CA
:10AD200070B505460120FDF755F904461CBB00F03F
:10AD30009FFE01F04DFC0120FDF74CF90446CCB913
:10AD4000092001F0DDFB0120FDF744F9044684B938
:10AD5000082001F0D5FB0120FDF73CF904463CB981
:10AD6000284601F099FB0120FDF734F9044600BFA5
:10AD700000BF00BF00BF44B39C212046F5F747FB4E
:10AD80000C3465724FF48660A4F858004000E083EC
:10AD9000A083FF2004F8010C4FF40670E084062025
:10ADA000A0866086C01FA0840120A0870848006894
:10ADB000606108480078A0744FF48660E087064818
:10ADC000A0670648C4F888000C3C204670BD00000F
:10ADD000484A00245E4A002429EF000800DD6D0087
:10ADE00010B5044600BF002C0BD100BF0CA34FF4DC
:10ADF000F47217A11CA0F9F7A9F900BF6FF00F00BA
:10AE000010BD00BF207D012805D000BF608B40F041
:10AE10001000608300BF0121204600F039F8EFE701
:10AE20002E2E2F4D6964646C6577617265732F54A3
:10AE3000686972645F50617274792F4C7749502F42
:10AE40007372632F636F72652F7463702E630000DB
:10AE50007463705F636C6F73653A20696E76616CC2
:10AE60006964207063620000417373657274696F76
:10AE70006E2022257322206661696C6564206174EE
:10AE8000206C696E6520256420696E2025730A0098
:10AE90003EB504460D4600BF002C08D100BF55A3A7
:10AEA0004FF4AF725FA167A0F9F750F900BF00BF80
:10AEB000002D56D0207D042802D0207D072850D1B7
:10AEC000A06F18B9208DB0F5066F4AD000BFA07EE4
:10AED00000F0100040B900BF46A34FF4B27263A166
:10AEE00058A0F9F733F900BF00BF208BE18A221D7B
:10AEF000CDE90021029023462046626A216D04F0CC
:10AF0000B1FB204602F03CFC00BF00BF5E48006879
:10AF1000A04205D15C480068C0685B4908600DE04C
:10AF20005949086806E0C168A14202D1E168C160E0
:10AF300002E0C0680028F6D100BF00BF0020E0603A
:10AF400000BF01205149087000BF51480068A0426D
:10AF500002D105F071FB02E0204600F015FC002054
:10AF60003EBD207D20B1012824D002283AD12CE01A
:10AF7000E08AD8B100BF47480068A04205D14548E3
:10AF80000068C068434908600DE04249086806E06F
:10AF9000C168A14202D1E168C16002E0C068002836
:10AFA000F6D100BF00BF0020E06000BF204600F0E7
:10AFB000EBFB1BE0204601F029FB2146364802F05E
:10AFC0004DFC204600F0D8FC10E000BF21462E4882
:10AFD00002F044FC01202D49087000BF204600F01B
:10AFE000D3FB03E0204600F059F8B9E700BF00208A
:10AFF000B6E700002E2E2F4D6964646C6577617290
:10B0000065732F54686972645F50617274792F4C54
:10B010007749502F7372632F636F72652F7463705B
:10B020002E6300007463705F636C6F73655F736899
:10B030007574646F776E3A20696E76616C6964200E
:10B0400070636200417373657274696F6E202225AC
:10B050007322206661696C6564206174206C696E7E
:10B060006520256420696E2025730A007063622DB7
:10B070003E666C61677320262054465F5258434CED
:10B080004F53454400000000544A00245C4A002409
:10B09000884A00244C4A0024504A002470B50546D2
:10B0A00000BF45B900BF1EA34FF4CE7228A12BA04C
:10B0B000F9F74CF800BF00BF287D032804D004280E
:10B0C0000AD0072818D10FE0284604F073FC044684
:10B0D0000CB90520287511E0284604F06BFC0446E5
:10B0E0000CB90520287509E0284604F063FC0446E5
:10B0F0000CB90920287501E0002070BD00BF1CB903
:10B10000284601F063FD09E0601C38B900BF688B78
:10B1100040F00800688300BF0020EEE72046ECE71F
:10B120002E2E2F4D6964646C6577617265732F54A0
:10B13000686972645F50617274792F4C7749502F3F
:10B140007372632F636F72652F7463702E630000D8
:10B1500070636220213D204E554C4C004173736555
:10B160007274696F6E2022257322206661696C6596
:10B1700064206174206C696E6520256420696E20EE
:10B1800025730A002DE9F05F80460D4691469A46E8
:10B190000A9F00BFB8F1000F07D100BF40A3A32250
:10B1A0004CA154A0F8F7D2FF00BF00BF00BF002D94
:10B1B00007D100BF3AA3A42258A14EA0F8F7C6FFBA
:10B1C00000BF00BF07F0010008B1042000E000202C
:10B1D00007F0020109B1002100E00021084407F056
:10B1E000080109B1002100E00021084407F0100126
:10B1F00009B1002100E0002146180320FCF7EAFE17
:10B20000041E05D12846FEF775FA0020BDE8F09F20
:10B21000A77200202060656000BF2889B04207DA6D
:10B2200000BF1FA3B02246A132A0F8F78FFF00BFD6
:10B2300000BF2889801B208114212846FDF749FD85
:10B2400020B1204604F0FCFA0020DFE76068406887
:10B25000E060B8F81600FCF774F8E1680880B8F808
:10B260001800FCF76EF8E16848805046FCF75CF87F
:10B27000E1684860B346F11706EB91718910491DEA
:10B280004FF6FF7202EA013141EA0900FCF759F872
:10B29000E16888810020E16848822046B6E7000026
:10B2A0002E2E2F4D6964646C6577617265732F541F
:10B2B000686972645F50617274792F4C7749502FBE
:10B2C0007372632F636F72652F7463705F6F757431
:10B2D0002E6300007463705F6372656174655F73F1
:10B2E00065676D656E743A20696E76616C6964207D
:10B2F00070636200417373657274696F6E202225FA
:10B300007322206661696C6564206174206C696ECB
:10B310006520256420696E2025730A007463705FC0
:10B320006372656174655F7365676D656E743A20FD
:10B33000696E76616C696420706275660000000059
:10B34000702D3E746F745F6C656E203E3D206F7093
:10B35000746C656E000000002DE9F04106460D4654
:10B36000174600BF002F08D100BF10A340F6C5024A
:10B370001AA124A0F8F7EAFE00BF00BF15B93046B5
:10B38000BDE8F081AC8C74B12820844202DD211A22
:10B3900089B200E000218846464501DA314600E0E6
:10B3A00041460E4600BF3046EAE700002E2E2F4DE4
:10B3B0006964646C6577617265732F54686972643F
:10B3C0005F50617274792F4C7749502F7372632FDD
:10B3D000636F72652F7463702E6300007463705F17
:10B3E0006566665F73656E645F6D73735F6E6574CB
:10B3F00069663A20696E76616C6964206473745F73
:10B4000069700000417373657274696F6E20222544
:10B410007322206661696C6564206174206C696EBA
:10B420006520256420696E2025730A002DE9F84304
:10B4300004460D460027B94600BF05F0030040B999
:10B4400000BF60A340F211426B496CA0F8F77EFE8A
:10B4500000BF00BF00BF002C08D100BF59A340F2BD
:10B46000134270A165A0F8F771FE00BF00BF05F0A0
:10B47000020000B1012707F0010008B1042000E03C
:10B48000002007F0020109B1002100E0002108447A
:10B4900007F0080109B1002100E00021084407F08D
:10B4A000100109B1002100E0002100EB01094FF477
:10B4B000207249463620FDF789FCB0F1000809D119
:10B4C00000BF608B40F08000608300BF4FF0FF3012
:10B4D000BDE8F88300BFB8F80A00484508DA00BFA5
:10B4E00038A340F2394257A144A0F8F72FFE00BF1D
:10B4F00000BF00972A4641462046E36DFFF742FE13
:10B50000061E07D100BF608B40F08000608300BF43
:10B51000701EDDE700BF307B00F0030040B100BFCC
:10B5200028A340F2424256A134A0F8F70FFE00BF14
:10B5300000BF00BF308940B100BF22A340F24342A8
:10B5400055A12EA0F8F702FE00BF00BFE06E08B9BB
:10B55000E66607E0E06E00E0006801680029FBD1C4
:10B56000066000BF0020A4F8680005F0020010B9D2
:10B5700005F0010010B1E06D401CE06505F0010030
:10B5800028B100BF608B40F02000608300BF70686E
:10B59000FDF79AFE34F8661F0844208034F86609E7
:10B5A00070B100BF206F50B9E06E40B900BF05A375
:10B5B00040F2654243A111A0F8F7C8FD00BF00BFEB
:10B5C000002085E72E2E2F4D6964646C65776172CB
:10B5D00065732F54686972645F50617274792F4C7F
:10B5E0007749502F7372632F636F72652F74637086
:10B5F0005F6F75742E6300005C2B010841737365E7
:10B600007274696F6E2022257322206661696C65F1
:10B6100064206174206C696E6520256420696E2049
:10B6200025730A007463705F656E71756575655F7B
:10B63000666C6167733A20696E76616C696420702C
:10B64000636200007463705F656E71756575655F38
:10B65000666C6167733A20636865636B2074686128
:10B660007420666972737420706275662063616EFF
:10B6700020686F6C64206F70746C656E0000000051
:10B680007365672D3E746370686472206E6F7420FA
:10B69000616C69676E6564007463705F656E717577
:10B6A0006575655F666C6167733A20696E76616C7B
:10B6B0006964207365676D656E74206C656E677470
:10B6C000680000007463705F656E71756575655F15
:10B6D000666C6167733A20696E76616C696420718B
:10B6E00075657565206C656E6774680070B5234874
:10B6F0000078401C2149087000BF2148046839E0E7
:10B70000A07F1E490978884233D01C480078A07772
:10B71000A07E00F0010078B100BF608B40F0020015
:10B72000608300BF204601F051FA00BF608B4FF6E6
:10B73000FC710840608300BFA07E00F0080048B1A3
:10B7400000BF608B4FF6F7710840608300BF204652
:10B75000FFF7A4FCE568A06F48B100200949087014
:10B76000204602F009FD0748007800B1C5E72C46E5
:10B7700000E0E468002CC3D170BD00005E4A0024E4
:10B78000544A00245C4A002410B5044600BF207DC2
:10B79000012807D100BF06A3D42211A115A0F8F7F4
:10B7A000D5FC00BF00BF21460120FCF745FB10BDC2
:10B7B0002E2E2F4D6964646C6577617265732F540A
:10B7C000686972645F50617274792F4C7749502FA9
:10B7D0007372632F636F72652F7463702E63000042
:10B7E0007463705F667265653A204C495354454EE8
:10B7F00000000000417373657274696F6E2022252A
:10B800007322206661696C6564206174206C696EC6
:10B810006520256420696E2025730A002DE9F04714
:10B8200005460C469146984635E0264624687068E1
:10B83000FDF74AFD074600BFB5F86600B84208DAD2
:10B8400000BF22A340F257422DA137A0F8F77EFC9B
:10B8500000BF00BF35F8660FC01B288030893C4907
:10B86000098808443A490880304603F0E9FF35F872
:10B87000660900280FD000BF002C0BD1B8F1000FD3
:10B8800008D100BF11A340F2614232A126A0F8F70F
:10B890005DFC00BF00BFB4B1E1684868FBF744FD40
:10B8A0008246E1688889FBF74CFD00F0030008B18F
:10B8B000012000E000202189084450442D490968F6
:10B8C000401A0028B1DD2046BDE8F0872E2E2F4D0E
:10B8D0006964646C6577617265732F54686972641A
:10B8E0005F50617274792F4C7749502F7372632FB8
:10B8F000636F72652F7463705F696E2E6300000062
:10B900007063622D3E736E645F71756575656C65FD
:10B910006E203E3D20706275665F636C656E286EBA
:10B920006578742D3E702900417373657274696F78
:10B930006E2022257322206661696C656420617423
:10B94000206C696E6520256420696E2025730A00CD
:10B950007C4A00247463705F726563656976653A3A
:10B960002076616C6964207175657565206C656E03
:10B9700067746800784A002410B5044600BF207D33
:10B98000012807D100BF06A3DF2211A117A0F8F7F5
:10B99000DDFB00BF00BF21460220FCF74DFA10BDC1
:10B9A0002E2E2F4D6964646C6577617265732F5418
:10B9B000686972645F50617274792F4C7749502FB7
:10B9C0007372632F636F72652F7463702E63000050
:10B9D0007463705F667265655F6C697374656E3AF7
:10B9E00020214C495354454E0000000041737365BB
:10B9F0007274696F6E2022257322206661696C65FE
:10BA000064206174206C696E6520256420696E2055
:10BA100025730A0010B50446606F20B1606F03F013
:10BA20001CFF0020606710BD0D4801880088401C85
:10BA30000B4A10800B48006818B10B4800888142FF
:10BA400005DA0A48006800F11402505C70470648A5
:10BA50000078081AC2B203480068805CF6E700006C
:10BA6000704A00246C4A00246A4A0024644A002474
:10BA700070B50B48046810E0E568A07E00F008008F
:10BA800048B100BF608B4FF6F7710840608300BF7C
:10BA90002046FFF703FB2C4600BF002CECD170BD05
:10BAA000544A002410B5F4F779FCC0F30D0000F5FA
:10BAB00040400149088010BD444A00242DE9FE4F52
:10BAC00005468B4600BF002D07D100BFE2A38322AD
:10BAD000EEA1F4A0F8F73AFB00BF00BFFB4968688D
:10BAE00008606889142800DAC8E3F94A11685069C7
:10BAF000FAF73AF928B9F648007D00F0F000E0289E
:10BB000000D1BBE3F14909688889FBF71AFC0013EF
:10BB10008700142F02DB2889B84200DAAEE3A7F1D0
:10BB20001400EC4908800020EB4908606889B8429D
:10BB300008DBE8480088E949088039462846FEF7CE
:10BB40003BF84AE000BF286838B900BFC2A3C22250
:10BB5000E3A1D4A0F8F7FAFA00BF00BF14212846E9
:10BB6000FEF72AF86889DD490880DA4800880988E4
:10BB7000401A1FFA80FAD94801882846FEF71CF8B7
:10BB800028684089504500DA78E328684068D2493F
:10BB9000086051462868FEF70FF82889A0EB0A00D4
:10BBA000288100BF688938B100BFABA3DF22D0A1D4
:10BBB000BCA0F8F7CBFA00BF00BF00BF28892968F6
:10BBC0000989884207D000BFA3A3E022CBA1B5A07A
:10BBD000F8F7BCFA00BF00BF00BFBC49096808887D
:10BBE000FBF7AFFBB94909680880B849096848887C
:10BBF000FBF7A7FBB54909684880B449096848685C
:10BC0000FBF792FBB14909684860C4490860AF4935
:10BC100009688868FBF788FBAC4909688860C049F7
:10BC20000860AA490968C889FBF78BFBA74909681E
:10BC3000C881A64909688889FBF783FB00F03F00AB
:10BC4000B84908702889B8490880B648007800F0DB
:10BC5000030040B108460088401C088028890988F4
:10BC6000884200DD0AE34FF00009B048046873E041
:10BC700000BF207D38B900BF77A3FB22ACA189A00B
:10BC8000F8F764FA00BF00BF00BF207D0A2807D183
:10BC900000BF71A3FC22B0A182A0F8F757FA00BF41
:10BCA00000BF00BF207D012807D100BF6AA3FD228D
:10BCB000B4A17CA0F8F74AFA00BF00BF207A50B1C7
:10BCC000217A8348406890F83000401CC0B281421D
:10BCD00001D0A1463FE0208B7C4909680988884251
:10BCE00037D1E08A794909684988884231D1784951
:10BCF0006068096988422CD1754920684969884281
:10BD000027D100BFE068A04208D100BF52A340F293
:10BD10000D12A6A163A0F8F719FA00BF00BFB9F190
:10BD2000000F07D0E068C9F80C0080480068E060A8
:10BD30007E48046000BFE068A04208D100BF46A36F
:10BD400040F21512A4A157A0F8F700FA00BF00BFF7
:10BD500004E0A14600BFE468002C89D100BF002C9C
:10BD600078D1A848046839E000BF207D0A2808D0AF
:10BD700000BF39A340F21F12A3A14AA0F8F7E6F9C9
:10BD800000BF00BF207A48B1217A5148406890F83E
:10BD90003000401CC0B2814200D01EE0208B4B49D5
:10BDA00009680988884217D1E08A484909684988A2
:10BDB000884211D146496068096988420CD14449DA
:10BDC00020684969884207D1204604F081FB284653
:10BDD000FDF790FCBDE8FE8F00BFE468002CC3D1E6
:10BDE000A146954806681FE0307A50B1317A38484C
:10BDF000406890F83000401CC0B2814201D0B1468A
:10BE000011E0F08A314909684988884209D13049EE
:10BE100030684969884200D108E00EB1306800B945
:10BE200004E0B14600BFF668002EDDD100BF8EB140
:10BE3000B9F1000F07D0F068C9F80C007E4800681F
:10BE4000F0607D480660304600F04AFC2846FDF769
:10BE500051FCBFE7F2E000002E2E2F4D6964646CA8
:10BE60006577617265732F54686972645F5061729F
:10BE700074792F4C7749502F7372632F636F7265FB
:10BE80002F7463705F696E2E630000007463705FCF
:10BE9000696E7075743A20696E76616C69642070A1
:10BEA00062756600417373657274696F6E20222536
:10BEB0007322206661696C6564206174206C696E10
:10BEC0006520256420696E2025730A00644A0024D9
:10BED000004F0024684A00246C4A00246A4A002467
:10BEE000702D3E6E65787420213D204E554C4C00DF
:10BEF000702D3E6C656E203D3D203000702D3E74EF
:10BF00006F745F6C656E203D3D20702D3E6E6578D0
:10BF1000742D3E746F745F6C656E0000744A00246B
:10BF2000784A0024804A00247E4A0024544A00248F
:10BF30007463705F696E7075743A206163746976BA
:10BF400065207063622D3E737461746520213D200D
:10BF5000434C4F53454400007463705F696E7075C5
:10BF6000743A20616374697665207063622D3E7354
:10BF70007461746520213D2054494D452D57414938
:10BF8000540000007463705F696E7075743A2061CC
:10BF90006374697665207063622D3E7374617465A5
:10BFA00020213D204C495354454E00007463705F7E
:10BFB000696E7075743A207063622D3E6E65787498
:10BFC00020213D2070636220286265666F726520C3
:10BFD00063616368652900007463705F696E7075E2
:10BFE000743A207063622D3E6E65787420213D2086
:10BFF000706362202861667465722063616368659E
:10C0000029000000584A00247463705F696E7075DF
:10C01000743A2054494D452D57414954207063626C
:10C020002D3E7374617465203D3D2054494D452D6E
:10C030005741495400000000504A0024002C73D09E
:10C0400000209149086028890881084645608F488A
:10C050000068C86000208E4908608E4908708E49CB
:10C0600008808E48007800F0080018B1687B40F026
:10C0700001006873A06F80B1204602F07DF80D309A
:10C0800028B1A06F48B186480088002805DD608D82
:10C0900010B9204603F0EEFBBCE082480460204665
:10C0A00001F0C8FC804608F10D00002816D0794840
:10C0B000007800F0080090B100BFD4F8900028B1DB
:10C0C0006FF00D01D4F890202069904700BF214601
:10C0D000754801F0C3FB2046FFF756FB99E04FF08F
:10C0E00000086D480088002819DD6B48B0F800A0F2
:10C0F00000BFD4F8800038B152462146D4F88030D1
:10C1000020699847804601E04FF0000800BF08F121
:10C110000D0000B97EE000205F49088000BF204686
:10C1200000F0D8F808B175E084E059480068A8B379
:10C1300000BFA06F50B100BFAFF2E4234FF4F37221
:10C140005AA1AFF2A020F8F701F800BF00BFA07E0F
:10C1500000F0100038B14E480068FDF7CBFA2046D9
:10C16000FEF7D6FD56E000BFD4F8840048B10023A6
:10C170004749D4F884C020690A682146E0478046D0
:10C1800007E00023424821460268184602F0CCFE30
:10C19000804600BF08F10D0008B93BE005E0B8F1AA
:10C1A000000F02D03A480068A0673A48007800F0D3
:10C1B000200018B3A06F30B1A06F407B40F020008A
:10C1C000A16F48731AE0208DB0F5066F02D0208D64
:10C1D000401C208500BFD4F8840040B100231A46DB
:10C1E0002146D4F884C02069E047804601E04FF042
:10C1F000000800BF08F10D0000B90BE0002029493C
:10C200000860204600F066F800B103E0204600F028
:10C21000DDFC00BF0020234908601D4908601A4862
:10C22000406840B318494868FDF764FA0020164991
:10C23000486020E0154909688889FBF782F800F01A
:10C240000400A8B9114800680088104909684988A5
:10C250001D4ACDE9002102901C4800681049098858
:10C260004218194B1B1D1A480168002003F0FAF907
:10C270002846FDF73FFA00BF00BFABE52846FDF7B3
:10C2800039FA00BFA6E50000A47F0024644A002418
:10C29000844A0024814A00247C4A0024804A0024E5
:10C2A0007E4A0024884A0024544A00247063622D88
:10C2B0003E726566757365645F64617461203D3DBF
:10C2C000204E554C4C000000104F0024744A0024AE
:10C2D000784A002410B5044600BF002C08D100BFE6
:10C2E00013A340F25A221FA128A0F7F72FFF00BF87
:10C2F00000BF3048007800F01000B8B1A07E00F018
:10C30000100050B900BFD4F8900028B16FF00E01B2
:10C31000D4F890202069904700BF2146264801F0BC
:10C320009DFA2046FFF730FA012010BD0020FCE7FF
:10C330002E2E2F4D6964646C6577617265732F547E
:10C34000686972645F50617274792F4C7749502F1D
:10C350007372632F636F72652F7463705F696E2EE3
:10C36000630000007463705F696E7075745F64656C
:10C370006C617965645F636C6F73653A20696E7692
:10C38000616C696420706362000000004173736532
:10C390007274696F6E2022257322206661696C6554
:10C3A00064206174206C696E6520256420696E20AC
:10C3B00025730A00814A0024544A00242DE9F041E3
:10C3C0000446002600BF002C08D100BF14A340F68D
:10C3D000240220A126A0F7F7B9FE00BF00BF216DFF
:10C3E000481EFAF7A1FF8046434600223146204608
:10C3F00000F09EFD05461DB94FF0FF30BDE8F0810D
:10C40000334600222946204600F010FF231D224615
:10C410002946204600F08CFE07463846EEE700002D
:10C420002E2E2F4D6964646C6577617265732F548D
:10C43000686972645F50617274792F4C7749502F2C
:10C440007372632F636F72652F7463705F6F75749F
:10C450002E6300007463705F6B656570616C697654
:10C46000653A20696E76616C6964207063620000D1
:10C47000417373657274696F6E2022257322206682
:10C4800061696C6564206174206C696E6520256447
:10C4900020696E2025730A002DE9F04107467F2FA1
:10C4A00001DD7F2000E0384606460EB9BDE8F08188
:10C4B000701EC6B24FF0000800250F48046813E054
:10C4C000607DB04208DB607DB0420CD10B49206A30
:10C4D0000968081A404506D30849206A0968A1EB93
:10C4E00000082546667DE468002CE9D115B1284690
:10C4F000FEF70EFC00BFD9E7544A0024484A002446
:10C500002DE9F041054600BF082D0AD0092D08D0BD
:10C5100000BF13A340F2DD621DA121A0F7F716FEB4
:10C5200000BF00BF00270026274804680EE0207DDA
:10C53000A8420AD12549206A0968081AB84204D3DA
:10C540002249206A09680F1A2646E468002CEED1B9
:10C550001EB100213046FEF7F1FABDE8F08100007F
:10C560002E2E2F4D6964646C6577617265732F544C
:10C57000686972645F50617274792F4C7749502FEB
:10C580007372632F636F72652F7463702E63000084
:10C59000696E76616C696420737461746500000073
:10C5A000417373657274696F6E2022257322206651
:10C5B00061696C6564206174206C696E6520256416
:10C5C00020696E2025730A00544A0024484A00243A
:10C5D00070B5002600250B4804680BE00A49206A64
:10C5E0000968081AB04204D30749206A09680E1A7C
:10C5F0002546E468002CF1D115B12846FEF788FBEA
:10C6000070BD0000584A0024484A002470B5044612
:10C6100000BF44B900BF12A340F211121CA11FA019
:10C62000F7F794FD00BF00BF00BF207D012808D0B0
:10C6300000BF0BA34FF4897222A118A0F7F786FD63
:10C6400000BF00BF012507E0244951F82510086804
:10C65000214602F059FD6D1C042DF5D370BD00007C
:10C660002E2E2F4D6964646C6577617265732F544B
:10C67000686972645F50617274792F4C7749502FEA
:10C680007372632F636F72652F7463702E63000083
:10C6900070636220213D204E554C4C004173736500
:10C6A0007274696F6E2022257322206661696C6541
:10C6B00064206174206C696E6520256420696E2099
:10C6C00025730A007063622D3E7374617465203DAA
:10C6D0003D204C495354454E00000000042A0108F7
:10C6E0002DE9FE4305465448007800F0040008B1E7
:10C6F000BDE8FE8300BF002D08D100BF4FA340F26C
:10C7000081225BA162A0F7F721FD00BF00BF4A486C
:10C71000007800F01000B0B16748006800886649F2
:10C7200009684988654ACDE900210290644800689B
:10C73000644909884218614B1B1D634801682846FB
:10C7400002F090FF75E03C48007800F002000028FD
:10C750006FD0687DFEF7E4FA044674B900BFA8699B
:10C7600038B14FF0FF320021AB6928699847804605
:10C7700001E06FF00F0800BFBAE750481038406979
:10C7800020604E48103800696060E88AE0824A48BC
:10C790000068008820830320207549480068401CF9
:10C7A0006062606AE062204600F022F90646A665F3
:10C7B00026656664E66542480068401E6065286933
:10C7C0002061E567687A00F00C006072287A2072B8
:10C7D00000BF00BF3D480068E0603C48046003F0D3
:10C7E0005BFE00BF01203A49087000BF204600F000
:10C7F0002FFF31480068C08924F8600F20886080CE
:10C80000603C201DF9F78EFF8046608E221D414658
:10C81000FEF7A2FD608612212046FEF707FE0746BE
:10C8200027B100212046FEF789F961E7204600F094
:10C83000CDF900BF5CE70000804A00242E2E2F4D6A
:10C840006964646C6577617265732F54686972649A
:10C850005F50617274792F4C7749502F7372632F38
:10C86000636F72652F7463705F696E2E63000000E2
:10C870007463705F6C697374656E5F696E707574F4
:10C880003A20696E76616C69642070636200000012
:10C89000417373657274696F6E202225732220665E
:10C8A00061696C6564206174206C696E6520256423
:10C8B00020696E2025730A00644A0024104F00246A
:10C8C000744A00247E4A0024784A0024544A0024F2
:10C8D0005C4A002470B506460D46D6B13068C0B13A
:10C8E0000C480168304600F01BF80B4801683046E0
:10C8F00000F016F86DB1286858B10848046806E0E1
:10C9000020683168884201D128682060E468002CE2
:10C91000F6D170BD544A00244C4A0024504A0024E9
:10C920002DE9F04105460E46344600BF002D08D1E2
:10C9300000BF0CA34FF4106216A123A0F7F706FC6A
:10C9400000BF00BF0AE020682968884205D1E76877
:10C950002046FEF7DDF93C4600E0E468002CF2D109
:10C96000BDE8F0812E2E2F4D6964646C657761728D
:10C9700065732F54686972645F50617274792F4CCB
:10C980007749502F7372632F636F72652F746370D2
:10C990002E6300007463705F6E657469665F697012
:10C9A0005F616464725F6368616E6765645F706332
:10C9B000626C6973743A20696E76616C6964206F89
:10C9C0006C645F6164647200417373657274696F53
:10C9D0006E2022257322206661696C656420617473
:10C9E000206C696E6520256420696E2025730A001D
:10C9F00010B5044600BF002C08D100BF09A340F6C3
:10CA0000AF0214A11AA0F7F7A1FB00BF00BF224894
:10CA100000682249096808441F4908600846006800
:10CA200010BD00002E2E2F4D6964646C6577617215
:10CA300065732F54686972645F50617274792F4C0A
:10CA40007749502F7372632F636F72652F74637011
:10CA50002E6300007463705F6E6578745F69737332
:10CA60003A20696E76616C69642070636200000030
:10CA7000417373657274696F6E202225732220667C
:10CA800061696C6564206174206C696E6520256441
:10CA900020696E2025730A00604A0024484A002459
:10CAA00070B505460C4600BF002D08D100BF25A378
:10CAB00040F21F4230A13AA0F7F748FB00BF00BF89
:10CAC000E9688889FAF73DFC00F0010020B12046B2
:10CAD00002F0C3FE002433E013E0E1688889FAF72E
:10CAE00030FC00F0010038B10120FAF72AFCE968B7
:10CAF00089890843E968888126462468304602F01F
:10CB00009FFE4CB1E06840682189084429892E4A7B
:10CB100012681144081AE0D594B128892A49096895
:10CB20000844E1684968401A002809DDE068808807
:10CB300025490988401A288129896868FCF736FF49
:10CB40002C6070BD2E2E2F4D6964646C6577617208
:10CB500065732F54686972645F50617274792F4CE9
:10CB60007749502F7372632F636F72652F746370F0
:10CB70005F696E2E630000007463705F6F6F735F98
:10CB8000696E736572745F7365676D656E743A2064
:10CB9000696E76616C6964206373656700000000EC
:10CBA000417373657274696F6E202225732220664B
:10CBB00061696C6564206174206C696E6520256410
:10CBC00020696E2025730A00744A00242DE9F84F6D
:10CBD000044600BF002C08D100BFA7A340F2E142E9
:10CBE000B2A1B8A0F7F7B2FA00BF00BF00BF207D26
:10CBF000012808D100BFA0A340F2E342BBA1B1A02D
:10CC0000F7F7A4FA00BF00BFC2480068A04202D1F3
:10CC10000020BDE8F88FB4F86000B4F848108842EE
:10CC200002DAB4F8600001E0B4F848008146E56E2D
:10CC300045B9A07E00F0020018B1204602F01AFEAD
:10CC4000E7E710E1221D2146204602F0FBFC0746E3
:10CC500017B96FF00300DCE70CB1206858B90FB1C9
:10CC6000381D00E00020014611B96FF00300D0E745
:10CC70000868206000BFE9684868FAF755FB616CF6
:10CC8000401A29890844484519D9B4F86000484534
:10CC90000CD1206F50B994F8990038B9002004F8ED
:10CCA000980F012060700020A070983CA07E00F0DA
:10CCB000020018B1204602F0DDFDAAE7D3E0002013
:10CCC00084F89900266F26B100E0366830680028A5
:10CCD000FBD1B5E000BFE9688889FAF732FB00F0C4
:10CCE000040040B100BF64A340F236528AA175A08F
:10CCF000F7F72CFA00BF00BF206FA0B1A07E00F0B4
:10CD0000440080B9E06E38B1E06E006858B9E06E5A
:10CD10000089618E884206DAB4F8640018B1B4F86C
:10CD20006600092801DB012000E0002020B9A07E78
:10CD300000F0A00000B98FE0207D022807D010206D
:10CD4000FAF7FFFAE96889890843E96888813A4671
:10CD50002146284600F0FCFA0090009838B100BF48
:10CD6000608B40F08000608300BF009851E7286826
:10CD7000E066207D022806D000BF608B4FF6FC7174
:10CD80000840608300BFE9684868FAF7CDFA80463A
:10CD9000E9688889FAF7D5FA00F0030008B10120A4
:10CDA00000E000202989084408EB000A206DB0EB60
:10CDB0000A0001D5C4F850A0E9688889FAF7C1FAD9
:10CDC00000F0030008B1012000E000202989084498
:10CDD00088B300202860206F10B925672E462EE00A
:10CDE000E9684868FAF7A0FA8046F1684868FAF7F7
:10CDF0009BFAB8EB00001BD504F1700801E0D8F8ED
:10CE00000080D8F8000068B1D8F80010C9684868F8
:10CE1000FAF78AFA8346E9684868FAF785FABBEBBD
:10CE20000000ECD4D8F800002860C8F8005006E0F4
:10CE30003560366803E0FFE7284602F001FDE56E45
:10CE400055B1E9684868FAF76FFA616C401A2989A8
:10CE5000084448457FF63EAF00BFE06E10B90020A1
:10CE6000A4F8680000BF00BF608B4FF67F710840D8
:10CE7000608300BF0020CCE62E2E2F4D6964646CC9
:10CE80006577617265732F54686972645F5061726F
:10CE900074792F4C7749502F7372632F636F7265CB
:10CEA0002F7463705F6F75742E6300007463705F1E
:10CEB0006F75747075743A20696E76616C69642060
:10CEC00070636200417373657274696F6E2022250E
:10CED0007322206661696C6564206174206C696EE0
:10CEE0006520256420696E2025730A00646F6E2713
:10CEF000742063616C6C207463705F6F75747075FF
:10CF00007420666F72206C697374656E2D70636235
:10CF100073000000884A0024525354206E6F74201E
:10CF200065787065637465642068657265210000CA
:10CF30002DE9FF4104460E461746984600BF002CD7
:10CF400008D100BF10A340F242721CA125A0F7F740
:10CF5000FDF800BF00BF608D1023218BE28ACDE970
:10CF600001130092039043463A463146606A00F04E
:10CF70004DF805461DB1618D606A0844E06228469F
:10CF800004B0BDE8F08100002E2E2F4D6964646C62
:10CF90006577617265732F54686972645F5061725E
:10CFA00074792F4C7749502F7372632F636F7265BA
:10CFB0002F7463705F6F75742E6300007463705F0D
:10CFC0006F75747075745F616C6C6F635F686561B9
:10CFD0006465723A20696E76616C69642070636280
:10CFE00000000000417373657274696F6E20222522
:10CFF0007322206661696C6564206174206C696EBF
:10D000006520256420696E2025730A002DE9F05FF4
:10D0100082460D4617469846DDF830B005F11400FB
:10D02000384481B24FF420722220FBF7CFFE06462F
:10D03000002E34D000BF718905F11400814208DA56
:10D0400000BF18A340F2237223A12FA0F7F77EF8A8
:10D0500000BF00BF74680A98FAF773F920800B9834
:10D06000FAF76FF96080C4F804805046FAF75CF96B
:10D07000A060A946E91705EB91718910491D4FF68B
:10D08000FF7202EA013141EA0B00FAF75AF9A08176
:10D090000D98FAF756F9E081002020826082304630
:10D0A000BDE8F09F2E2E2F4D6964646C6577617228
:10D0B00065732F54686972645F50617274792F4C84
:10D0C0007749502F7372632F636F72652F7463708B
:10D0D0005F6F75742E630000636865636B2074680E
:10D0E0006174206669727374207062756620636172
:10D0F0006E20686F6C64207374727563742074633F
:10D10000705F686472000000417373657274696FC8
:10D110006E2022257322206661696C65642061742B
:10D12000206C696E6520256420696E2025730A00D5
:10D130002DE9FE4F04460E4692469B4600BF002E48
:10D1400008D100BF17A340F2877223A12DA0F6F7E4
:10D15000FDFF00BF00BF5A465146204602F072FA5A
:10D16000054615B96FF0030715E024B194F80B805C
:10D1700094F80A9003E04FF0FF084FF000090620F2
:10D1800043465A465146CDE9009002953046F9F79C
:10D1900061F8074600BF3046FCF7ACFA3846BDE8F8
:10D1A000FE8F00002E2E2F4D6964646C65776172CE
:10D1B00065732F54686972645F50617274792F4C83
:10D1C0007749502F7372632F636F72652F7463708A
:10D1D0005F6F75742E6300007463705F6F75747099
:10D1E00075745F636F6E74726F6C5F7365676D6586
:10D1F0006E743A20696E76616C696420706275663F
:10D2000000000000417373657274696F6E202225FF
:10D210007322206661696C6564206174206C696E9C
:10D220006520256420696E2025730A002DE9F047EA
:10D2300081460D4614469A464FF0000800BF002D67
:10D2400008D100BF1CA340F2567228A131A0F6F706
:10D250007DFF00BF00BF6E6806F1140700BF3846AF
:10D2600000EB880004F0010109B1042100E0002175
:10D27000084404F0020109B1002100E00021084443
:10D2800004F0080109B1002100E00021084404F085
:10D29000100109B1002100E000210844B84208D083
:10D2A00000BF05A340F2757224A11AA0F6F74EFF45
:10D2B00000BF00BFBDE8F0872E2E2F4D6964646C5F
:10D2C0006577617265732F54686972645F5061722B
:10D2D00074792F4C7749502F7372632F636F726587
:10D2E0002F7463705F6F75742E6300007463705FDA
:10D2F0006F75747075745F66696C6C5F6F7074695C
:10D300006F6E733A20696E76616C69642070627525
:10D3100066000000417373657274696F6E20222588
:10D320007322206661696C6564206174206C696E8B
:10D330006520256420696E2025730A006F7074696A
:10D340006F6E73206E6F742066696C6C656400008C
:10D350002DE9FE4F04460D46164600BF002C08D1AD
:10D3600000BF58A34FF4B76263A16BA0F6F7EEFEBF
:10D3700000BF00BF00BF002D08D100BF51A340F285
:10D38000B9526FA164A0F6F7E1FE00BF00BF00BF75
:10D39000002E08D100BF4BA340F2BA5270A15EA08C
:10D3A000F6F7D4FE00BF00BF204600F0F7F810B13A
:10D3B0000020BDE8FE8F686AF9F7B6FFE168886073
:10D3C000688DF9F7BEFFE168C881698D686A084415
:10D3D000E862E06800F11407A07A00F0010068B18B
:10D3E0002A1D31464FF40670FDF7B6FF82464AF01B
:10D3F0000170F9F799FF38603F1D00BFB5F93000A3
:10D40000002801DA00202886686B38B95D4800687A
:10D410006863E1684868F9F787FFA863A0896168D5
:10D420008988401A1FFA80F860684089A0EB0800DC
:10D430006168488160680089A0EB08006168088124
:10D440006168E06848600020E168088200BFE06829
:10D450001430A17A01F0010109B1042100E000219A
:10D460000844A17A01F0020109B1002100E0002185
:10D470000844A17A01F0080109B1002100E000216F
:10D480000844A17A01F0100109B1002100E0002157
:10D490000844B84208D000BF0AA340F21C623AA177
:10D4A0001DA0F6F753FE00BF00BF0621A87A8DE845
:10D4B0004300EB7A2A1D29466068F8F7CBFE8146C7
:10D4C000484676E72E2E2F4D6964646C657761724D
:10D4D00065732F54686972645F50617274792F4C60
:10D4E0007749502F7372632F636F72652F74637067
:10D4F0005F6F75742E6300007463705F6F75747076
:10D5000075745F7365676D656E743A20696E7661D8
:10D510006C69642073656700417373657274696F29
:10D520006E2022257322206661696C656420617417
:10D53000206C696E6520256420696E2025730A00C1
:10D540007463705F6F75747075745F7365676D6514
:10D550006E743A20696E76616C6964207063620053
:10D560007463705F6F75747075745F7365676D65F4
:10D570006E743A20696E76616C6964206E657469B8
:10D5800066000000484A00246F7074696F6E732053
:10D590006E6F742066696C6C6564000010B504469B
:10D5A00000BF002C08D100BF08A340F29A5214A17A
:10D5B0001DA0F6F7CBFD00BF00BF6068807B01288F
:10D5C00001D0012010BD0020FCE700002E2E2F4DC1
:10D5D0006964646C6577617265732F5468697264FD
:10D5E0005F50617274792F4C7749502F7372632F9B
:10D5F000636F72652F7463705F6F75742E630000C4
:10D600007463705F6F75747075745F7365676D6553
:10D610006E745F627573793A20696E76616C6964C5
:10D620002073656700000000417373657274696F51
:10D630006E2022257322206661696C656420617406
:10D64000206C696E6520256420696E2025730A00B0
:10D650002DE9F041054600BF002D08D100BF28A3E9
:10D6600040F27D7233A13AA0F6F770FD00BF00BF13
:10D6700041480088002840D000204049088036E01A
:10D68000FEF7D2F9074627B1012F04D0022F1FD190
:10D6900002E0BDE8F08128E0FEF7C6F9042806D1D3
:10D6A00036480088801C34490988884200DDF0E74C
:10D6B000FEF7BAF90602FEF7B7F90643B6F5067F9C
:10D6C00000DC16B94FF4067000E0304668860CE0C6
:10D6D000FEF7AAF90446022C00DADAE7A01E274971
:10D6E000098808442549088000BF00BF00BF2348BF
:10D6F0000088214909888842C2DB00BFC9E70000D1
:10D700002E2E2F4D6964646C6577617265732F549A
:10D71000686972645F50617274792F4C7749502F39
:10D720007372632F636F72652F7463705F696E2EFF
:10D73000630000007463705F70617273656F707472
:10D740003A20696E76616C69642070636200000043
:10D75000417373657274696F6E202225732220668F
:10D7600061696C6564206174206C696E6520256454
:10D7700020696E2025730A00684A0024704A00243C
:10D7800010B5044600BF002C09D100BF16A340F617
:10D79000510221A127A0F6F7D9FC00BF10BD00BFA0
:10D7A000207DF8B1207D0A281CD0207D012819D0C9
:10D7B000A06F20B1A06FFBF79DFF0020A067606FF6
:10D7C00010B12046FEF726F94FF0FF302086E06EBC
:10D7D00002F043F8206F02F040F80020E066206776
:10D7E000A4F8680000BFD9E72E2E2F4D6964646C41
:10D7F0006577617265732F54686972645F506172F6
:10D8000074792F4C7749502F7372632F636F726551
:10D810002F7463702E6300007463705F7063625FC7
:10D8200070757267653A20696E76616C6964207004
:10D8300063620000417373657274696F6E20222504
:10D840007322206661696C6564206174206C696E66
:10D850006520256420696E2025730A0070B5054691
:10D860000C4600BF002C08D100BF3AA340F683024B
:10D8700044A14BA0F6F76AFC00BF00BF00BF002D1B
:10D8800008D100BF33A340F684024FA144A0F6F7AD
:10D890005DFC00BF00BF00BF2868A04203D128681C
:10D8A000C06828600CE0286806E0C168A14202D187
:10D8B000E168C16002E0C0680028F6D100BF00BF87
:10D8C0000020E06000BF2046FFF75AFF207D0A28B5
:10D8D0000FD0207D01280CD0A07E00F0010040B1C7
:10D8E00000BF608B40F00200608300BF2046FFF75E
:10D8F0006DF9207D012826D000BFE06E40B100BF49
:10D9000014A340F6930238A125A0F6F71FFC00BF30
:10D9100000BF00BF206F40B100BF0EA340F69402CD
:10D9200037A11FA0F6F712FC00BF00BF00BF606F59
:10D9300040B100BF07A340F6960238A118A0F6F741
:10D9400005FC00BF00BF00202075E08200BF00BFC3
:10D9500070BD00002E2E2F4D6964646C6577617276
:10D9600065732F54686972645F50617274792F4CCB
:10D970007749502F7372632F636F72652F746370D2
:10D980002E6300007463705F7063625F72656D6F19
:10D9900076653A20696E76616C6964207063620016
:10D9A000417373657274696F6E202225732220663D
:10D9B00061696C6564206174206C696E6520256402
:10D9C00020696E2025730A007463705F7063625F64
:10D9D00072656D6F76653A20696E76616C69642058
:10D9E0007063626C69737400756E73656E74207316
:10D9F00065676D656E7473206C65616B696E670039
:10DA0000756E61636B6564207365676D656E7473B5
:10DA1000206C65616B696E67000000006F6F736555
:10DA200071207365676D656E7473206C65616B69D9
:10DA30006E6700002DE9FE4304460027002600BF64
:10DA4000002C08D100BFE5A34FF44772F0A1F7A066
:10DA5000F6F77CFB00BF00BFFE48007800F0040032
:10DA6000002845D0207D022806D1FB49206D096899
:10DA700088421BD1012719E0F849606A0968884289
:10DA800001D1012712E0F549606A0968081A0DD42E
:10DA9000218D606A0844F1490968081A002805DCEC
:10DAA00000BF608B40F00200608300BF002F1DD0DC
:10DAB00000BF207D40B900BFC8A34FF44E72E8A15B
:10DAC000DAA0F6F743FB00BF00BFED48007840F056
:10DAD0000800EB49087000BF608B4FF6FE710840EC
:10DAE000608300BF6FF00D00BDE8FE830020FBE700
:10DAF000D848007800F0020068B1207D02280AD0E2
:10DB0000207D032807D000BF608B40F002006083B7
:10DB100000BF0020E8E7A07E00F0100010B9D9484F
:10DB200000682062002084F89B0084F89A00204658
:10DB3000FFF78EFD207D801E082875D2DFE800F0FB
:10DB400004CDF4F3F2F1F0EFC248007800F01000D9
:10DB500000286AD0BF48007800F002000028F8D002
:10DB6000606C401CBC49096888425ED1BB480068B3
:10DB7000401C6062606AE062B74800686064C24846
:10DB80000068C089A4F86000B4F86000A4F86200DE
:10DB9000B2480068401E606504202075201DF8F71B
:10DBA000C1FD8046608E221D4146FDF7D5FB608693
:10DBB000608E8100400041F21C12904202D9608EBA
:10DBC000400001E041F21C10814202D2608E8000D0
:10DBD0000AE0608E400041F21C11884202D9608E3A
:10DBE000400001E041F21C10A4F8480000BFB4F866
:10DBF0006600002808DC00BF78A34FF45B72A3A185
:10DC00008AA0F6F7A3FA00BF00BFB4F86600401E72
:10DC1000A4F86600256F95B9E56E00BF5DB900BF39
:10DC20006EA34FF45D7201E08DE231E09DA17FA013
:10DC3000F6F78CFA00BF00BF2868E06601E02868AC
:10DC40002067284601F0FCFD206F18B94FF0FF3027
:10DC5000208603E00020208684F8420000BFD4F82C
:10DC6000880038B100222146D4F8883020699847CE
:10DC7000064600E0002600BF06F10D0010B96FF067
:10DC80000C0031E700BF608B40F00200608323E0AE
:10DC90007048007800F01000F0B17B480068008800
:10DCA000794909684988844ACDE9002102906B4886
:10DCB00000688249098842187F4B1B1D664801682D
:10DCC000204601F0CFFC94F84200062804DA002038
:10DCD0002086204601F07AFB36E25E48007800F0AC
:10DCE0001000002876D0606C401C5B490968081A57
:10DCF00071D45949206D0968081A00286BDC04208A
:10DD00002075E06F10B96FF0050623E000BFE06FEB
:10DD1000806978B900BF31A34FF46A7205E0FCE175
:10DD2000BCE107E17CE117E105E165A13FA0F6F761
:10DD30000DFA00BF00BF00BFE06F806938B1E16F2E
:10DD4000206900228B6921469847064601E06FF062
:10DD50000F0600BF46B106F10D0010B12046FCF7DA
:10DD6000D7FF6FF00C00BFE6204600F09FFA5C483A
:10DD7000008820B15A480088401E59490880608EAA
:10DD80008100400041F21C12904202D9608E400096
:10DD900001E041F21C10814202D2608E80000AE054
:10DDA000608E400041F21C11884202D9608E400012
:10DDB00001E041F21C10A4F848003148007800F05E
:10DDC000200048B100BF608B40F00200608300BFBC
:10DDD000072087E09FE087E0ABE000002E2E2F4D6C
:10DDE0006964646C6577617265732F5468697264E5
:10DDF0005F50617274792F4C7749502F7372632F83
:10DE0000636F72652F7463705F696E2E630000002C
:10DE10007463705F70726F636573733A20696E76B6
:10DE2000616C696420706362000000004173736577
:10DE30007274696F6E2022257322206661696C6599
:10DE400064206174206C696E6520256420696E20F1
:10DE500025730A00804A0024784A0024744A00246A
:10DE60007463705F696E7075743A207063622D3EE2
:10DE7000737461746520213D20434C4F5345440029
:10DE8000814A0024484A0024644A00247063622DB9
:10DE90003E736E645F71756575656C656E203E20BE
:10DEA000300000006E6F207365676D656E742074BE
:10DEB0006F20667265650000104F00247E4A0024C2
:10DEC0007063622D3E6C697374656E65722D3E6180
:10DED000636365707420213D204E554C4C0000005A
:10DEE0007C4A0024207524E09948006801889848FD
:10DEF00000684088974ACDE9002002919648006862
:10DF0000964909884218934B1B1D95480168204685
:10DF100001F0A8FB0DE09348007800F0020040B14A
:10DF2000606A401E8C490968884202D1204601F08F
:10DF300045F909E100BF204600F0B8F98A480078A9
:10DF400000F0200038B100BF608B40F00200608319
:10DF500000BF07202075F7E0204600F0A7F98248AF
:10DF6000007800F02000E8B37E48007800F0100050
:10DF7000C8B37B49206D0968884239D1E06E90BBF7
:10DF800000BF608B40F00200608300BF2046FFF7B7
:10DF9000F7FB00BF00BF75480068A04205D1734879
:10DFA0000068C068714908600DE07049086806E0C3
:10DFB000C168A14202D1E168C16002E0C0680028E6
:10DFC000F6D100BF00BF0020E06000BF012068491B
:10DFD000087000BF0A20207500BF66480068E06036
:10DFE000644801E00DE003E0046002F055FA16E039
:10DFF00000BF608B40F00200608300BF08202075E6
:10E000000DE05848007800F0100040B15449206DF0
:10E010000968884203D1E06E08B90620207593E0B4
:10E02000204600F043F95048007800F02000A0B3EB
:10E0300000BF608B40F00200608300BF2046FFF706
:10E040009FFB00BF00BF49480068A04205D1474878
:10E050000068C068454908600DE04449086806E06A
:10E06000C168A14202D1E168C16002E0C068002835
:10E07000F6D100BF00BF0020E06000BF01203C4996
:10E08000087000BF0A20207500BF3A480068E060B1
:10E090003848046002F000FA00BF55E0204600F066
:10E0A00005F93048007800F01000A8B32C49206D25
:10E0B0000968884230D1E06E70BB2046FFF760FBF4
:10E0C00000BF00BF29480068A04205D1274800686A
:10E0D000C068264908600DE02449086806E0C16868
:10E0E000A14202D1E168C16002E0C0680028F6D117
:10E0F00000BF00BF0020E06000BF01201C49087085
:10E1000000BF0A20207500BF1A480068E060194867
:10E11000046002F0C1F900BF16E0204600F0C6F826
:10E120001048007800F0100060B10D49206D0968BA
:10E13000884207D1E06E28B90B48007840F0100003
:10E140000949087000E000BF00BF0020CCE40000D7
:10E15000644A0024104F0024744A00247E4A00249C
:10E16000784A0024804A0024814A0024544A00242A
:10E170005C4A0024584A00242DE9F041044600BFBF
:10E18000002C0CD100BF29A340F2096233A13DA0AD
:10E19000F5F7DCFF00BF6FF00F00BDE8F08100BFB6
:10E1A000A06F477BA66F0020A06700BFD4F8840053
:10E1B00040B1002332462146D4F884C02069E047AC
:10E1C000054606E0002332462146184600F0ACFE24
:10E1D000054600BFF5B907F0200028B3208DB0F543
:10E1E000066F02D0208D401C208500BFD4F884002B
:10E1F00040B100231A462146D4F884C02069E04784
:10E20000054600E0002500BF05F10D0060B96FF084
:10E210000C00C2E705F10D0010B96FF00C00BCE76F
:10E22000A6676FF00400B8E70020B6E72E2E2F4D4A
:10E230006964646C6577617265732F546869726490
:10E240005F50617274792F4C7749502F7372632F2E
:10E25000636F72652F7463702E6300007463705F68
:10E2600070726F636573735F726566757365645F03
:10E27000646174613A20696E76616C6964207063D0
:10E2800062000000417373657274696F6E2022250D
:10E290007322206661696C6564206174206C696E0C
:10E2A0006520256420696E2025730A002DE9F05F42
:10E2B00004464FF0000900BF002C08D100BFE5A3C1
:10E2C00040F27B42F0A1F7A0F5F740FF00BF00BF8E
:10E2D00000BF207D042808DA00BFDEA340F27C42A4
:10E2E000FAA1F0A0F5F732FF00BF00BFFE480078AA
:10E2F00000F01000002870D0B4F86000A16D00EBB1
:10E300000108FA49606D0968401A15D4F749606D33
:10E310000968884204D1F649A06D0968401A0BD4F7
:10E32000F349A06D096888421AD1F2480068C08993
:10E33000B4F86010884213D9EE480068C08924F808
:10E34000600F608834F86019884203DAB4F860001E
:10E35000A4F86200E54800686065E5480068A065CB
:10E36000E349606C0968081A00284ADCE248008822
:10E3700090BBB4F86010A06D084440453AD1B4F9A0
:10E380003000002836DBDA49606C0968884231D1F8
:10E390004FF0010994F84300401CC0B294F84310B8
:10E3A000884204DD94F84300401C84F8430094F84C
:10E3B0004300032817DD00BFB4F84800618E08440D
:10E3C00080B2B4F84810884208DBB4F84800618E87
:10E3D0000844A4F8480005E00CE02AE14FF6FF707D
:10E3E000A4F8480000BF94F84300032802DB20464D
:10E3F00000F066FFB9F1000F02D1002084F843005D
:10E40000EBE0606C401CBA490968081A7ED4B84930
:10E41000206D0968081A002878DCA07E00F004004E
:10E4200060B100BF608B4FF6FB710840608300BF96
:10E4300048346088208000206084483C00202434D8
:10E44000A077608BB4F9181000EBE10000B2A08354
:10E45000208CA7490988081A85B20020E077A448D3
:10E460000068206214F8100C243C042865DBB4F822
:10E470004800B4F84A10884227DA628B02F400623E
:10E480000AB1012200E002221146628E4A4392B292
:10E49000AA4201DD2A4602E0628E4A4392B2104649
:10E4A00000BFB4F84820024492B2B4F848309A420F
:10E4B00005DBB4F848200244A4F8482003E04FF6F6
:10E4C000FF72A4F8482000BF37E000BFB4F86A002C
:10E4D000284480B2B4F86A10884205DBB4F86A00B8
:10E4E0002844A4F86A0003E04FF6FF70A4F86A001D
:10E4F00000BFB4F86A00B4F8481088421DDB483405
:10E50000608C2188401A6084483C00E062E000BFD3
:10E51000B4F84800618E084480B2B4F848108842CC
:10E5200006DBB4F84800618E0844A4F8480003E014
:10E530004FF6FF70A4F8480000BF70A22046D4E94F
:10E540001B31FDF76BF920676EA22046D4E91B133F
:10E55000FDF764F9E066206F18B94FF0FF302086B0
:10E5600001E00020208600202077E06E10B9002016
:10E57000A4F86800B4F86400644909880844A4F861
:10E580006400608B00F4006018B3206F88B9E06EFF
:10E5900040B1E16EC9684868F8F7C6FEE16C081A38
:10E5A000002816DC00BF608B4FF2FF7108406083CB
:10E5B0000FE0216FC9684868F8F7B6FEE16C081AE9
:10E5C000002806DC00BF608B4FF2FF7108406083BB
:10E5D00000BF02E0204601F04DF9606B48B34449AA
:10E5E000A06B0968401A24D5A08E49490988081AE9
:10E5F00007B2B4F93C00A7EBE00007B2A08F3844A3
:10E6000000B2A087002F01DA784207B2B4F93E00C9
:10E61000A7EBA00007B2E08F384400B2E087E08F9C
:10E62000B4F93C1000EBE10000B2A4F84000002077
:10E6300060633148008800286CDD207D072869DA96
:10E640002A48616A0068401C081A7CD42748616A1D
:10E65000006860E02E2E2F4D6964646C65776172EE
:10E6600065732F54686972645F50617274792F4CBE
:10E670007749502F7372632F636F72652F746370C5
:10E680005F696E2E630000007463705F726563657E
:10E690006976653A20696E76616C696420706362A0
:10E6A00000000000417373657274696F6E2022254B
:10E6B0007322206661696C6564206174206C696EE8
:10E6C0006520256420696E2025730A007463705FDD
:10E6D000726563656976653A2077726F6E6720733D
:10E6E0007461746500000000804A0024744A0024AC
:10E6F000784A0024644A00247E4A0024756E6163CF
:10E700006B656400756E73656E7400007C4A00244E
:10E71000484A0024D4E3F74A12881044401E081ADD
:10E7200000285FDCF4484668F449606A0968A0EB99
:10E73000010A00BFF048406860B900BFAFF2EC03C7
:10E7400040F2945200E04DE0EDA1AFF2A800F5F7E1
:10E75000FDFC00BF00BF00BF4FF6FF7082450AD32B
:10E7600000BFAFF2101340F29552E9A1AFF2CC0016
:10E77000F5F7ECFC00BF00BF1FFA8AF500BFDE48CA
:10E7800040680089A8420ADA00BFAFF2381340F2AD
:10E790009752E3A1AFF2F400F5F7D8FC00BF00BF39
:10E7A000D5480089401BD449088108464068008943
:10E7B000401B1FFA80FB07E07089281A85B2A6F873
:10E7C00008B00020708136687089A842F4DB2946C1
:10E7D0003046FBF7F1F9C949606A0860C649C96863
:10E7E00048600AE0C549606A0968081A05D500BF93
:10E7F000608B40F00200608300BFC049606A096816
:10E80000081A7DD4218D606A0844401EBB490968FE
:10E81000081A002874DCB949606A0968884270D116
:10E82000B549C9688889F8F78CFD00F0030008B184
:10E83000012000E00020B04909890844AD49088062
:10E84000208D0988884256DAAB49C9688889F8F76B
:10E8500078FD00F0010098B1A749C9688889F8F7E8
:10E8600070FD00F03E052846F8F76BFDA249C96827
:10E8700089894CF2FF02114008439F49C968888189
:10E88000208D9D490881C9688889F8F75AFD00F0F4
:10E89000020020B198480089401E97490881964A95
:10E8A00011895068FBF782F89349C9688889F8F79D
:10E8B00048FD00F0030008B1012000E000208E496F
:10E8C000098908448B49088000BF218D606A08448B
:10E8D0008A490968874A1288114488420AD000BFD1
:10E8E000AFF2902340F2CB5291A1AFF24820F5F75E
:10E8F0002DFC00BF00BF606F002816D07E4901E0EC
:10E90000DAE2D3E1C9688889F8F71BFD00F001005D
:10E9100060B107E0656F606F00686067284600F0CF
:10E920008FFF00BF606F0028F4D187E0656F2EE095
:10E93000E9688889F8F705FD00F0010008B36E4921
:10E94000C9688889F8F7FDFC00F00200C8B9012009
:10E95000F8F7F7FC6849C968898908436649C968B6
:10E9600088816549C9688889F8F7EBFC00F00300E5
:10E9700008B1012000E000205F49098908445D4991
:10E9800008802E462D68304600F05AFF00BF55B172
:10E99000E86840682989084458490968554A128836
:10E9A0001144081AC4D5002D46D054480068514976
:10E9B00009880844E9684968401A00283CDDE8688D
:10E9C00080884E490988401A4B490881C96888895E
:10E9D000F8F7B7FC00F0020020B147480089401E5C
:10E9E00045490881444A11895068FAF7DFFF4249D6
:10E9F000C9688889F8F7A5FC00F0030008B1012078
:10EA000000E000203C49098908443A49088000BFD9
:10EA10003A48006809880844E968496888420AD089
:10EA200000BFAFF2D03340F2FC524FA1AFF28C30B6
:10EA3000F5F78CFB00BF00BF656700BF2F4800687B
:10EA40002C4909880844606200BF208D2949098843
:10EA500088420ADA00BFAFF2044340F2076251A1D4
:10EA6000AFF2C030F5F772FB00BF00BF208D214927
:10EA70000988401A2085204601F0E8FD1E484068BC
:10EA80000089002806DD1C4840684E4908600020C7
:10EA9000194948601849C9688889F8F752FC00F09C
:10EAA000010028B14848007840F02000464908702D
:10EAB000DAE0656F606FC068406810490860E96817
:10EAC0008889F8F73EFC00F0030008B1012000E05F
:10EAD000002029890844616A0844606200BFE9682F
:10EAE0008889F8F72EFC00F0030008B101206EE0E1
:10EAF0006CE000007E4A0024A47F0024744A0024B5
:10EB0000696E7365672E7020213D204E554C4C0078
:10EB1000696E73616E65206F6666736574210000AF
:10EB20007062756620746F6F2073686F7274210055
:10EB30007463705F726563656976653A20736567B3
:10EB40006D656E74206E6F74207472696D6D65648E
:10EB500020636F72726563746C7920746F207263C6
:10EB6000765F776E640A00007463705F7265636538
:10EB70006976653A207365676D656E74206E6F7493
:10EB8000207472696D6D656420636F727265637461
:10EB90006C7920746F206F6F736571207175657566
:10EBA000650A00007463705F726563656976653A33
:10EBB000207463706C656E203E207263765F776EA2
:10EBC000640A0000844A0024814A00240020298924
:10EBD0000844218D88420AD900BFAFF2885340F221
:10EBE0002B62C2A1AFF24450F5F7B0FA00BF00BFEC
:10EBF000E9688889F8F7A5FB00F0030008B1012057
:10EC000000E0002029890844218D081A208520462B
:10EC100001F01CFD6868008900280DDDBD48006812
:10EC200028B1BC4869680068FAF7A6FA02E0B94959
:10EC30006868086000206860E9688889F8F781FBE7
:10EC400000F0010050B1B448007840F02000B24913
:10EC50000870207D042801D107202075286860678E
:10EC6000284600F0EDFD00BF606F30B1606FC068F6
:10EC70004068616A88423FF41CAF00BFA07E00F08C
:10EC8000010060B100BF608B4FF6FE7108406083E9
:10EC900000BF00BF608B40F00200608305E000BF52
:10ECA000608B40F00100608300BF1DE1606F20B900
:10ECB0009A4800F06BFD6067FAE00026656FF2E0AD
:10ECC000E868406896490968884217D193480089E6
:10ECD0002989884211DD914800F058FD8246BAF139
:10ECE000000F09D016B1C6F800A001E0C4F874A066
:10ECF00029465046FDF7D4FED8E0D7E0A6B9E8682B
:10ED0000406887490968081A0DD5844800F03EFD1F
:10ED10008246BAF1000F05D0C4F874A029465046C7
:10ED2000FDF7BEFEC2E030E0F0684068401C7C4960
:10ED30000968081A28D4E8684068401E78490968BC
:10ED4000081A002820DC754800F020FD8246BAF140
:10ED5000000F18D0F068406831890844704909688C
:10ED6000401A002809DDF06880886D490988081A72
:10ED7000308131897068FAF719FEC6F800A029467B
:10ED80005046FDF78DFE91E000BF2E462868002812
:10ED90007DD1E868406862490968081A002876DD74
:10EDA000E9688889F8F7CDFA00F0010000B17DE04C
:10EDB0005A4800F0EBFC28602868002871D0E86809
:10EDC00040682989084456490968401A002809DD25
:10EDD000E868808852490988081A28812989686862
:10EDE000FAF7E4FD218D606A08444E4909884C4ACF
:10EDF00012681144081A002853DD2968C9688889F7
:10EE0000F8F79FFA00F0010098B12968C96888896D
:10EE1000F8F797FA00F03E0A5046F8F792FA296898
:10EE2000C96889894CF2FF02114008432968C96802
:10EE30008881A08C218D084439490988401A2968A5
:10EE400008812A6811895068FAF7B0FD2968C968F5
:10EE50008889F8F776FA00F0030008B1012000E095
:10EE600000202968098908442E49088000BF218DA7
:10EE7000606A01442A4800682A4A12881044814284
:10EE80000ED000BFAFF634034FF4DF6201E009E0BB
:10EE900007E0AFF26431AFF2F470F5F757F900BF55
:10EEA00000BF03E02D68002D7FF40AAF00BF00BF54
:10EEB000204600F0DFFC17E0204600F0DBFC13E00A
:10EEC0001749606A0968081A08D4218D606A0844E5
:10EED000401E13490968081A002805DD00BF608B31
:10EEE00040F00200608300BFBDE8F09F7463705F74
:10EEF000726563656976653A206F6F73657120741A
:10EF000063706C656E203E207263765F776E640A74
:10EF100000000000844A0024814A0024A47F0024C9
:10EF2000744A00247E4A00242DE9F04107460D462C
:10EF300014461E4600BF002D0CD100BF0EA34FF497
:10EF4000D36219A11FA0F5F701F900BF6FF00F0000
:10EF5000BDE8F08100BF3CB12189284600F046F8A9
:10EF60002046FAF7C7FB04E01EB92846FBF738FF36
:10EF7000EEE70020ECE700002E2E2F4D6964646C54
:10EF80006577617265732F54686972645F5061724E
:10EF900074792F4C7749502F7372632F636F7265AA
:10EFA0002F7463702E6300007463705F7265637604
:10EFB0005F6E756C6C3A20696E76616C6964207066
:10EFC00063620000417373657274696F6E2022255D
:10EFD0007322206661696C6564206174206C696EBF
:10EFE0006520256420696E2025730A002DE9F04113
:10EFF00004460F4600BF002C0AD100BF1CA340F2FC
:10F00000CF3227A12CA0F5F7A1F800BFBDE8F08111
:10F0100000BF00BF207D012808D100BF14A340F22B
:10F02000D2322FA124A0F5F791F800BF00BF208DA8
:10F03000384485B2B5F5066F02DC208DA84203DDA9
:10F040004FF40660208500E02585204601F0FEFA99
:10F050000646B6F5067F08D300BF608B40F002007D
:10F06000608300BF2046FDF7B1FD00BFCEE7000082
:10F070002E2E2F4D6964646C6577617265732F5411
:10F08000686972645F50617274792F4C7749502FB0
:10F090007372632F636F72652F7463702E63000049
:10F0A0007463705F7265637665643A20696E766139
:10F0B0006C69642070636200417373657274696F78
:10F0C0006E2022257322206661696C65642061745C
:10F0D000206C696E6520256420696E2025730A0006
:10F0E000646F6E27742063616C6C207463705F7250
:10F0F000656376656420666F72206C697374656EF3
:10F100002D7063627300000070B506460D4600BFA7
:10F11000002D07D100BF09A3FF2214A11DA0F5F700
:10F1200015F800BF00BF344605E0E06FA84201D1EA
:10F130000020E067E468002CF7D170BD2E2E2F4D23
:10F140006964646C6577617265732F546869726471
:10F150005F50617274792F4C7749502F7372632F0F
:10F16000636F72652F7463702E6300007463705F49
:10F1700072656D6F76655F6C697374656E65723A02
:10F1800020696E76616C6964206C697374656E6564
:10F1900072000000417373657274696F6E202225DE
:10F1A0007322206661696C6564206174206C696EED
:10F1B0006520256420696E2025730A002DE9F04141
:10F1C000044600BF002C08D100BF20A340F2C1625A
:10F1D0002BA131A0F4F7BAFF00BF00BF206F18B910
:10F1E0006FF00500BDE8F081256F2846FEF7D6F9DF
:10F1F00010B16FF00500F5E72868206704F16C0690
:10F2000000E03668306858B13168C9684868F8F776
:10F210008BF80746E9684868F8F786F8381AF0D49A
:10F22000306828603560286810B90020A4F86800AC
:10F2300094F84200FF2804DA94F84200401C84F855
:10F2400042000020606300BFCCE700002E2E2F4D4F
:10F250006964646C6577617265732F546869726460
:10F260005F50617274792F4C7749502F7372632FFE
:10F27000636F72652F7463705F6F75742E63000027
:10F280007463705F7265786D69743A20696E766137
:10F290006C69642070636200417373657274696F96
:10F2A0006E2022257322206661696C65642061747A
:10F2B000206C696E6520256420696E2025730A0024
:10F2C00010B5044600BF002C08D100BF20A340F2B7
:10F2D000F9622CA133A0F4F739FF00BF00BF206F03
:10F2E000A0B3A07E00F0040080BB2046FFF766FFBD
:10F2F00060BBB4F84810B4F86020914202DAB4F868
:10F30000481001E0B4F86010084601EBD071C1F379
:10F310004F01A4F84A10B4F84A00618E49008842AF
:10F3200004D2608E4004000CA4F84A00B4F84A00ED
:10F33000618E032202FB0100A4F8480000BF608B2D
:10F3400040F00400608300BF0020208610BD000054
:10F350002E2E2F4D6964646C6577617265732F542E
:10F36000686972645F50617274792F4C7749502FCD
:10F370007372632F636F72652F7463705F6F757440
:10F380002E6300007463705F7265786D69745F66E8
:10F390006173743A20696E76616C6964207063628F
:10F3A00000000000417373657274696F6E2022253E
:10F3B0007322206661696C6564206174206C696EDB
:10F3C0006520256420696E2025730A0010B5044667
:10F3D00000BF002C08D100BF08A340F2AD6214A109
:10F3E0001AA0F4F7B3FE00BF00BF204600F09EF85D
:10F3F00010B9204600F03EF810BD00002E2E2F4D13
:10F400006964646C6577617265732F5468697264AE
:10F410005F50617274792F4C7749502F7372632F4C
:10F42000636F72652F7463705F6F75742E63000075
:10F430007463705F7265786D69745F72746F3A207F
:10F44000696E76616C6964207063620041737365F4
:10F450007274696F6E2022257322206661696C6563
:10F4600064206174206C696E6520256420696E20BB
:10F4700025730A0010B5044600BF002C08D100BF58
:10F480000AA34FF4D36216A11EA0F4F75FFE00BFDB
:10F4900000BF94F84200FF2804DA94F84200401CB0
:10F4A00084F842002046FDF791FB10BD2E2E2F4D13
:10F4B0006964646C6577617265732F5468697264FE
:10F4C0005F50617274792F4C7749502F7372632F9C
:10F4D000636F72652F7463705F6F75742E630000C5
:10F4E0007463705F7265786D69745F72746F5F6367
:10F4F0006F6D6D69743A20696E76616C6964207015
:10F5000063620000417373657274696F6E20222517
:10F510007322206661696C6564206174206C696E79
:10F520006520256420696E2025730A0070B50446A5
:10F5300000BF002C08D100BF22A340F263622EA1BD
:10F5400036A0F4F703FE00BF00BF206F10B96FF0C4
:10F55000050070BD256F07E02846FEF71FF810B1C3
:10F560006FF00500F5E72D6828680028F4D12846DB
:10F57000FEF714F810B16FF00500EAE7E06E2860BE
:10F58000206FE0660020206700BF608B40F40060C1
:10F59000608300BFE9684868F7F7C6FE0646E96879
:10F5A0008889F7F7CEFE00F0030008B1012000E0E3
:10F5B0000020298908443044E0640020606300BFD3
:10F5C000C7E700002E2E2F4D6964646C6577617269
:10F5D00065732F54686972645F50617274792F4C3F
:10F5E0007749502F7372632F636F72652F74637046
:10F5F0005F6F75742E6300007463705F7265786D61
:10F6000069745F72746F5F707265706172653A20C1
:10F61000696E76616C696420706362004173736522
:10F620007274696F6E2022257322206661696C6591
:10F6300064206174206C696E6520256420696E20E9
:10F6400025730A0070B504460E4615462CB1207A83
:10F6500018B1207AF8F71EFF70BD2846F7F762F858
:10F66000FAE700002DE9F04F85B083460F4690463B
:10F670001D46DDF8389000BF002D08D100BF1EA345
:10F6800040F2C47229A130A0F4F760FD00BF00BFB2
:10F6900000BFB9F1000F08D100BF17A340F2C57237
:10F6A00033A129A0F4F752FD00BF00BF002646F2A7
:10F6B000080A3846F7F738FE14220490DDE90F01F6
:10F6C0008DE80704002231464046049BFDF79EFC6E
:10F6D000044614B905B0BDE8F08F33460022214638
:10F6E0005846FDF7A3FD4B462A4621465846FDF7EE
:10F6F0001FFD00BFEEE700002E2E2F4D6964646CE5
:10F700006577617265732F54686972645F506172C6
:10F7100074792F4C7749502F7372632F636F726522
:10F720002F7463705F6F75742E6300007463705F75
:10F730007273743A20696E76616C6964206C6F63D1
:10F74000616C5F6970000000417373657274696F6A
:10F750006E2022257322206661696C6564206174C5
:10F76000206C696E6520256420696E2025730A006F
:10F770007463705F7273743A20696E76616C696449
:10F780002072656D6F74655F6970000070B5054625
:10F7900000BF002D08D100BF0CA340F2826217A168
:10F7A0001DA0F4F7D3FC00BF00BF0320F8F712FC44
:10F7B00004460CB9002070BD95E80F0084E80F00E6
:10F7C0006068FAF7A5F92046F5E700002E2E2F4DC8
:10F7D0006964646C6577617265732F5468697264DB
:10F7E0005F50617274792F4C7749502F7372632F79
:10F7F000636F72652F7463702E6300007463705FB3
:10F800007365675F636F70793A20696E76616C69C2
:10F810006420736567000000417373657274696FDB
:10F820006E2022257322206661696C6564206174F4
:10F83000206C696E6520256420696E2025730A009E
:10F8400010B5044644B1606810B16068F9F752FF22
:10F8500021460320F8F7F0FA10BD70B5044605E024
:10F8600025682046FFF7ECFF2C4600BF002CF7D19F
:10F8700070BD00002DE9F04704460025A94600BFF1
:10F88000002C08D100BF2CA340F2EA7237A13FA0A0
:10F89000F4F75CFC00BF00BF05F0010008B10420D4
:10F8A00000E0002005F0020109B1002100E0002184
:10F8B000084405F0080109B1002100E000210844D6
:10F8C00005F0100109B1002100E0002100EB010862
:10F8D000206DF7F729FD8246534600224146204617
:10F8E000FDF726FB06464EB900BF608B40F00300D3
:10F8F000608300BF6FF00100BDE8F0874B462A46E9
:10F9000031462046FDF792FC231D22463146204613
:10F91000FDF70EFC07462FB100BF608B40F00300DF
:10F92000608306E000BF608B4FF6FC710840608387
:10F9300000BF3846E0E700002E2E2F4D6964646C4E
:10F940006577617265732F54686972645F50617284
:10F9500074792F4C7749502F7372632F636F7265E0
:10F960002F7463705F6F75742E6300007463705F33
:10F9700073656E645F656D7074795F61636B3A2067
:10F98000696E76616C6964207063620041737365AF
:10F990007274696F6E2022257322206661696C651E
:10F9A00064206174206C696E6520256420696E2076
:10F9B00025730A0070B5044600BF002C08D100BFB3
:10F9C00016A340F2EB3222A128A0F4F7BFFB00BF40
:10F9D00000BFE06EE8B1E56E00E02D682868002801
:10F9E000FBD1E9688889F7F7ACFC00F0070078B92B
:10F9F0000120F7F7A6FCE96889890843E96888814E
:10FA000000BF608B40F02000608300BF002070BD0D
:10FA100000BF01212046FBF709FDF8E72E2E2F4DF0
:10FA20006964646C6577617265732F546869726488
:10FA30005F50617274792F4C7749502F7372632F26
:10FA4000636F72652F7463705F6F75742E6300004F
:10FA50007463705F73656E645F66696E3A20696E89
:10FA600076616C69642070636200000041737365A5
:10FA70007274696F6E2022257322206661696C653D
:10FA800064206174206C696E6520256420696E2095
:10FA900025730A002DE9F04F85B04FF00009E948C1
:10FAA0000068401CE7490860E7480078401CE649C8
:10FAB000087000BF0025E5480468E3E200BF207D30
:10FAC000002808D100BFE2A340F2BE42ECA1F7A09B
:10FAD000F4F73CFB00BF00BF00BF207D012808D128
:10FAE00000BFDBA340F2BF42FAA1F0A0F4F72EFB67
:10FAF00000BF00BF00BF207D0A2808D100BFD4A3EB
:10FB00004FF49862FEA1E9A0F4F720FB00BF00BF0C
:10FB1000A07FCD490978884202D12546E468B1E248
:10FB2000C9480078A0770026B046207D022806D17B
:10FB300094F84200062802DB701CC6B2D1E094F8AB
:10FB400042000C2802DB701CC6B2CAE094F899008F
:10FB500000285DDD00BF206F002808D000BFBCA3D7
:10FB600040F2D442F2A1D1A0F4F7F0FA00BF00BFF6
:10FB700000BFE06E002808D100BFB5A340F2D54217
:10FB8000F8A1CAA0F4F7E2FA00BF00BF94F89A0007
:10FB90000C2802DB701CC6B2A3E094F89900401E4A
:10FBA000FE490F5C94F89800B84204DA94F8980083
:10FBB000401C84F8980094F89800B84227DB4FF076
:10FBC000010AB4F8600030B9204600F0CBFD70B1F6
:10FBD0004FF0000A0BE0B4F86010204600F0F4FA91
:10FBE00028B92046FCF7F2FF08B94FF0000ABAF135
:10FBF000000F0BD0002084F8980094F89900072893
:10FC000004D294F89900401C84F8990000BF68E081
:10FC1000B4F93000002809DBB4F9300047F6FF7171
:10FC2000884203DA208E401C00B22086B4F93000EE
:10FC3000B4F94010884254DB2046FFF777FC18B136
:10FC4000206F70BBE06E60B3207D02281ED094F858
:10FC500042200C2A02D294F8422000E00C221146E5
:10FC6000B4F93E20B4F93C3002EBE302CC4B5B5CD0
:10FC700002FA03F047F6FF72904201DA024601E011
:10FC800047F6FF7212B2A4F8402000BF0020208681
:10FC9000B4F84800B4F86010884203DAB4F84800B9
:10FCA00002E01EE0B4F86000049004984010A4F84C
:10FCB0004A00B4F84A00618E4FF6FF7202EA410131
:10FCC000884205DA608E114601EA4000A4F84A0035
:10FCD000608EA4F848000020A4F86A002046FFF7D0
:10FCE000C9FB207D06280BD1A07E00F0100038B1A2
:10FCF0005449206A0968081A282801D9701CC6B21C
:10FD0000607A00F00800D0B3207D042802D0207D66
:10FD1000072834D1A349D4F8940008444FF4FA7169
:10FD2000B0FBF1F0474A216A1268511A884206D2A4
:10FD3000701CC6B208F1010000F0FF081FE094F843
:10FD40009B1042F29F4211FB02F1D4F8940000EBA9
:10FD5000C1004FF4FA71B0FBF1F03A4A216A12681F
:10FD6000511A88420BD22046FCF728FB8146B9F194
:10FD7000000F04D194F89B00401C84F89B00606F36
:10FD800068B13049206A0968081AB4F9401001EBDB
:10FD90004101B0EB410F02D32046FBF73BFE207D33
:10FDA000032807D12749206A0968081A282801D999
:10FDB000701CC6B2207D092807D12249206A096833
:10FDC000081AF02801D9701CC6B2002E37D0D4F81A
:10FDD00090A02046FDF7D4FC8DB100BF1B48006801
:10FDE000844208D100BF1AA340F26D526EA12FA029
:10FDF000F4F7ACF900BF00BFE068E86011E000BFB5
:10FE000012480068A04208D000BF11A340F271520E
:10FE100070A126A0F4F79AF900BF00BF0B49E06873
:10FE20000860B8F1000F0BD0208BE18A221DCDE9CC
:10FE30000021029023462046626A216DE0E0FBE04B
:10FE4000E0E00000484A00245E4A0024544A0024AE
:10FE50002E2E2F4D6964646C6577617265732F5423
:10FE6000686972645F50617274792F4C7749502FC2
:10FE70007372632F636F72652F7463702E6300005B
:10FE80007463705F736C6F77746D723A2061637422
:10FE9000697665207063622D3E73746174652021FC
:10FEA0003D20434C4F5345440A00000041737365A5
:10FEB0007274696F6E2022257322206661696C65F9
:10FEC00064206174206C696E6520256420696E2051
:10FED00025730A007463705F736C6F77746D723A88
:10FEE00020616374697665207063622D3E7374616E
:10FEF000746520213D204C495354454E0A000000B2
:10FF00007463705F736C6F77746D723A20616374A1
:10FF1000697665207063622D3E737461746520217B
:10FF20003D2054494D452D574149540A00000000D9
:10FF30007463705F736C6F7774696D723A2070656B
:10FF40007273697374207469636B696E6720776973
:10FF5000746820696E2D666C6967687420646174CA
:10FF6000610000007463705F736C6F7774696D7209
:10FF70003A2070657273697374207469636B696E7B
:10FF800067207769746820656D7074792073656E79
:10FF9000642062756666657200000000FD29010834
:10FFA000F0290108B84C0A007463705F736C6F77B6
:10FFB000746D723A206D6964646C6520746370209E
:10FFC000213D207463705F6163746976655F70635F
:10FFD000627300007463705F736C6F77746D723A54
:10FFE00020666972737420706362203D3D207463E3
:10FFF000705F6163746976655F70636273000000AF
:020000040801F1
:10000000FFF730FBD4F810B0207D03902746E4685A
:100010003846FBF7B9FB00204849087000BFBAF129
:10002000000F03D06FF00C015846D04700BF434883
:10003000007800B13EE524E02546E468287F401CB6
:100040002877287F697F88421BDB002028773B497F
:10005000087000BFD5F88C0030B12946D5F88C2047
:1000600028699047814601E04FF0000900BF3348FE
:10007000007800B11EE5B9F1000F02D12846FCF767
:10008000A5FD00BF002C7FF419AD00252C480468A5
:100090004EE000BF207D0A280AD000BFAFF25023F7
:1000A00040F2A15227A1AFF2FC10F4F74FF800BFC5
:1000B00000BF00262F49206A0968081AF02801D9D4
:1000C000701CC6B2002E31D02046FDF759FB9DB101
:1000D00000BF1B48006884420AD100BFAFF29023E2
:1000E00040F2AF5224A1AFF23C20F4F72FF800BF4A
:1000F00000BFE068E86013E000BF11480068A0425C
:100100000AD000BFAFF2B82340F2B35224A1AFF23D
:100110006420F4F71BF800BF00BF0949E0680860DD
:100120002746E4683846FBF72FFB01E02546E468E4
:10013000002CAED105B0BDE8F08F00005C4A002471
:10014000584A00247463705F736C6F77746D723AF1
:100150002054494D452D57414954207063622D3E2E
:100160007374617465203D3D2054494D452D5741C0
:1001700049540000484A00247463705F736C6F77C1
:10018000746D723A206D6964646C652074637020CC
:10019000213D207463705F74775F70636273000049
:1001A0007463705F736C6F77746D723A20666972F6
:1001B000737420706362203D3D207463705F7477B8
:1001C0005F706362730000002DE9F04F85B0054653
:1001D0000E4600270024A34600BF002D08D100BF13
:1001E00079A340F24B3285A18DA0F3F7AFFF00BF9A
:1001F00000BFEC6E24B94FF0FF3005B0BDE8F08FC2
:10020000002E0CD100BF00BF6FA340F253328EA16D
:1002100083A0F3F79BFF00BF00BFB01FEDE720896D
:10022000B04201DC0020E8E700BF688EB04208DA87
:1002300000BF65A340F25B328CA179A0F3F786FF83
:1002400000BF00BF00BF2089002808DC00BF5EA3FC
:100250004FF4577289A172A0F3F778FF00BF00BF77
:1002600094F80A8008F0010008B1042000E00020A2
:1002700008F0020109B1002100E00021084408F063
:10028000080109B1002100E00021084408F0100134
:1002900009B1002100E00021084404902089801B5E
:1002A0001FFA80FA0498504481B24FF4207236202D
:1002B000F8F78CFD8346BBF1000F00D16EE060685B
:1002C00000892189401A304480B20290DBF8043062
:1002D000049A991860685246029BF9F76BF95045E9
:1002E00000D05BE0E1688889F7F72BF800F03F0960
:1002F0000020039009F0080028B129F008090398AC
:1003000040F00800039009F0010028B129F001092C
:10031000039840F001000390E1684868F7F704F89B
:1003200030440346CDE9008059462846039AFAF73F
:1003300029FF074607B931E06068F8F7C5FF35F8CF
:10034000661F081A288062681289A2EB0A0291B21D
:100350006068F9F72BFB2089A0EB0A002081484652
:10036000F6F7EFFFE16889890843E16888816068F2
:10037000F8F7AAFF2988084428807868F8F7A4FFCE
:100380002988084425F8660920683860276038689D
:1003900010B90020A5F8680000202EE700BF47B183
:1003A00000BF09A34FF4767238A11DA0F3F7CEFE6B
:1003B00000BF00BFBBF1000F02D05846F9F79AF911
:1003C0004FF0FF3019E700002E2E2F4D6964646C4A
:1003D0006577617265732F54686972645F506172EA
:1003E00074792F4C7749502F7372632F636F726546
:1003F0002F7463705F6F75742E6300007463705F99
:1004000073706C69745F756E73656E745F73656726
:100410003A20696E76616C69642070636200000046
:10042000417373657274696F6E2022257322206692
:1004300061696C6564206174206C696E6520256457
:1004400020696E2025730A0043616E277420737043
:100450006C6974207365676D656E7420696E746F66
:10046000206C656E677468203000000073706C69E2
:1004700074203C3D206D7373000000007573656748
:100480002D3E6C656E203E203000000073656720B5
:100490003D3D204E554C4C0010B50948006868B9E8
:1004A0000848006810B90848006838B101200449BC
:1004B000086000220549FA20FAF7BEF910BD0000D5
:1004C000944A0024544A0024584A0024FD0A010892
:1004D0003EB504462948007800F0040000B13EBD56
:1004E00000BF002C08D100BF25A340F2EE2231A1AD
:1004F00038A0F3F72BFE00BF00BF2048007800F0C3
:10050000020018B33D49606A0968081A26D4218D93
:10051000606A084439490968081A00281EDC38480E
:1005200000680088364909684988364ACDE90021C3
:10053000029032480068344909884218314B1B1D2B
:10054000324801682046FFF78DF8C8E70B4800786D
:1005500000F0010010B12E48006820622A4800888F
:10056000002808DD00BF608B40F00200608300BF00
:100570002046FCF72BFB00BFB1E70000804A0024B7
:100580002E2E2F4D6964646C6577617265732F54EC
:10059000686972645F50617274792F4C7749502F8B
:1005A0007372632F636F72652F7463705F696E2E51
:1005B000630000007463705F74696D6577616974CE
:1005C0005F696E7075743A20696E76616C6964203B
:1005D00070636200417373657274696F6E202225C7
:1005E0007322206661696C6564206174206C696E99
:1005F0006520256420696E2025730A00744A002452
:10060000644A0024104F00247E4A0024784A0024C3
:10061000484A002410B5FBF769F806480078401CEA
:10062000C0B20449087000F0010008B1FFF732FAC7
:1006300010BD00005D4A00240348007840F010001F
:100640000149087070470000814A002470B50446D3
:1006500000BF002C08D100BF1CA340F2A63227A186
:100660002FA0F3F773FD00BF00BF218D606A45180E
:10067000608EE16AB0F5866F02DD4FF4866000E0BF
:10068000608E0844281A04D4208D6085E06A281AF8
:1006900070BDE16A606A401A002802DD00206085B2
:1006A00012E0616AE06A461A00BFB6F5803F08D3DF
:1006B00000BF06A340F2B63223A119A0F3F746FD0E
:1006C00000BF00BF668500BF0020E1E72E2E2F4D42
:1006D0006964646C6577617265732F5468697264CC
:1006E0005F50617274792F4C7749502F7372632F6A
:1006F000636F72652F7463702E6300007463705FA4
:100700007570646174655F7263765F616E6E5F774A
:100710006E643A20696E76616C6964207063620071
:10072000417373657274696F6E202225732220668F
:1007300061696C6564206174206C696E6520256454
:1007400020696E2025730A006E65775F7263765F9D
:10075000616E6E5F776E64203C3D20307866666621
:10076000660000002DE9FC5F04464FF0000A00BF60
:10077000002C08D100BF37A340F64F0242A14BA086
:10078000F3F7E4FC00BF00BFE56E15B90020BDE83B
:10079000FC9F94F89A00FF2804DA94F89A00401C11
:1007A00084F89A00E9688889F6F7CBFD00F001002B
:1007B00018B1288908B9012000E000208146B9F16C
:1007C000000F01D1012000E000208346E868436863
:1007D0005A4651462046FCF7ABFB064616B94FF089
:1007E000FF30D4E77768B9F1000F09D01120F6F790
:1007F000A8FDB9894CF2FF0211400843B8810DE011
:10080000706814300090696809892A89891A8BB246
:10081000012268680099F8F7CDFE00BFE9684868D2
:10082000F6F782FD00F10108206DB0EB080001D55C
:10083000C4F850805346002231462046FCF7F6FCAF
:10084000231D224631462046FCF772FC0190019898
:100850009DE700002E2E2F4D6964646C65776172F0
:1008600065732F54686972645F50617274792F4C9C
:100870007749502F7372632F636F72652F746370A3
:100880005F6F75742E6300007463705F7A65726FBA
:100890005F77696E646F775F70726F62653A206927
:1008A0006E76616C696420706362000041737365E9
:1008B0007274696F6E2022257322206661696C65EF
:1008C00064206174206C696E6520256420696E2047
:1008D00025730A0038B504460D46F6F739FD17486A
:1008E00004601748056006211648F9F739FF00280B
:1008F0000AD000BF00BF14A340F261221EA127A0AE
:10090000F3F724FC00BF00BF2E48F9F75FFF002873
:100910000AD000BF00BF0CA340F265222AA11FA08D
:10092000F3F714FC00BF00BF00204FF480630246C1
:100930002E4900902EA0F9F763FF38BDE44900244A
:10094000E8490024EC4900242E2E2F4D6964646C84
:100950006577617265732F54686972645F50617264
:1009600074792F4C7749502F7372632F6170692F00
:1009700074637069702E63006661696C65642074CD
:100980006F206372656174652074637069705F7451
:100990006872656164206D626F78000041737365F1
:1009A0007274696F6E2022257322206661696C65FE
:1009B00064206174206C696E6520256420696E2056
:1009C00025730A00F04900246661696C656420742F
:1009D0006F20637265617465206C6F636B5F746315
:1009E0007069705F636F726500000000350B01086D
:1009F00074637069705F7468726561640000000000
:100A00002DE9F04105460E46174600BF1448F9F798
:100A1000CEFE38B900BF13A3FC221EA121A0F3F71C
:100A200095FB00BF00BF0920F7F7D4FA04461CB9B4
:100A30004FF0FF30BDE8F081002020706560A660B7
:100A4000E76021460648F9F7A3FE30B121460920A8
:100A5000F7F7F2F94FF0FF30ECE70020EAE700008B
:100A6000EC4900242E2E2F4D6964646C6577617209
:100A700065732F54686972645F50617274792F4C8A
:100A80007749502F7372632F6170692F7463706997
:100A9000702E6300496E76616C6964206D626F78B8
:100AA00000000000417373657274696F6E20222527
:100AB0007322206661696C6564206174206C696EC4
:100AC0006520256420696E2025730A0070B50546EF
:100AD0000C4694F82D0000F0180028B1054A214674
:100AE0002846FFF78DFF70BD034A21462846FFF7D1
:100AF00087FFF8E7795500088560000810B50446BF
:100B0000FFF788FD0748006810B90748006828B15A
:100B100000220649FA20F9F78FFE02E0002004497E
:100B2000086010BD544A0024584A0024FD0A0108F8
:100B3000944A002408B51148F9F740FE10480068AF
:100B400020B1104800680E490968884715E06946D9
:100B50000D4800F0C1F8009800280AD100BF00BF7E
:100B60000AA3912215A11DA0F3F7F0FA00BF00BF60
:100B700003E0009800F046F800BFE8E7F0490024E1
:100B8000E4490024E8490024EC4900242E2E2F4D8E
:100B90006964646C6577617265732F546869726407
:100BA0005F50617274792F4C7749502F7372632FA5
:100BB0006170692F74637069702E6300746370696B
:100BC000705F7468726561643A20696E76616C6901
:100BD00064206D6573736167650000004173736520
:100BE0007274696F6E2022257322206661696C65BC
:100BF00064206174206C696E6520256420696E2014
:100C000025730A0010B50446207820B101280ED0C3
:100C1000022818D113E0201D07C8904710B1606862
:100C2000F8F768FD21460920F7F706F916E0D4E940
:100C30000110884721460820F7F7FEF80EE0D4E9B6
:100C4000011088470AE000BF00BF05A3CF2210A112
:100C500017A0F3F77BFA00BF00BF00BF00BF10BDB5
:100C60002E2E2F4D6964646C6577617265732F5405
:100C7000686972645F50617274792F4C7749502FA4
:100C80007372632F6170692F74637069702E6300D3
:100C900074637069705F7468726561643A20696E2C
:100CA00076616C6964206D6573736167650000002F
:100CB000417373657274696F6E20222573222066FA
:100CC00061696C6564206174206C696E65202564BF
:100CD00020696E2025730A002DE9F04106460F4673
:100CE00000BFF9F7C5FE0446601C60B91148F9F76A
:100CF0007DFD002239463046F9F7B6FC0D48F9F77C
:100D00005DFDBDE8F08114B9F9F7F4FCE9E70948A5
:100D1000F9F76CFD224639463046F9F7A5FC054641
:100D20000448F9F74BFD681C10B9F9F7E3FCD8E764
:100D300000BFE6E7F049002470B505460E4600BF47
:100D40001348F9F734FD40B900BF12A340F25D1219
:100D50001CA120A0F3F7FAF900BF00BF0820F7F7A5
:100D600039F9044614B94FF0FF3070BD01202070EE
:100D70006560A66021460648F9F70AFD30B12146B4
:100D80000820F7F759F84FF0FF30EEE70020ECE7C6
:100D9000EC4900242E2E2F4D6964646C65776172D6
:100DA00065732F54686972645F50617274792F4C57
:100DB0007749502F7372632F6170692F7463706964
:100DC000702E6300496E76616C6964206D626F7885
:100DD00000000000417373657274696F6E202225F4
:100DE0007322206661696C6564206174206C696E91
:100DF0006520256420696E2025730A0010B5EFF781
:100E0000CDFAC0F30D0000F540400149088010BD47
:100E1000984A00242DE9FE4F05460E460020019019
:100E200000BF002D07D100BF61A3CF226CA172A02B
:100E3000F3F78CF900BF00BF00BF002E07D100BF41
:100E40005BA3D02276A16CA0F3F780F900BF00BFAE
:100E50006889082803DA2846F8F74CFCA6E0D5F89C
:100E600004A0764A11685069F4F77EFF8146BAF80B
:100E70000000F6F766FA8346BAF80200F6F761FA60
:100E8000029000240027A0466D48046838E0618A7B
:100E90000298814232D14A463146204600F0E0F8BD
:100EA00060B3207C00F00400A8B9B8F1000F01D1B4
:100EB000A04610E0B9F1000F0DD060484069401C19
:100EC00048B9D8F800007168884204D02068716879
:100ED000884200D1A046A08A58450FD1606820B151
:100EE000564960680969884208D137B1E068F860FE
:100EF00053480068E0605248046003E02746E46815
:100F0000002CC4D100BF04B9444614B101200190A3
:100F100008E04A4970684969884201D1012000E02F
:100F200000200190019800283CD008212846F8F7BD
:100F300043FE70B100BF00BF1DA34FF4B87241A1C2
:100F40002DA0F3F703F900BF00BF2846F8F7D2FB46
:100F50002CE07CB1A06948B1CDF800B0374B10331C
:100F60002A462146D4E906C0E0471EE02846F8F7A5
:100F7000C1FB1BE0B9F1000F10D13048007D00F03B
:100F8000F000E0280AD02D488089083001B22846B8
:100F9000F8F7C1FC03212846F4F7B3FC2846F8F71C
:100FA000A9FB02E02846F8F7A5FB00BFBDE8FE8FCD
:100FB0002E2E2F4D6964646C6577617265732F54B2
:100FC000686972645F50617274792F4C7749502F51
:100FD0007372632F636F72652F7564702E630000E8
:100FE0007564705F696E7075743A20696E76616CB5
:100FF0006964207062756600417373657274696F0D
:101000006E2022257322206661696C6564206174FC
:10101000206C696E6520256420696E2025730A00A6
:101020007564705F696E7075743A20696E76616C74
:101030006964206E6574696600000000004F00243A
:101040009C4A0024706275665F72656D6F76655F9D
:10105000686561646572206661696C65640A000098
:1010600070B504460D46164600BF002C07D100BFE0
:101070001FA387222AA133A0F3F768F800BF00BF9F
:1010800000BF002D07D100BF19A3882237A12DA0D2
:10109000F3F75CF800BF00BF207A50B1217A3D48D9
:1010A000406890F83000401CC0B2814201D000205E
:1010B00070BD8EB174B1206860B136484069401C83
:1010C00040B12068A968084032494969AA681140BE
:1010D00088420BD10120EBE734B1206820B12D49C3
:1010E00020684969884201D10120E1E70020DFE75B
:1010F0002E2E2F4D6964646C6577617265732F5471
:10110000686972645F50617274792F4C7749502F0F
:101110007372632F636F72652F7564702E630000A6
:101120007564705F696E7075745F6C6F63616C5F1E
:101130006D617463683A20696E76616C69642070D1
:1011400063620000417373657274696F6E202225BB
:101150007322206661696C6564206174206C696E1D
:101160006520256420696E2025730A007564705F10
:10117000696E7075745F6C6F63616C5F6D617463D1
:10118000683A20696E76616C6964206E6574696680
:1011900000000000004F002410B5024682B1136821
:1011A00073B169B10B685BB1064B186806E0036860
:1011B0001468A34201D10B680360C0680028F6D10F
:1011C00010BD00009C4A002401460A69D1E90130A3
:1011D0009860D1E9010358605068884201D188685D
:1011E0005060002008611068401E10601068704751
:1011F000034B0360034B0B608023136070470000B8
:10120000244B0024784B002400F1080141604FF08A
:10121000FF31816000F10801C160016100210160BE
:10122000704700210161704710B502460B685C1CD5
:101230000CB9106907E002F1080000E0406844685A
:1012400024689C42FAD944684C604C68A16088606C
:1012500041600A611468641C146010BD42684A60F1
:1012600093688B60936859609160086103685B1CA8
:101270000360704700BF502080F31188BFF34F8F89
:10128000BFF36F8F00BF0E480068401C0C49086018
:1012900008460068012812D10A480068C0B208B99F
:1012A000012000E0002050B900BF502080F31188D9
:1012B000BFF34F8FBFF36F8F00BF00BFFEE77047D4
:1012C000104B002404ED00E00D48006850B900BF49
:1012D000502080F31188BFF34F8FBFF36F8F00BF93
:1012E00000BFFEE706480068401E05490860084642
:1012F000006820B9002080F3118800BF00BF70474C
:10130000104B002470B506463546002E44D0083DEB
:101310002C46224960680968084008B1012000E0B5
:10132000002050B900BF502080F31188BFF34F8FC9
:10133000BFF36F8F00BF00BFFEE7206808B9012030
:1013400000E0002050B900BF502080F31188BFF3A7
:101350004F8FBFF36F8F00BF00BFFEE70F4960687C
:1013600009680840C0B12068B0B90C4960680968D4
:101370008843606000F08EF9094960680968084494
:10138000074908602046F8F7D1FF06480068401C6E
:101390000449086001F0EEF970BD00000C4B002418
:1013A000FC4A0024084B002400204FF0E021086193
:1013B0008861064800684FF47A71B0FBF1F0401E76
:1013C0004FF0E0214861072008617047A0490024E0
:1013D00070B5EEF7C9FF0446102C16D304F1E020D7
:1013E00090F8F05315480078854201DB012000E0B9
:1013F000002050B900BF502080F31188BFF34F8FF9
:10140000BFF36F8F00BF00BFFEE70D48006800F418
:10141000E0600C490968884201D8012000E0002002
:1014200050B900BF502080F31188BFF34F8FBFF336
:101430006F8F00BF00BFFEE770BD0000144B00249B
:101440000CED00E0184B002470B504460025D4B123
:101450001248006808B9012000E0002050B900BF20
:10146000502080F31188BFF34F8FBFF36F8F00BF01
:1014700000BFFEE700F00EF900212046F8F704FD5A
:1014800001F078F905463DB94FF0805004490860F5
:10149000BFF34F8FBFF36F8F70BD0000EC4A002485
:1014A00004ED00E0034909680160034909684160EF
:1014B00070470000DC4A0024C84A0024012001498A
:1014C00008607047D84A002470B504460D4654B9E8
:1014D00000BF502080F31188BFF34F8FBFF36F8F91
:1014E00000BF00BFFEE70548016818312046FFF73E
:1014F0009BFE01212846F8F7C7FC70BDB44A0024C2
:101500002DE9F04706460F4634464FF00109002EFC
:1015100060D0A06C50B900BF502080F31188BFF399
:101520004F8FBFF36F8F00BF00BFFEE7606CB84204
:1015300001D23D4600E0656CE06AA8424AD0A06C4A
:10154000012847D124480068844201D0012000E0EE
:10155000002050B900BF502080F31188BFF34F8F97
:10156000BFF36F8F00BF00BFFEE7D4F82C80E562A9
:10157000A06900F0004010B9C5F10700A06108EBB8
:101580008801164A02EB81016069884201D101207D
:1015900000E00020F0B1201DFFF716FE40B994F8DE
:1015A0002C10012088400E49096881430C480160D5
:1015B00094F82C100120884009490968084308491B
:1015C0000860E16A01EB8101044A02EB8100211D00
:1015D000FFF744FEBDE8F087B44A0024A48000244D
:1015E000CC4A002410B586B000200590049003AAD0
:1015F00004A905A8FFF7FCFD0022DDE9041013464D
:10160000CDE9002102901CA11D48039A00F084FE40
:101610001C4908600846006808B1012400E0002465
:10162000012C15D100BF502080F31188BFF34F8FDC
:10163000BFF36F8F00BF4FF0FF30134908600120E8
:101640001249086000201249086000F071F810E0AB
:10165000601C08B1012000E0002050B900BF5020FC
:1016600080F31188BFF34F8FBFF36F8F00BF00BFB0
:10167000FEE706B010BD000049444C4500000000E4
:10168000A5A10008E84A0024E44A0024D04A002426
:10169000C84A002402480068401C0149086070479D
:1016A000EC4A00241D48006818B101201C4908605C
:1016B00032E000201A4908601A480068B0FA80F049
:1016C000C0F11F0101EB8100174A52F8200008B158
:1016D000012000E0002050B900BF502080F31188A5
:1016E000BFF34F8FBFF36F8F00BF00BFFEE701EB6B
:1016F00081020D4B03EB820042685268426000F1A8
:1017000008024368934202D14268526842604268CC
:10171000D268064B1A6000BF70470000EC4A0024F4
:10172000D84A0024CC4A0024A4800024B44A0024CF
:101730001CB5524800685249884201D0012000E09F
:10174000002050B900BF502080F31188BFF34F8FA5
:10175000BFF36F8F00BF00BFFEE7484800684849ED
:10176000491E884201D0012000E0002050B900BF8E
:10177000502080F31188BFF34F8FBFF36F8F00BFEE
:1017800000BFFEE73F49084600780190FF200A4667
:1017900010700846007800909DF8000000F0F000FE
:1017A0009DF80020904201D1012000E0002050B9B6
:1017B00000BF502080F31188BFF34F8FBFF36F8FAE
:1017C00000BF00BFFEE79DF8000000F050002E4A69
:1017D000107007202D4A106009E02C480068401E58
:1017E0002A4A10609DF800004006000E00909DF807
:1017F000000000F080008028EFD024480068C0F18D
:101800000700042801D1012000E0002050B900BFEA
:10181000502080F31188BFF34F8FBFF36F8F00BF4D
:1018200000BFFEE7194800680002184A1060104621
:10183000008800F4E0601060124A019810700F48B0
:101840002030006840F470000C49203108600846E0
:10185000006840F070400860FFF7A6FD00200C49CA
:101860000860EEF749FD0B48006840F04040094928
:101870000860EEF72DFD00201CBD000000ED00E02B
:1018800071C20F4100E400E0144B0024184B002407
:10189000104B002434EF00E02DE9F041044601260E
:1018A000002722460021012000F01CF805462846AA
:1018B000F8F78CFC2846BDE8F0812DE9F843044692
:1018C0000D4601274FF000082B460022114601204B
:1018D000009400F034F806463046F8F777FC3046BE
:1018E000BDE8F8832DE9F84305460E4617460DB1CD
:1018F000012000E0002050B900BF502080F3118883
:10190000BFF34F8FBFF36F8F00BF00BFFEE705FB34
:1019100006F808F14800F8F7DBFD044664B1A1467B
:1019200009F14809002084F846003B464A46314602
:1019300028460094F8F759FC2046BDE8F8832DE9C5
:10194000F84380460E4617461D46DDF82090B8F154
:10195000000F01D0012000E0002050B900BF50204E
:1019600080F31188BFF34F8FBFF36F8F00BF00BFAD
:10197000FEE70DB1012000E0002050B900BF50206B
:1019800080F31188BFF34F8FBFF36F8F00BF00BF8D
:10199000FEE707B10EB1012000E0002050B900BF02
:1019A000502080F31188BFF34F8FBFF36F8F00BFBC
:1019B00000BFFEE707B90EB9012000E0002050B9D2
:1019C00000BF502080F31188BFF34F8FBFF36F8F9C
:1019D00000BF00BFFEE7482000900098482801D1D2
:1019E000012000E0002050B900BF502080F3118892
:1019F000BFF34F8FBFF36F8F00BF00BFFEE700BF85
:101A00002C464CB1012084F846004B463A463146FC
:101A100040460094F8F7E9FB2046BDE8F883000053
:101A200070B505460E462C4654B900BF502080F3D1
:101A30001188BFF34F8FBFF36F8F00BF00BFFEE76A
:101A4000FFF718FCD4E90F12206801FB0200A06028
:101A50000020A06320686060E06B401E226C21685B
:101A600000FB0211E160FF2084F8440084F8450087
:101A70009EB9206908B9012000E00020A8B904F14E
:101A8000100000F02BFE80B14FF080500949086033
:101A9000BFF34F8FBFF36F8F07E004F11000FFF724
:101AA000B3FB04F12400FFF7AFFBFFF70DFC0120AF
:101AB00070BD000004ED00E02DE9FF4383B0064651
:101AC00088461D464FF00009344654B900BF5020E7
:101AD00080F31188BFF34F8FBFF36F8F00BF00BF3C
:101AE000FEE7B8F1000F01D1206C08B9012000E039
:101AF000002050B900BF502080F31188BFF34F8FF2
:101B0000BFF36F8F00BF00BFFEE7022D02D1E06B75
:101B1000012801D1012000E0002050B900BF502071
:101B200080F31188BFF34F8FBFF36F8F00BF00BFEB
:101B3000FEE700F04FFC08B9059808B9012000E065
:101B4000002050B900BF502080F31188BFF34F8FA1
:101B5000BFF36F8F00BF00BFFEE700BFFFF78AFB38
:101B6000A06BE16B884201D3022D28D12A46414661
:101B70002046F8F768FA0746606A08B9012000E0D5
:101B8000002068B904F1240000F0A8FD88B14FF0EE
:101B9000805032490860BFF34F8FBFF36F8F08E06A
:101BA0003FB14FF080502D490860BFF34F8FBFF316
:101BB0006F8FFFF789FB012007B0BDE8F083059820
:101BC00018B9FFF781FB0020F6E7B9F1000F04D147
:101BD00001A8FFF767FC4FF00109FFF775FBFFF75E
:101BE00059FDFFF747FB94F94400401C10B9002051
:101BF00084F8440094F94500401C10B9002084F892
:101C00004500FFF761FB05A901A800F00DFBF0B945
:101C10002046F8F7CCFBA0B104F110000599FFF7BE
:101C200053FC2046F8F70CFC00F0A4FD002895D1E9
:101C30004FF0805009490860BFF34F8FBFF36F8F9B
:101C40008CE72046F8F7FCFB00F094FD86E7204681
:101C5000F8F7F6FB00F08EFD0020ADE704ED00E0A4
:101C60002DE9F84F07468A4690461E463C4654B931
:101C700000BF502080F31188BFF34F8FBFF36F8FE9
:101C800000BF00BFFEE7BAF1000F01D1206C08B918
:101C9000012000E0002050B900BF502080F31188DF
:101CA000BFF34F8FBFF36F8F00BF00BFFEE7022E61
:101CB00002D1E06B012801D1012000E0002050B9E1
:101CC00000BF502080F31188BFF34F8FBFF36F8F99
:101CD00000BF00BFFEE7FFF77BFB00BF5021EFF323
:101CE000118081F31188BFF34F8FBFF36F8F00BF57
:101CF0000546A06BE16B884201D3022E25D194F9F1
:101D000045B0A06B0090324651462046F8F79BF94B
:101D10000BF1010088B9606A08B9012000E00020D9
:101D200050B904F1240000F0D9FC28B1B8F1000F3B
:101D300002D00120C8F8000004E00BF1010040B21D
:101D400084F845004FF0010901E04FF0000900BFA1
:101D500085F3118800BF4846BDE8F88F2DE9F047AC
:101D600006460F46344654B900BF502080F3118810
:101D7000BFF34F8FBFF36F8F00BF00BFFEE7206C34
:101D800008B9012000E0002050B900BF502080F3C6
:101D90001188BFF34F8FBFF36F8F00BF00BFFEE707
:101DA000206808B9A06808B9012000E0002050B9F7
:101DB00000BF502080F31188BFF34F8FBFF36F8FA8
:101DC00000BF00BFFEE7FFF703FB00BF5021EFF3AA
:101DD000118081F31188BFF34F8FBFF36F8F00BF66
:101DE0000546D4F83890E06B48451ED994F945A0D3
:101DF00009F10100A0630AF1010070B9606A08B935
:101E0000012000E0002068B904F1240000F066FC25
:101E100040B13FB10120386004E00AF1010040B256
:101E200084F845004FF0010801E04FF0000800BFC2
:101E300085F3118800BF4046BDE8F0872DE9F741E2
:101E400083B005460E464FF000082C4654B900BF3B
:101E5000502080F31188BFF34F8FBFF36F8F00BF07
:101E600000BFFEE70EB9206C08B9012000E0002099
:101E700050B900BF502080F31188BFF34F8FBFF3DC
:101E80006F8F00BF00BFFEE700F0A4FA08B9059805
:101E900008B9012000E0002050B900BF502080F3B5
:101EA0001188BFF34F8FBFF36F8F00BF00BFFEE7F6
:101EB00000BFFFF7DFF9A76BF7B131462046F8F70F
:101EC000ADF8781EA063206908B9012000E0002069
:101ED00060B904F1100000F001FC38B14FF08050FF
:101EE0002F490860BFF34F8FBFF36F8FFFF7ECF9F7
:101EF000012006B0BDE8F081059818B9FFF7E4F9B4
:101F00000020F6E7B8F1000F04D101A8FFF7CAFAE4
:101F10004FF00108FFF7D8F9FFF7BCFBFFF7AAF96C
:101F200094F94400401C10B9002084F8440094F94E
:101F30004500401C10B9002084F84500FFF7C4F9A3
:101F400005A901A800F070F9F0B92046F8F722FAC7
:101F5000A0B104F124000599FFF7B6FA2046F8F77E
:101F60006FFA00F007FC0028A3D14FF080500C4915
:101F70000860BFF34F8FBFF36F8F9AE72046F8F7E3
:101F80005FFA00F0F7FB94E72046F8F759FA00F003
:101F9000F1FB2046F8F7FEF900288AD00020A8E7D8
:101FA00004ED00E02DE9F05F064689461746344609
:101FB00054B900BF502080F31188BFF34F8FBFF397
:101FC0006F8F00BF00BFFEE7B9F1000F01D1206C99
:101FD00008B9012000E0002050B900BF502080F374
:101FE0001188BFF34F8FBFF36F8F00BF00BFFEE7B5
:101FF000FFF7EEF900BF5021EFF3118081F3118854
:10200000BFF34F8FBFF36F8F00BF0546D4F838A0E2
:10201000BAF1000F22D094F944B049462046F7F7B0
:10202000FDFFAAF10100A0630BF1010070B9206966
:1020300008B9012000E0002068B904F1100000F0A8
:102040004DFB40B13FB10120386004E00BF10100CD
:1020500040B284F844004FF0010801E04FF000085E
:1020600000BF85F3118800BF4046BDE8F09F000027
:102070002DE9F34182B005464FF000082C460026BA
:1020800054B900BF502080F31188BFF34F8FBFF3C6
:102090006F8F00BF00BFFEE7206C08B9012000E091
:1020A000002050B900BF502080F31188BFF34F8F3C
:1020B000BFF36F8F00BF00BFFEE700F08BF908B9D8
:1020C000039808B9012000E0002050B900BF50205B
:1020D00080F31188BFF34F8FBFF36F8F00BF00BF36
:1020E000FEE700BFFFF7C6F8A76BFFB1781EA0633D
:1020F000206810B9F8F792FAA060206908B90120A9
:1021000000E0002060B904F1100000F0E7FA38B1F7
:102110004FF0805043490860BFF34F8FBFF36F8F7C
:10212000FFF7D2F8012004B0BDE8F081039898B918
:102130000EB9012000E0002050B900BF502080F30C
:102140001188BFF34F8FBFF36F8F00BF00BFFEE753
:10215000FFF7BAF80020E6E7B8F1000F04D16846AF
:10216000FFF7A0F94FF00108FFF7AEF8FFF792FA7A
:10217000FFF780F894F94400401C10B9002084F85F
:10218000440094F94500401C10B9002084F8450033
:10219000FFF79AF803A9684600F046F840BB2046CE
:1021A000F8F7F8F8F0B1206838B9FFF763F8A068DD
:1021B00000F038FA0646FFF787F804F12400039987
:1021C000FFF782F92046F8F73BF900F0D3FA002830
:1021D00088D14FF0805013490860BFF34F8FBFF391
:1021E0006F8F7FE72046F8F72BF900F0C3FA79E705
:1021F0002046F8F725F900F0BDFA2046F8F7CAF8AE
:102200000028EED05EB1FFF735F82046F7F782FFE1
:1022100007463946A068FFF773F9FFF755F8002025
:1022200081E7000004ED00E070B505460C4655B9A5
:1022300000BF502080F31188BFF34F8FBFF36F8F23
:1022400000BF00BFFEE754B900BF502080F31188E3
:10225000BFF34F8FBFF36F8F00BF00BFFEE7FFF7E5
:1022600009F8124802686868131A2068401C08B907
:10227000002617E00E4928680968884204D068687B
:10228000904201D801260DE02068984207D92068C5
:10229000C01A20602846FFF705F9002602E000205A
:1022A00020600126FFF710F8304670BDC84A0024B0
:1022B000DC4A00242DE9FF4F85B080468946174649
:1022C000DDE912ABB800F8F703F9064656B1542021
:1022D000F8F7FEF804460CB1266304E03046FFF739
:1022E00011F800E000248CB1002084F85100CDE901
:1022F00000ABCDE902403A4649464046089BF7F715
:1023000087FF2046F7F70CFE012501E04FF0FF356F
:10231000284609B0BDE8F08F2DE9F04F85B007469B
:10232000884691469A46DDE90EB6109C0EB1012012
:1023300000E0002050B900BF502080F31188BFF3A7
:102340004F8FBFF36F8F00BF00BFFEE70CB10120BE
:1023500000E0002050B900BF502080F31188BFF387
:102360004F8FBFF36F8F00BF00BFFEE75420039075
:102370000398542801D1012000E0002050B900BF8B
:10238000502080F31188BFF34F8FBFF36F8F00BFD2
:1023900000BFFEE700BFB4B1AEB125462C462E63A8
:1023A000022085F85100002004A953464A46CDE991
:1023B00000B1CDE9025041463846F7F729FF2846DB
:1023C000F7F7AEFD01E000200490049805B0BDE8E9
:1023D000F08F00000549096809B9012005E00449AA
:1023E000096809B9022000E000207047D04A0024A3
:1023F000EC4A00240149086870470000C84A0024DC
:1024000070B5FEF7E5FF002501480468204670BD61
:10241000C84A00242DE9F0414FF000084448006804
:1024200000287CD143480068451C4248056015BB24
:1024300041480068006808B9012000E0002050B958
:1024400000BF502080F31188BFF34F8FBFF36F8F11
:1024500000BF00BFFEE738480768384800683649C3
:1024600008603648076036480068401C34490860F8
:10247000F7F7ACFF00BF3348006885423CD300BF8C
:102480002D480068006808B9012000E0002020B154
:102490004FF0FF302B4908602DE027480068C068E6
:1024A000C4686668B54202D22648066023E0201D53
:1024B000FEF78AFEA06A18B104F11800FEF784FE48
:1024C00094F82C10012088401F49096808431E49D0
:1024D0000860E16A01EB81011C4A02EB8100211DC9
:1024E000FEF7BCFE1A49E06A0968C96A8842C7D388
:1024F0004FF00108C4E700BF15480068C06A00EB50
:102500008000124951F82000012801D94FF001083C
:102510001048006808B14FF0010805E0FFE70E48D9
:102520000068401C0C4908604046BDE8F08100008E
:10253000EC4A0024C84A0024B84A0024BC4A0024BB
:10254000DC4A0024E44A0024CC4A0024A48000246D
:10255000B44A0024D84A0024D44A002470B5054661
:102560002C460026002D55D02B480068844201D10E
:10257000012000E0002050B900BF502080F31188F6
:10258000BFF34F8FBFF36F8F00BF00BFFEE7A06C9C
:1025900050B900BF502080F31188BFF34F8FBFF3B5
:1025A0006F8F00BF00BFFEE7A06C401EA064616C8F
:1025B000E06A88422ED0A06C60BB201DFEF704FEAE
:1025C00078B9E06A00EB8000144951F8200040B966
:1025D00094F82C1001208840114909688143104863
:1025E0000160606CE062E06AC0F10700A06194F8ED
:1025F0002C10012088400A490968084308490860EE
:10260000E16A01EB8101054A02EB8100211DFEF721
:1026100025FE0126304670BDB44A0024A480002463
:10262000CC4A002470B505462C460026002D4DD01E
:102630002749E06A0968C96A884240D2A06900F067
:10264000004028B922480068C06AC0F10700A061B4
:10265000E16A01EB81011F4A02EB81016069884256
:1026600001D1012000E0002018B3201DFEF7ACFDD1
:1026700040B994F82C10012088401749096881431B
:102680001548016012480068C06AE06294F82C1096
:10269000012088401049096808430F490860E16A31
:1026A00001EB81010B4A02EB8100211DFEF7D6FDF3
:1026B00003E007480068C06AE062012606E00449BA
:1026C000606C0968C96A884200D20126304670BD34
:1026D000B44A0024A4800024CC4A002470B50646E5
:1026E000F068C46854B900BF502080F31188BFF36C
:1026F0004F8FBFF36F8F00BF00BFFEE704F11800DC
:10270000FEF762FD15480068A8B9201DFEF75CFDC4
:1027100094F82C1001208840114909680843104999
:102720000860E16A01EB81010E4A02EB8100211D84
:10273000FEF794FD04E004F118010B48FEF78EFD4E
:102740000A49E06A0968C96A884204D9012501205A
:102750000749086000E00025284670BDEC4A0024C7
:10276000CC4A0024A480002458810024B44A0024C8
:10277000D84A002470B5002400263648006850B9B5
:1027800000BF502080F31188BFF34F8FBFF36F8FCE
:1027900000BF00BFFEE7FEF76DFD2E480068401E3B
:1027A0002C4908600846006800284FD12A48006874
:1027B00000284BD024E02948C068C46804F1180000
:1027C000FEF702FD201DFEF7FFFC94F82C100120FF
:1027D000884023490968084321490860E16A01EB00
:1027E0008101204A02EB8100211DFEF737FD1E49C1
:1027F000E06A0968C96A884202D301201B4908605F
:102800001648006808B9012000E000200028D2D056
:102810000CB1F7F7DBFD1648056865B100BFFFF79F
:10282000F9FD10B10120114908606D1E002DF6D18F
:1028300000200F4908600D48006838B101263007B4
:102840000C490860BFF34F8FBFF36F8FFEF73CFD5D
:10285000304670BDEC4A0024C44A0024588100244C
:10286000CC4A0024A4800024B44A0024D84A00247E
:10287000D44A002404ED00E0842A0108CD3A00087F
:102880000000000000000000000100000000000047
:10289000000000000000000000000000010203042E
:1028A0000607080920060C0000000024A84900249F
:1028B000902A0108B1580008030000000000000041
:1028C0005E0100000000000000000000982A0108DE
:1028D00041560008FFFF000000000000000100005A
:1028E0000000000000000000FFFFFFFFFFFF0000EE
:1028F0000000000020000400184F0024044A0024B7
:102900009C0005009B4F0024084A00241C0008007E
:10291000AA5200240C4A0024100010008D530024F9
:10292000104A00242000050090540024144A00247A
:1029300018000F0033550024184A0024100002002C
:102940009E5600241C4A002428000400C15600247E
:10295000204A00241000080064570024244A002460
:1029600010000800E7570024284A00241000030044
:102970006A5800242C4A0024100010009D5800249E
:10298000304A002460021000A0590024344A002478
:10299000F4280108002901080C2901081829010858
:1029A00024290108302901083C2901084829010887
:1029B00054290108602901086C29010878290108B7
:1029C00084290108082B0108302B0108502B01082D
:1029D000102B0108FC2A0108E42A0108F02A01084A
:1029E000442B01081C2B0108242B0108382B01085B
:1029F0000102030405060707070707070703060C7C
:102A000018306078504A00244C4A0024544A00246C
:102A1000584A0024FA00000015060108E8030000E7
:102A2000E16E0008E80300004153000803000000C5
:102A300000000000FFFFFFFF00000000000000009A
:102A40000000000004000000000000000000000082
:102A500030313233343536373839414243444546D4
:102A6000000000000000545452205245474745538F
:102A700000303132333435363738394142434445FA
:102A80004600000064656661756C745461736B0088
:102A900045746849660000004574684C696E6B00B7
:102AA0004C5749505F434F4E53545F43415354205A
:102AB0006E6F7420696D706C656D656E74656420F1
:102AC000636F72726563746C792E20436865636B03
:102AD00020796F7572206C77495020706F72742E58
:102AE0000000000046494E5F574149545F310000E5
:102AF00046494E5F574149545F32000045535441A7
:102B0000424C495348454400434C4F534544000010
:102B100053594E5F5243564400000000434C4F53FC
:102B2000494E47004C4153545F41434B0000000065
:102B30004C495354454E000054494D455F57414957
:102B400054000000434C4F53455F57414954000027
:102B500053594E5F53454E54000000007463705F3C
:102B6000656E71756575655F666C6167733A206E39
:102B700065656420656974686572205443505F53CD
:102B8000594E206F72205443505F46494E20696E63
:102B900020666C616773202870726F6772616D6D5B
:102BA00065722076696F6C617465732041504929A4
:102BB000000000006E657469662D3E68776164648C
:102BC000725F6C656E206D75737420626520746829
:102BD000652073616D65206173204554485F4857D7
:102BE000414444525F4C454E20666F7220657468C4
:102BF0006172702100000000182C01080000002400
:102C0000244B00009C040008D82C0108244B00240D
:102C10002C7B0000B441000801FF01FF01FF01FF10
:102C200001FF01FF01FF01FF01FF01FF01FF01FFA4
:102C300001FF01FF01FF01FF01FF01FF01FF01FF94
:102C400001FF01FF01FF01FF01FF01FF01FF01FF84
:102C500001FF01FF01FF01FF01FF01FF01FF01FF74
:102C600001FF01FF01FF01FF01FF01FF01FF01FF64
:102C700001FF01FF01FF01FF01FF01FF01FF01FF54
:102C800001FF01FF01FF01FF01FF01FF01FF01FF44
:102C900001FF01FF01FF01FF01FF01FF01FF01FF34
:102CA00001FF01FF01FF01FF01FF01E132104201BD
:102CB0003C90D00304F113D1061B08C3041305078D
:102CC0001B08E1081AC7040179021AC00B506E19DB
:082CD00054015C1AAA01011075
:040000050800029954
:00000001FF
