:020000040800F2
:1000000008CC0024710300086D590008DB53000878
:1000100069590008870500083168000800000000E1
:10002000000000000000000000000000B102000815
:100030008B050008000000000D030008475C000865
:100040008F0300088F0300088F0300088F03000848
:100050008F0300088F0300088F0300088F03000838
:100060008F0300088F0300088F0300088F03000828
:100070008F0300088F0300088F0300088F03000818
:100080008F0300088F0300088F0300088F03000808
:100090008F0300088F0300088F0300088F030008F8
:1000A0008F030008195E00088F0300088F03000803
:1000B0008F0300088F0300088F0300088F030008D8
:1000C0008F0300088F0300088F0300088F030008C8
:1000D0008F030008216800088F0300088F030008C1
:1000E0008F0300088F030008000000008F03000842
:1000F0008F0300088F0300088F0300088F03000898
:100100008F0300088F0300088F0300088F03000887
:100110008F0300088F0300088F0300088F03000877
:100120008F0300088F0300088F0300088F03000867
:100130008F030008410600088F0300088F030008A2
:1001400000000000000000000000000000000000AF
:100150008F0300088F0300088F0300088F03000837
:100160008F0300088F0300088F0300088F03000827
:100170008F0300088F0300088F0300088F03000817
:100180008F0300088F0300088F0300088F03000807
:100190008F0300088F0300088F0300088F030008F7
:1001A0008F0300088F0300088F0300088F030008E7
:1001B0008F0300088F0300088F0300088F030008D7
:1001C0008F0300088F0300088F0300088F030008C7
:1001D0008F0300088F0300088F0300088F030008B7
:1001E0008F0300088F0300088F0300088F030008A7
:1001F0008F0300088F0300088F0300088F03000897
:100200008F0300088F0300088F0300088F03000886
:100210008F0300088F0300088F0300088F03000876
:100220008F0300088F0300088F0300080000000000
:100230008F0300088F030008000000008F030008F0
:100240008F0300088F0300088F0300088F03000846
:100250008F0300088F0300088F0300088F03000836
:100260008F0300088F0300088F0300088F03000826
:100270008F0300088F0300088F03000800000000B0
:100280008F0300088F0300088F03000800000000A0
:10029000000000008F030008DFF810D000F036F9EE
:1002A00000480047419B0008AFF3008008CC0024C1
:1002B0002C4B19680868B0E8F04F80F30988BFF349
:1002C0006F8F4FF0000080F311887047000000002E
:1002D00008480068006880F308884FF0000080F349
:1002E000148862B661B6BFF34F8FBFF36F8F00DF24
:1002F00000BF00BF08ED00E0DFF80C00016841F42A
:1003000070010160704700BF88ED00E0EFF30980E5
:10031000BFF36F8F134B1A681EF0100F08BF20ED4C
:10032000108A20E9F04F106009B44FF0500080F3BC
:100330001188BFF34F8FBFF36F8F14F00BF94FF09D
:10034000000080F3118809BC19680868B0E8F04F14
:100350001EF0100F08BFB0EC108A80F30988BFF3BD
:100360006F8F7047EC490024EFF305807047000061
:10037000074880470748804707480047FEE7FEE7F1
:10038000FEE7FEE7FEE7FEE7FEE7FEE7FEE7FEE745
:10039000A50E00081D5D0008990200082DE9F05F18
:1003A0000546002092469B468846064681464024E4
:1003B0001BE0284641464746224600F097F8534640
:1003C0005A46C01A914110D311461846224600F0F1
:1003D0007EF82D1A67EB01084F46224601200021C6
:1003E00000F075F817EB00094E41201EA4F101043E
:1003F000DFDC484631462A464346BDE8F09F000010
:100400000649074A0868504343F23902104408601D
:100410004008704701490860704700003C4B0024C9
:100420006D4EC64110B5431A934209D283188818FD
:1004300003E010F8011D03F8011D521EF9D210BD92
:1004400040EA01039B0703D009E008C9121F08C056
:10045000042AFAD203E011F8013B00F8013B521ED6
:10046000F9D210BDD2B201E000F8012B491EFBD237
:1004700070470022F6E710B513460A4604461946AF
:10048000FFF7F0FF204610BD30B5044600200346BC
:1004900000E05B1C934203D2E05CCD5C401BF8D0D3
:1004A00030BD30B50B46014600202022012409E072
:1004B00021FA02F59D4205D303FA02F5491B04FA1D
:1004C00002F52844151EA2F10102F1DC30BD202AFC
:1004D00004DB203A00FA02F1002070479140C2F19B
:1004E000200320FA03F3194390407047202A04DBCD
:1004F000203A21FA02F00021704721FA02F3D0409D
:10050000C2F120029140084319467047064C074D3E
:1005100006E0E06840F0010394E8070098471034D3
:10052000AC42F6D3FFF7BCFE1C5D01083C5D010840
:1005300070B58C1810F8015B15F0070301D110F8A5
:10054000013B2A1106D110F8012B03E010F8016BD2
:1005500001F8016B5B1EF9D12B0705D40023521E55
:100560000DD401F8013BFAE710F8013BCB1A921CBD
:1005700003E013F8015B01F8015B521EF9D5A142BB
:10058000D8D3002070BD00BFFEE7704710B5002231
:1005900010E002EB4204036903EBC40100230B608B
:1005A0004B608B60CB600B614B6100F1480343F8FB
:1005B0002210521C042AECD30024C465046684660D
:1005C000C46684650324036803F58053C3F830418F
:1005D000036803F580530469C3F81C410369483379
:1005E000046804F58054C4F8283110BD10B5002209
:1005F0000EE002EB4204C36803EBC40100230B606E
:100600004B608B60CB6000F1180343F82210521C42
:10061000042AEED3002484620324036803F5805384
:10062000C3F82C41036803F58053C468C3F8144130
:10063000036803F58053C468C3F8204110BD00006F
:1006400010B5024801F080F910BD0000244C0024D0
:1006500010B5A2B0044601208DF83300002012909E
:100660008DF841008DF8430001208DF828008DF8A9
:1006700056008DF8320000208DF84C0001208DF8D6
:10068000840040030F9000208DF85C0018908DF8D6
:1006900085008DF886004FF4C360169000208DF819
:1006A00030000B9001208DF8350000208DF83600C9
:1006B0008DF840001D901B9014908DF864008DF80B
:1006C0007A0001208DF842002020209001208DF832
:1006D000440000208DF855004FF0405009904FF431
:1006E00080400E9000208DF8310002201F900020E5
:1006F0008DF878008DF879008DF8540001208DF880
:10070000340000201A9001208DF8700009A92046BD
:1007100000F0A8FA01208DF804000290002000905B
:100720008DF81C008DF80D008DF80C004FF40010B2
:10073000069000208DF814004FF400100490002063
:100740008DF81D004FF4067008906946204600F0B1
:100750002BFA22B010BD0020704710B501F050FFF9
:1007600010BD000010B5024801F0B8FC002010BD1B
:10077000244C002470B504460D46164633462A46DE
:100780002146044801F099FB10B14FF0FF3070BDD5
:100790000020FCE7244C002470B504460D461646A4
:1007A00033462A462146044801F0D6FD10B14FF0E9
:1007B000FF3070BD0020FCE7244C00242DE9F04FF1
:1007C00006460B46924606F118042269D4F81080BA
:1007D0004FF0000C54F822109D68E346C86800F002
:1007E0000040B0F1004F04D004F1140050F8220092
:1007F00010B10220BDE8F08F187800F00400C8B3F3
:10080000C8686FF30F00D3F824E040EA0E00C86018
:10081000C86840F48030C8603068006E40F48010D2
:10082000D6F800E0CEF86000187800F0080008B3B1
:10083000B3F82CE088686EF31F408860C86840F405
:100840000030C860C86820F44020D3F830E040EAA7
:100850000E00C8603068406E40F48010D6F800E0AA
:10086000CEF864003068006D40F08060D6F800E09B
:10087000CEF85000187800F0100058B188686FF377
:100880000D00D3F818E040EA0E008860C86840F018
:100890008060C860187800F0040018B9187800F07B
:1008A000100078B3C86840F08040C86000BF00BF47
:1008B00000BFBFF35F8F00BF00BF00BFC86840F03C
:1008C0000040C86000BF521C042A00D3121F00BFA2
:1008D00054F822100CF1010CC86800F00040B0F18F
:1008E000004F10D154F8281000BF00BF00BFBFF365
:1008F0005F8F00BF00BF00BFC86820F00040C86025
:10090000022077E7FFE70CF1010C2868086088688F
:100910006FF30D00D5F804E040EA0E008860A86887
:1009200068B1AD68286848608868DFF878E200EA56
:100930000E00B5F804E040EA0E40886007E00020B1
:1009400048608868DFF85CE200EA0E00886018788A
:1009500000F01000A0B1C86820F4F000B3F820E067
:1009600040EACE40C860C8686FF31100D3F81CE0BD
:1009700040EA0E00C860C86840F48020C8601FE0EC
:10098000C8686FF30E00D3F804E040EA0E00C860B8
:10099000187800F0010038B1C86820F44030D3F86E
:1009A00014E040EA0E00C860187800F0200038B16A
:1009B000C86820F04060D3F810E040EA0E00C8603C
:1009C000187800F0040038B1886820F44040D3F86B
:1009D00028E040EA0E008860C86840F00050C86017
:1009E000C86820F08040C86000BF00BF00BFBFF3F0
:1009F0005F8F00BF00BF00BFC86840F00040C86004
:100A0000187800F0020038B1C86820F06070D3F8A0
:100A10000CE040EA0E00C86096E0C86820F0805004
:100A2000C86000BF521C042A00D3121F00BF54F834
:100A30002210C86820F00050C860C86800F000406C
:100A4000B0F1004F04D004F1140050F82200F8B1C6
:100A5000424654F822104FF0000915E000BF00BFD5
:100A600000BFBFF35F8F00BF00BF00BFC86820F0AA
:100A70000040C86000BF521C042A00D3121F00BFF0
:100A800054F8221009F10109E145E7D30220B1E64B
:100A90000CF1010CAD682868086088686FF30D00E0
:100AA000D5F804E040EA0E008860A86868B1AD6837
:100AB000286848608868DFF8ECE000EA0E00B5F8C6
:100AC00004E040EA0E40886007E000204860886843
:100AD000DFF8D0E000EA0E008860187800F010001F
:100AE00060B1C8686FF31100D3F81CE040EA0E0053
:100AF000C860C86840F48020C86013E0C8686FF31D
:100B00000E00D3F804E040EA0E00C860187800F048
:100B1000010038B1C86820F44030D3F814E040EA4E
:100B20000E00C8600BF1010B00BF00BF00BFBFF398
:100B30005F8F00BF00BF00BFC86840F00040C860C2
:100B4000C86820F08040C860A86800287FF465AFBE
:100B5000BAF1000F04D0886840F00040886003E0DC
:100B6000886820F000408860C86840F08050C86005
:100B700004F1140E606A4EF82200226100BFEFF308
:100B80001080074600BF012080F3108800BF0BF1E2
:100B9000010EA06A7044A06200BF87F3108800BFF6
:100BA000002027E6FFFF00C010B5036803F580535F
:100BB0001B6847F60204A3430C682343046804F54A
:100BC000805423600C798B6843EA04330C7B43EA3E
:100BD000C432036803F580535B684DF20104A343FC
:100BE0001343046804F5805463604C7B0B6A43EA4A
:100BF0000442036803F58053D3F80031164C2340B8
:100C00001343046804F58054C4F800310C7D0B696B
:100C100043EA04134C7F43EA0432036803F580532C
:100C2000D3F804310D4C23401343046804F5805479
:100C3000C4F804310C7F8B6943EAC472036803F57E
:100C40008053D3F80831064C23401343046804F55D
:100C50008054C4F8083110BD00C0FEFFEFEFC0FFA4
:100C6000FFFFC07F10B50C688B6823430C7943EA03
:100C7000C4630C7B43EAC4534C7B43EA84538C7BB0
:100C800043EA4453CC7B43EA04530C7C0CB9012463
:100C900000E0002443EAC4434C7C0CB9012400E08A
:100CA000002443EA44438C7C43EA04434C692343D5
:100CB0008C6923430C7F43EA04334C7F43EAC4230B
:100CC0008C7F0CB9012400E0002443EA8423CC7F0C
:100CD00043EA442391F820400CB9012400E00024A9
:100CE00043EA042351F8244F23430C7943EA0413C5
:100CF0008C6843EA040203681B683D4C234013439D
:100D0000046823600B7E5B060C7D43EA04630C7B66
:100D100043EA84434C7B43EA44438C7B24390CB93B
:100D2000012400E0002443EA04434C6B43EA04023C
:100D300003685B682F4C234013430468636091F899
:100D400040404B6C43EA04220368DB6840F20F1416
:100D5000A34313430468E36091F854400B6D43EAE6
:100D6000440391F84C400CB9012400E0002443EA0C
:100D7000C41331F8484F43EA044203681B6F4FF62F
:100D80000D7423401343046823678B7B4C7B43EA39
:100D900044020368D3F8903023F00303134304683C
:100DA000C4F890300368D3F8003D23F072030C6957
:100DB00023430468C4F8003D0C7E4B6948390CB9E4
:100DC000012400E0002443EA841391F8614043EADF
:100DD000041391F8624043EAC4020368D3F8303D3B
:100DE00023F07B0313430468C4F8303D10BD0000BA
:100DF000838004000080F8C02DE9F84304460020F9
:100E000000904FF00109A56E04F1480050F82560EC
:100E1000E76E24E0306958B9684601F0CDF80098D3
:100E200010B94FF0000903E000983061009830607D
:100E3000B9F1000F13D0A06D18B14FF04140F06030
:100E400002E04FF00140F06000BF6D1C042D00D3A4
:100E50002D1F00BF04F1480050F825607F1E17B118
:100E6000B9F1000FD6D1E06EB84216D0E81C00F000
:100E7000030800BF00BF00BFBFF35F8F00BF00BF0C
:100E800000BF08EB4801206900EBC101206800F5B4
:100E90008050C0F82811A566E766BDE8F88372B6F1
:100EA00000BFFEE70748006840F0020005490860FF
:100EB00000BF04480838006800F400500028F8D04B
:100EC000704700000C4802582DE9F041044601F03B
:100ED00097FB804614B90120BDE8F08194F83500F5
:100EE000022808D08020606500BF002084F834000C
:100EF00000BF0120F0E7FE492068884249D0FC4944
:100F000018312068884244D0F9493031206888423D
:100F10003FD0F7494831206888423AD0F4496031DF
:100F20002068884235D0F24978312068884230D034
:100F3000EF499031206888422BD0ED49A8312068D4
:100F4000884226D0EB492068884222D0E9491831EE
:100F5000206888421DD0E74930312068884218D087
:100F6000E44948312068884213D0E2496031206862
:100F700088420ED0DF4978312068884209D0DD49A7
:100F800090312068884204D0DA49A831206888422C
:100F900001D1012000E0002068B12068006820F045
:100FA0001E00216808602068406920F080002168E8
:100FB0004861256806E02068006820F00E0021687E
:100FC00008602568CA492068884270D0C84918312D
:100FD000206888426BD0C64930312068884266D08C
:100FE000C34948312068884261D0C14960312068D6
:100FF00088425CD0BE4978312068884257D0BC49CD
:1010000090312068884252D0B949A831206888427E
:101010004DD0B8492068884249D0B6491831206877
:10102000884244D0B3493031206888423FD0B1492A
:101030004831206888423AD0AE4960312068884201
:1010400035D0AC4978312068884230D0A9499031F8
:10105000206888422BD0A749A8312068884226D032
:10106000A5492068884222D0A349143120688842CB
:101070001DD0A14928312068884218D09E493C31B2
:101080002068884213D09C495031206888420ED095
:10109000994964312068884209D09749783120689D
:1010A000884204D094498C312068884201D10120C3
:1010B00000E0002028B1206E006820F48070216ECE
:1010C00008608B492068884249D0894918312068D6
:1010D000884244D086493031206888423FD08449D4
:1010E0004831206888423AD081496031206888427E
:1010F00035D07F4978312068884230D07C499031A2
:10110000206888422BD07A49A8312068884226D0AE
:1011100078492068884222D0764918312068884270
:101120001DD0744930312068884218D07149483147
:101130002068884213D06F496031206888420ED001
:101140006C4978312068884209D06A49903120681A
:10115000884204D06749A8312068884206D12068B7
:10116000006820F001002168086005E02068006840
:1011700020F001002168086011E001F041FAA0EBC5
:10118000080005280BD920206065032084F835006D
:1011900000BF002084F8340000BF01209CE62868CE
:1011A00000F001000028E8D151492068884249D068
:1011B0004F4918312068884244D04D493031206869
:1011C00088423FD04A494831206888423AD048494D
:1011D00060312068884235D045497831206888429E
:1011E00030D043499031206888422BD04049A83103
:1011F0002068884226D03F492068884222D03D4955
:101200001831206888421DD03A4930312068884220
:1012100018D0384948312068884213D035496031A8
:10122000206888420ED0334978312068884209D03E
:10123000304990312068884204D02E49A831206876
:10124000884201D1012000E0002040B1A66D94F851
:101250005C0000F01F013F208840B06007E0A76DF0
:1012600094F85C0000F01F0101208840786020495C
:101270002068884276D01E4918312068884271D093
:101280001B493031206888426CD0194948312068A8
:10129000884267D0164960312068884262D014497C
:1012A0007831206888425DD01149903120688842A9
:1012B00058D00F49A8312068884253D00D49206882
:1012C00088424FD00B491831206888424AD00949DA
:1012D00030312068884245D006494831206888422C
:1012E00040D004496031206888423BD0014905E084
:1012F000100002401004024008540258783120685F
:1013000088422FD02549206888422BD023491831A4
:101310002068884226D022492068884222D020496D
:101320001431206888421DD01D4928312068884228
:1013300018D01B493C312068884213D018495031DD
:10134000206888420ED0164964312068884209D04E
:10135000134978312068884204D011498C312068C3
:10136000884201D1012000E0002068B1D4E91910C1
:101370004860E06E40B1E06E006820F48070E16E7D
:101380000860D4E91C104860012084F8350000BFD3
:10139000002084F8340000BF00BF9DE5A004024097
:1013A0000854025870B504460CB9012070BD94F879
:1013B0003500022803D0802060650120F6E7DC4973
:1013C0002068884249D0DA4918312068884244D0E0
:1013D000D7493031206888423FD0D549483120680C
:1013E00088423AD0D24960312068884235D0D0490D
:1013F00078312068884230D0CD49903120688842C9
:101400002BD0CB49A8312068884226D0C949206812
:10141000884222D0C7491831206888421DD0C5496A
:1014200030312068884218D0C2494831206888424B
:1014300013D0C0496031206888420ED0BD49783150
:101440002068884209D0BB4990312068884204D086
:10145000B849A8312068884201D1012000E000206D
:10146000F0B3042084F83500B149206888424BD09D
:10147000AF4918312068884246D0AD4930312068E4
:10148000884241D0AA494831206888423CD0A849C6
:1014900060312068884237D0A54978312068884279
:1014A00032D0A3499031206888422DD0A049A8317C
:1014B0002068884228D09F492068884224D09D49CE
:1014C0001831206888421FD09A49303120688842FC
:1014D0001AD0984948312068884215D0954900E0D3
:1014E00020E06031206888420ED09249783120682F
:1014F000884209D08F4990312068884204D08D49B4
:10150000A8312068884206D12068006820F00100D8
:101510002168086009E12068006820F00100216866
:10152000086002E12068006820F00E002168086071
:101530007F492068884249D07D4918312068884217
:1015400044D07B493031206888423FD078494831C7
:10155000206888423AD0764960312068884235D088
:10156000734978312068884230D0714990312068C1
:1015700088422BD06E49A8312068884226D06D4918
:101580002068884222D06B491831206888421DD0DB
:10159000684930312068884218D06649483120684F
:1015A000884213D063496031206888420ED0614977
:1015B00078312068884209D05E499031206888429D
:1015C00004D05C49A8312068884206D120680068B0
:1015D00020F001002168086005E02068006820F024
:1015E00001002168086052492068884270D0504943
:1015F0001831206888426BD04D49303120688842CC
:1016000066D04B4948312068884261D048496031F2
:10161000206888425CD0464978312068884257D09B
:10162000434990312068884252D04149A83120680E
:1016300088424DD03F492068884249D03D49183101
:101640002068884244D03B493031206888423FD0EE
:1016500038494831206888423AD03649603120689C
:10166000884235D0334978312068884230D03149BA
:101670009031206888422BD02E49A83120688842BA
:1016800026D02D492068884222D02B491431206869
:1016900088421DD0284928312068884218D0264920
:1016A0003C312068884213D0234950312068884259
:1016B0000ED0214964312068884209D01E49783112
:1016C0002068884204D01C498C312068884201D1AE
:1016D000012000E00020D8B1206E006820F4807066
:1016E000216E0860A56D94F85C0000F01F010120D8
:1016F00088406860D4E919104860E06E40B1E06E3F
:10170000006820F48070E16E0860D4E91C10486025
:10171000012084F8350000BF002084F8340000BFA9
:10172000206D10B12046216D884700203EE6000064
:101730001000024010040240085402587047000094
:1017400010B50446204600F00BF800F08000802819
:1017500003D10248006809F0FDFE10BDA449002431
:101760000146D1F88C0070470146D1F888007047D7
:10177000024609B9012070471068006800F00C00AB
:10178000C86210680068C0F3001081F82800106873
:10179000006800F06000486210680068C0F3002034
:1017A00080F0010081F8200010680068C0F340203C
:1017B000C87710680068C0F3802080F00100887747
:1017C00010680068C0F3C020487710680068C0F354
:1017D000003008771068006800F4005088611068D5
:1017E000006800F48040486110680068C0F3004061
:1017F000887410680068C0F3404080F001004874AD
:1018000010680068C0F3C04080F0010008741068E0
:101810000068C0F30050C87310680068C0F34050FF
:10182000887310680068C0F38050487310680068BF
:10183000C0F3C05008731068006800F0E060886072
:1018400010680068C0F3C06008711068006800F09C
:10185000E040086010684068C0F30D0048631068FD
:101860004068C0F3004080F0010081F83200106849
:101870004068C0F3404081F8310010684068C0F310
:10188000804081F8300010684068C0F3006081F843
:10189000380010684068C0F34460C8631068C068CE
:1018A000C0F3002081F840001068C06800F00F000D
:1018B00048641068006FC0F3400081F8540010685D
:1018C000006FC0F3C01080F0010081F84C00106878
:1018D000006F00F0700008651068006F000C8864ED
:1018E0001068D0F8900000F0010081F856001068F0
:1018F000D0F89000C0F3400081F855001068D0F88F
:10190000000D00F0720088651068D0F8300D00F00E
:101910002300C8651068D0F8300DC0F3C00081F80E
:1019200062001068D0F8300DC0F3001081F861003B
:101930001068D0F8300DC0F3801080F0010081F8FD
:101940006000002017E700002DE9F0410446206800
:10195000D0F8B050206800F58050D0F86061206861
:1019600000F58050D0F834715348D0F8008006F06C
:10197000400060B107F0400048B148F240012068E3
:1019800000F58050C0F86011204600F039FB06F0E9
:10199000010060B107F0010048B148F20101206880
:1019A00000F58050C0F86011204600F0C3FC06F43A
:1019B0008040C0B307F48040A8B3D4F8880040F05A
:1019C0000800C4F8880006F48050C8B1206800F50B
:1019D0008050D0F8600141F202110840C4F88C0038
:1019E000206800F58050D0F8340120F44041206890
:1019F00000F58050C0F83411E020C4F884000FE0F6
:101A0000206800F58050D0F8600100F4CD40C4F8A3
:101A10008C004FF4CD41206800F58050C0F8601173
:101A20002046FFF78DFE05F48040B0F5804F04D0CE
:101A300005F40050B0F5005F12D11434606F40F02F
:101A40001000606754F8140CD0F8B800E067E0208C
:101A50002067143C2046FFF773FE0020C4F8900076
:101A600005F0100060B12068D0F8C00000F0600000
:101A7000C4F89400204600F0A1F90020C4F89400B6
:101A800005F0200060B12068D0F8D00000F00F0011
:101A9000C4F898002046FFF751FE0020C4F89800D3
:101AA00008F4800030B14FF48000034908602046FC
:101AB00000F050FCBDE8F081A800005838B504469D
:101AC0000CB9012038BDD4F8840028B92020C4F80E
:101AD0008400204600F0BAF800BF5748006840F084
:101AE0000200554908600846006800F002000090B6
:101AF00000BF00BF207A18B9002002F067FF03E0A2
:101B00004FF4000002F062FF4C480068206800F5C6
:101B10008050006840F00101206800F580500160AD
:101B200000F06EFD05460DE000F06AFD401BB0F5CB
:101B3000FA7F07D90420C4F88800E020C4F88400A4
:101B40000120BFE7206800F58050006800F0010028
:101B50000028E9D1204600F0C1FA02F0ABF938497B
:101B6000B0FBF1F0401E2168C1F8DC002046FEF712
:101B70006FFD206800F58050D0F8000120F4E010DF
:101B800040F40021206800F58050C0F80011207D4D
:101B900000F0030038B10120C4F88800E020C4F848
:101BA000840001208EE7206800F58050D0F80801FD
:101BB00047F6FE718843616940EA4101206800F5FB
:101BC0008050C0F808112046FEF710FD2046FEF7B1
:101BD000DDFC606800796168497940EA012021688C
:101BE000C1F800036068C07800066168897840EA3F
:101BF00001406168497840EA01206168097808433A
:101C00002168C1F804032068D0F80C070D49084387
:101C10002168C1F80C072068D0F810070A4908436A
:101C20002168C1F810070020C4F888001020C4F80B
:101C30008400002046E70000F444025804040058E1
:101C400040420F006000020C00C0200C10B586B0AE
:101C50000446142101A8FEF70CFC53492068884271
:101C60007ED100BF5148006840F400404F490860F1
:101C70000846006800F40040009000BF00BF00BFAD
:101C80000846006840F4803008600846006800F4A8
:101C90008030009000BF00BF00BF0846006840F4DD
:101CA000003008600846006800F40030009000BF73
:101CB00000BF00BF3D480830006840F004003B49C9
:101CC000083108600846006800F00400009000BF7A
:101CD00000BF00BF0846006840F0010008600846E9
:101CE000006800F00100009000BF00BF00BF084680
:101CF000006840F0020008600846006800F002003A
:101D0000009000BF00BF02200190029000200390CD
:101D100004900B20059001A9254800F05DFB86206A
:101D200001900220029000200390032004900B20D9
:101D3000059001A91F4800F04FFB302001900220C0
:101D4000029000200390032004900B20059001A92D
:101D5000174800F041FB4FF480600190022000E042
:101D600020E002900020039004900B20059001A930
:101D7000114800F031FB4FF46050019002200290B6
:101D800000200390032004900B20059001A90A482D
:101D900000F022FB002205213D2000F04DFD3D20FA
:101DA00000F036FD06B010BD00800240D844025855
:101DB00000080258000002580004025870472DE93C
:101DC000F05F04460F464FF00008C34647B9D4F809
:101DD000880040F00100C4F888000120BDE8F09FB1
:101DE000D4F88400402801D00120F7E7E66D04F123
:101DF000480050F82650E06EC0F1040A3FE0E86861
:101E000000F0804018B16968A16729686167E868D7
:101E100000F0005008B9E06F28B3E86800F0005007
:101E200010B1002121666166E868C0F30E01606EA2
:101E3000A1EB0009E86800F0805018B1E96821675B
:101E40004FF0010B1FFA89F304F18001081F2A6982
:101E500000F0E0F8206E401C2066606E00EB090187
:101E600061660020286100BF761C042E00D3361F57
:101E700000BF04F1480050F8265008F10108E86856
:101E800000F0004020B9D04502D2BBF1000FB6D01F
:101E9000E06E00EB0801E166E06E10B12046FEF74F
:101EA000ABFFE665BBF1010F05D1E06F38600021A3
:101EB000E167002092E7012090E72DE9F047044612
:101EC0000F46904699462068D0F8000200F00100C5
:101ED00010B10120BDE8F0872068D0F8005225F04D
:101EE000787040EA475525F4F81040EA084545F077
:101EF0000C0545F001052068C0F8005200F080FB99
:101F0000064607E000F07CFB801BB0F57A7F01D924
:101F10000120DFE72068D0F8000200F0010000286F
:101F2000F0D12068D0F8040280B2C9F80000002087
:101F3000D0E72DE9F047064606F11805AF6AEC6ACE
:101F40004FF0010831E04FF001097F1E05F1140048
:101F500050F8240038B900BF641C042C00D3241F9F
:101F600000BF4FF00009B9F1000F1ED004EB44018F
:101F7000F06800EBC100C06800F0004098B905F1BE
:101F8000140151F8240000F0DFF9002105F11400DC
:101F900040F8241000BF641C042C00D3241F00BF91
:101FA000AF62EC6201E04FF0000817B1B8F1000F2A
:101FB000C9D10020BDE8F0877CB504460D4808F083
:101FC000EBFB054685B105F1200020600A48286139
:101FD00040F2F45120682B464122CDE90001002156
:101FE000084609F06BFD04E0012004490870002058
:101FF00020607CBD0C5A010835C20008A0490024AD
:1020000010B504460248006809F0A4FA10BD0000AB
:10201000A44900242DE9F04704460F462146BC465A
:102020000020A2F1200000250560058143810D6894
:102030000DB9086002E0DCF800502860CCF8000020
:10204000086803E005891D44058100680028F9D16E
:1020500015461E46002E29DD05F01F0A0AEB06086C
:10206000A94600BF00BF00BFBFF34F8F00BF00BF36
:1020700000BF00BFDFF83CA0CAF8009009F12009BA
:10208000A8F12008B8F1000FF4DC00BF00BF00BFCA
:10209000BFF34F8F00BF00BF00BF00BF00BF00BF36
:1020A000BFF36F8F00BF00BF00BF00BF00BFBDE820
:1020B000F08700005CEF00E070B504460D460DB9F6
:1020C000012070BDD4F88400102805D1294620468F
:1020D000FEF7C8FD0020F4E70120F2E770B50646E0
:1020E0003068D0F8004224F4706401F0E3FE054645
:1020F0001048854202D244F4007417E00E4885422D
:1021000002D244F4407411E00C48854200D20DE044
:102110000B48854202D244F4807407E009488542A6
:1021200002D244F4806401E044F4A0643068C0F852
:10213000004270BDC00E16020087930300E1F50552
:1021400080D1F00880B2E60E10B50446D4F88400C1
:10215000102853D12020C4F884000121A165042156
:10216000E1662046FEF748FE206800F58050D0F872
:10217000040140F00101206800F58050C0F804110E
:10218000206800F58050D0F8080140F00101206877
:1021900000F58050C0F80811206800F58050D0F894
:1021A000600140F48171206800F58050C0F8601132
:1021B0002068D0F8000D40F001002168C1F8000D42
:1021C0002068006840F0020021680860206800680C
:1021D00040F0010021680860206800F58050D0F8C8
:1021E00034014DF2C1010843216801F58051C1F865
:1021F00034014020C4F88400002010BD0120FCE719
:1022000010B50146D1F8840040284FD12020C1F8F4
:102210008400086800F58050D0F834014DF2C10404
:10222000A0430C6804F58054C4F83401086800F534
:102230008050D0F8040120F00104086800F58050B7
:10224000C0F80441086800F58050D0F8080120F07B
:102250000104086800F58050C0F80841086800686B
:1022600020F001000C6820600868D0F8000D40F0F4
:1022700001000C68C4F8000D0868006820F0020036
:102280000C682060002208E001F1480050F822307C
:10229000D86820F08040D860521C042AF4D300246F
:1022A0008C651020C1F88400002010BD0120FCE7DF
:1022B00070B504460D463DB9D4F8880040F00100E1
:1022C000C4F88800012070BDD4F8840040282ED1C5
:1022D000696BE163012229462046FEF76FFA38B1A7
:1022E000D4F8880040F00200C4F888000120EAE732
:1022F00000BF00BF00BFBFF34F8F00BF00BF00BFD4
:1023000000BFA06A401CA062A06A042802D3A06A91
:10231000001FA06200BF04F11800A16A50F821104C
:10232000206800F58050C0F820110020CBE7012084
:10233000C9E7000010B504460248006809F00AF930
:1023400010BD0000A849002410B50446204609F03D
:102350009DFE10BD704700002DE9F04705460F4671
:10236000904699462868D0F8000200F0010010B1AC
:102370000120BDE8F0872868D0F8004224F078708A
:1023800040EA475424F4F81040EA084424F00C00D2
:10239000041D44F001041FFA89F00D4908600D483E
:1023A000C0F8004200F02CF9064607E000F028F9DA
:1023B000801BB0F57A7F01D90120DAE72868D0F8D0
:1023C000000200F001000028F0D100BFD1E70000BA
:1023D0000482024000800240F8B502460B4600210C
:1023E0006F4DD7E001278F401E6806EA0704002CD6
:1023F00072D01E7906F00306012E04D01E7906F075
:102400000306022E13D190684F000326BE40B0434E
:102410004F00DE68BE4030439060506801268E4019
:10242000B0431E79C6F300168E40304350601E79CB
:1024300006F00306032E09D0D0684F000326BE40E5
:10244000B0434F009E68BE403043D0601E7906F016
:102450000306022E13D1CF0802F1200656F82700FA
:102460004E07F70E0F26BE40B0434F07FF0E1E6902
:10247000BE403043CF0802F1200646F8270010681E
:102480004F000326BE40B0431E7906F003064F00FE
:10249000BE40304310605E6806F44036002E78D0AF
:1024A00000BF404E366846F002063E4F3E603E4654
:1024B000366806F00206009600BF00BF3A4E8F084D
:1024C00056F827008E07370F0F26BE40B043374E11
:1024D000B24202D100262EE05BE0354EB24201D17D
:1024E000012628E0334EB24201D1022623E0324ECB
:1024F000B24201D103261EE0304EB24201D1042681
:1025000019E02F4EB24201D1052614E02D4EB24201
:1025100001D106260FE02C4EB24201D107260AE077
:102520002A4EB24201D1082605E0294EB24201D11D
:10253000092600E00A268F073F0FBE4030431A4E9F
:102540008F0846F827004FF0B0463068A0435E6819
:1025500006F4801606B120434FF0B0463060706834
:10256000A0435E6806F4001606B120434FF0B04663
:1025700070606868A0435E6806F4003606B12043C8
:1025800068602868A0435E6806F4803606B1204380
:102590002860491C1E68CE40002E7FF423AFF8BD92
:1025A00080000058F4440258080400580000025803
:1025B0000004025800080258000C0258001002588B
:1025C0000014025800180258001C0258002002583B
:1025D0000024025810B5426921EA020302EA01040C
:1025E00043EA0443836110BD0AB1816101E00B0439
:1025F0008361704701480068000C70470010005C60
:102600000148006870470000D8490024034800686A
:10261000034909780844014908607047D8490024F3
:10262000E049002410B5032000F044F901F08CFCCF
:1026300010490968C1F303210F4A515C01F01F01E1
:1026400020FA01F40B48006800F00F001146085C06
:1026500000F01F0024FA00F00849086008480460F0
:102660000F2000F00FF808B1012010BD00F0B8F8FD
:102670000020FAE718440258405A0108E8490024AB
:10268000E449002470B58AB00446102C0AD2002216
:102690002146192000F0D0F8192000F0B9F81948A7
:1026A000046002E001200AB070BD00BF1648006857
:1026B00040F00100144908600846006800F001007D
:1026C000009000BF00BF01A902A801F0BDFB01F00E
:1026D00029FC06460D48B6FBF0F0451E0C480D4996
:1026E000086040F2E7310B48C1604560002101619C
:1026F000816002F078F918B9064802F0ADF9D2E726
:102700000120D0E7DC490024F044025840420F0089
:1027100000000140D84B00244178154A116014494B
:102720000831096821F00101114A08321160121FB5
:1027300041681160017B0907C27A41EA0261827A2D
:1027400041EAC241427B41EA8241827B41EA424105
:10275000C27B41EA0241427A41EA0221027A41EA1D
:10276000420102781143024A0832116070470000AA
:1027700098ED00E000BF00BF00BFBFF35F8F00BF58
:1027800000BF00BF0548006820F48030034908609E
:1027900000200249703108607047000024ED00E01D
:1027A00040F001010D4A11600C497039096841F48B
:1027B00080310A4A703A116000BF00BF00BFBFF30A
:1027C0004F8F00BF00BF00BF00BF00BF00BFBFF3FF
:1027D0006F8F00BF00BF00BF7047000094ED00E0A6
:1027E00008B500BF0948006840F0020007490860CA
:1027F0000846006800F00200009000BF00BF002201
:102800000F21901E00F018F808BD0000F444025893
:102810000146084600280DDB00BF00BF00F01F0383
:1028200001229A4043099B0003F1E023C3F80021F1
:1028300000BF00BF00BF70472DE9F05F80460D4626
:10284000164604F007F8074639462A46334601F093
:102850000700C0F1070ABAF1040F02D94FF0040AC9
:1028600001E0C0F1070AD14600F1040ABAF1070FEE
:1028700002D24FF0000A01E0A0F1030AD4464FF063
:10288000010A0AFA09FAAAF1010A0AEA020A0AFA8C
:102890000CFA4FF0010B0BFA0CFBABF1010B0BEA3E
:1028A000030B4AEA0B042146404603F0DBFFBDE878
:1028B000F09F000000BF00F00702064B19684FF6BA
:1028C000FF031940044B0B4343EA0221014B1960FB
:1028D00000BF70470CED00E00000FA0570B504463B
:1028E00015480068C0F3800048B91348006800F03C
:1028F0000700A04201D0012070BD0020FCE70E4877
:10290000006820F0070020430B490860FFF778FEBD
:10291000054607E0FFF774FE401BB0F57A7F01D94A
:102920000120E9E7044808380068C0F34030002877
:10293000F0D00020E0E700000C48025810B501F08C
:10294000B9FA05490968C1F30211044A515C01F062
:102950001F01C84010BD000020440258405A010821
:1029600070B50146844D2D6805F00303824D2D6836
:10297000C5F30530804D2D1D2D68C5F300147E4D27
:1029800014352D68C5F3CC0515FB04F501EE105A7E
:10299000B8EE411AF0EE410A00286FD023B1012BA6
:1029A0004ED0022B6BD16BE0734D283D2D68C5F3E3
:1029B00040153DB3704D283D2D68C5F3C1066F4DE0
:1029C00025FA06F201EE102AF8EE411A01EE100A7D
:1029D000B8EE411A81EE812A9FED691AC0EE811A84
:1029E000654D10352D68C5F3080501EE105AB8EE97
:1029F000411A31EE811AF7EE001A31EE211A22EE59
:102A0000010A1CE001EE100AB8EE411ADFED5D1A72
:102A100081EE812A9FED5A1AC0EE811A564D10356B
:102A20002D68C5F3080501EE105AB8EE411A31EED3
:102A3000811AF7EE001A31EE211A22EE010A5BE04C
:102A400001EE100AB8EE411ADFED4F1A81EE812A2D
:102A50009FED4B1AC0EE811A474D10352D68C5F316
:102A6000080501EE105AB8EE411A31EE811AF7EE60
:102A7000001A31EE211A22EE010A3DE077E01DE056
:102A800001EE100AB8EE411A9FED402AC2EE011A7B
:102A90009FED3B1A80EE812A374D10352D68C5F326
:102AA000080501EE105AB8EE411A32EE011AB7EEDF
:102AB000002A31EE021A21EE810A1DE001EE100A11
:102AC000B8EE411ADFED301A81EE812A9FED2C1A03
:102AD000C0EE811A284D10352D68C5F3080501EEAA
:102AE000105AB8EE411A31EE811AF7EE001A31EEA3
:102AF000211A22EE010A00BF00BF1F4D10352D68BC
:102B0000C5F3462501EE105AB8EE411AF7EE001A49
:102B100031EE211AC0EE011ABCEEE11A81ED001A65
:102B2000154D10352D68C5F3064501EE105AB8EE67
:102B3000411AF7EE001A31EE211AC0EE011ABCEE6E
:102B4000E11A81ED011A0C4D10352D68C5F30665AB
:102B500001EE105AB8EE411AF7EE001A31EE211AC2
:102B6000C0EE011ABCEEE11A81ED021A03E0002565
:102B70000D604D608D6070BD284402580090D003F8
:102B8000000000460024744C0024744A20BCBE4B54
:102B900070B50146844D2D6805F00303824D2D6804
:102BA000C5F30550804D2D1D2D68C5F300247E4DC5
:102BB0001C352D68C5F3CC0515FB04F501EE105A44
:102BC000B8EE411AF0EE410A00286FD023B1012B74
:102BD0004ED0022B6BD16BE0734D283D2D68C5F3B1
:102BE00040153DB3704D283D2D68C5F3C1066F4DAE
:102BF00025FA06F201EE102AF8EE411A01EE100A4B
:102C0000B8EE411A81EE812A9FED691AC0EE811A51
:102C1000654D18352D68C5F3080501EE105AB8EE5C
:102C2000411A31EE811AF7EE001A31EE211A22EE26
:102C3000010A1CE001EE100AB8EE411ADFED5D1A40
:102C400081EE812A9FED5A1AC0EE811A564D183531
:102C50002D68C5F3080501EE105AB8EE411A31EEA1
:102C6000811AF7EE001A31EE211A22EE010A5BE01A
:102C700001EE100AB8EE411ADFED4F1A81EE812AFB
:102C80009FED4B1AC0EE811A474D18352D68C5F3DC
:102C9000080501EE105AB8EE411A31EE811AF7EE2E
:102CA000001A31EE211A22EE010A3DE077E01DE024
:102CB00001EE100AB8EE411A9FED402AC2EE011A49
:102CC0009FED3B1A80EE812A374D18352D68C5F3EC
:102CD000080501EE105AB8EE411A32EE011AB7EEAD
:102CE000002A31EE021A21EE810A1DE001EE100ADF
:102CF000B8EE411ADFED301A81EE812A9FED2C1AD1
:102D0000C0EE811A284D18352D68C5F3080501EE6F
:102D1000105AB8EE411A31EE811AF7EE001A31EE70
:102D2000211A22EE010A00BF00BF1F4D18352D6881
:102D3000C5F3462501EE105AB8EE411AF7EE001A17
:102D400031EE211AC0EE011ABCEEE11A81ED001A33
:102D5000154D18352D68C5F3064501EE105AB8EE2D
:102D6000411AF7EE001A31EE211AC0EE011ABCEE3C
:102D7000E11A81ED011A0C4D18352D68C5F3066571
:102D800001EE105AB8EE411AF7EE001A31EE211A90
:102D9000C0EE011ABCEEE11A81ED021A03E0002533
:102DA0000D604D608D6070BD284402580090D003C6
:102DB000000000460024744C0024744A20BCBE4B22
:102DC0002DE9F04104460025A8464FF00062D4E901
:102DD000001011400020134659404040014331D1BA
:102DE000A06E48B1B0F5801F0DD0B0F5001F11D016
:102DF000B0F5401F16D114E0F948006840F40030E7
:102E0000F749086010E0022104F1080002F0B0FD6B
:102E1000054609E0022104F1280002F05BFE0546A8
:102E200002E001E0012500BF00BF55B9EC482430A5
:102E3000006820F44010A16E0843E949243108607D
:102E400000E0A8464FF48073D4E900101940002038
:102E50005940404001432ED1A06D05281BD2DFE828
:102E600000F0030A11181900DD48006840F4003032
:102E7000DB49086011E0002104F1080002F078FD50
:102E800005460AE0002104F1280002F023FE054671
:102E900003E002E001E0012500BF00BF55B9D048C2
:102EA0002430006820F00700A16D0843CC4924318C
:102EB000086000E0A8464FF40073D4E90010194000
:102EC000002059404040014334D1E06D802818D0A3
:102ED00003DC40B140281DD10CE0C02818D0B0F56B
:102EE000807F17D115E0BE48006840F40030BC492F
:102EF000086011E0002104F1080002F039FD0546E8
:102F00000AE0002104F1280002F0E4FD054603E098
:102F100002E001E0012500BF00BF55B9B0482430F0
:102F2000006820F4E070E16D0843AD492431086089
:102F300000E0A8464FF48063D4E900101940002057
:102F400059404040014339D1D4F8A800B0F5800F72
:102F50001AD004DC50B1B0F5001F1ED10DE0B0F561
:102F6000C00F18D0B0F5000F17D115E09C480068CD
:102F700040F400309A49086011E0002104F1080093
:102F800002F0F6FC05460AE0002104F1280002F0F8
:102F9000A1FD054603E002E001E0012500BF00BFFE
:102FA0005DB98F482C30006820F46000D4F8A81078
:102FB00008438B492C31086000E0A8464FF40062BA
:102FC000D4E900101140002013465940404001430D
:102FD00039D1D4F8AC00B0F1007F1AD004DC50B184
:102FE000B0F1807F1ED10DE0B0F1407F18D0B0F17C
:102FF000806F17D115E07A48006840F400307849B6
:10300000086011E0002104F1080002F0B1FC05465F
:103010000AE0002104F1280002F05CFD054603E00F
:1030200002E001E0012500BF00BF5DB96C482C3013
:10303000006820F0E060D4F8AC10084368492C31F7
:10304000086000E0A8464FF00073D4E90001184082
:10305000002158404940084328D1E06CA8B110280D
:1030600004D0202809D0302810D10DE05C48006839
:1030700040F400305A4908600AE0022104F10800D7
:1030800002F076FC054603E002E001E0012500BF06
:1030900000BF55B952482030006820F03000E16C84
:1030A00008434F492031086000E0A8464FF48053A0
:1030B000D4E900101940002059404040014337D165
:1030C000206EB0F5005F1AD004DC50B1B0F5805F1F
:1030D0001ED10DE0B0F5405F18D0B0F5804F17D18C
:1030E00015E03F48006840F400303D49086011E0B9
:1030F000002104F1080002F03BFC05460AE0002133
:1031000004F1280002F0E6FC054603E002E001E0DD
:10311000012500BF00BF55B931482430006820F4B4
:10312000E040216E08432E492431086000E0A846A3
:103130004FF40053D4E9001019400020594040409A
:10314000014335D1606EB0F5403F1ED007DC68B159
:10315000B0F5803F0BD0B0F5003F19D10EE0B0F5CF
:10316000802F13D0B0F5A02F12D110E012E0012172
:1031700004F1080002F0FCFB05460BE0012104F11C
:10318000280002F0A7FC054604E003E002E001E0AD
:10319000012500BF00BF55B911482430006820F454
:1031A000E020616E08430E492431086000E0A84623
:1031B0004FF48043D4E900011840002158404940B1
:1031C000084337D1D4F8B000B0F1405F20D009DC1B
:1031D00078B1B0F1805F0DD0B0F1005F1BD110E08D
:1031E0002C440258B0F1804F13D0B0F1A04F12D14F
:1031F00010E012E0012104F1080002F0B9FB0546DD
:103200000BE0012104F1280002F064FC054604E013
:1032100003E002E001E0012500BF00BF4DB9FE4818
:10322000006820F0E040D4F8B0100843FA49086084
:1032300000E0A8464FF40042D4E9001011400020FD
:10324000134659404040014329D1206FB0B1B0F13D
:10325000805F03D0B0F1005F11D108E0EE482C3858
:10326000006840F40030EC492C39086009E0012185
:1032700004F1080002F07CFB054602E001E00125B4
:1032800000BF00BF55B9E4480838006820F040503E
:10329000216F0843E0490839086000E0A8464FF074
:1032A0008072D4E90010114000201346594040407C
:1032B00001432AD1A06CB8B1012804D002280BD058
:1032C000032812D10FE0D4482C38006840F40030B5
:1032D000D1492C3908600AE0022104F1080002F00B
:1032E00047FB054603E002E001E0012500BF00BF07
:1032F00055B9C9480C38006820F00300A16C084398
:10330000C5490C39086000E0A8464FF48002D4E9B2
:1033100000011040002113465840494008437DD128
:10332000BE48006840F48070BC490860FFF768F947
:10333000064606E0FFF764F9801B642801D90325DF
:1033400005E0B648006800F480700028F2D000BFA5
:1033500085BBB1481830006800F44070B4F8B41070
:1033600001F44071884213D0AB481830006820F453
:103370004077A9481830006840F48030A6491831D9
:1033800008600846006820F480300860084607603E
:10339000D4F8B400B0F5807F15D1FFF731F90646B7
:1033A00009E0FFF72DF9801B41F28831884202D9EC
:1033B000032507E038E0984818300068C0F3400063
:1033C0000028EED000BF55BB00BFB4F8B40000F435
:1033D0004070B0F5407F0ED18F484838006820F427
:1033E0007C518F4AD4F8B400104041EA10108A4949
:1033F0004839086007E088484838006820F47C5065
:10340000854948390860844818300068B4F8B41019
:10341000C1F30B0108438049183101E005E001E0E8
:10342000086002E0A84600E0A8460122D4E90001B5
:1034300010400021134658404940084330D1E06F06
:1034400018281AD005DC48B1082808D0102817D150
:103450000CE0202812D0282812D110E012E001211F
:1034600004F1080002F084FA05460BE0012104F1A2
:10347000280002F02FFB054604E003E002E001E033
:10348000012500BF00BF55B96348001F006820F048
:103490003800E16F08436049091F086000E0A84652
:1034A0000222D4E90001104000211346584049404F
:1034B000084329D1A06F062816D2DFE800F00304E4
:1034C0000B12131412E0012104F1080002F050FA6B
:1034D00005460BE0012104F1280002F0FBFA054645
:1034E00004E003E002E001E0012500BF00BF55B9A0
:1034F0004948001F006820F00700A16F08434649B3
:10350000091F086000E0A8460423D4E90010194010
:10351000002059404040014329D1D4F894000628A6
:1035200016D2DFE800F003040B12131412E001219D
:1035300004F1080002F01CFA05460BE0012104F139
:10354000280002F0C7FA054604E003E002E001E0CB
:10355000012500BF00BF4DB92F48006820F00700CB
:10356000D4F8941008432C49086000E0A8462023B2
:10357000D4E900011840002158404940084337D1A0
:10358000D4F89000B0F1405F1ED007DC68B1B0F114
:10359000805F0BD0B0F1005F19D10EE0B0F1804F29
:1035A00013D0B0F1A04F12D110E012E0002104F1CD
:1035B000080002F0DDF905460BE0022104F12800C5
:1035C00002F088FA054604E003E002E001E001258C
:1035D00000BF00BF5DB91048001F006820F0E04048
:1035E000D4F8901008430C49091F086000E0A84671
:1035F0004023D4E9001019400020594040400143C5
:103600003CD1D4F89C00B0F5406F25D00EDCA0B1C1
:10361000B0F5806F12D005E05844025800480258B7
:10362000FFFCFF0FB0F5006F19D10EE0B0F5805F21
:1036300013D0B0F5A05F12D110E012E0002104F128
:10364000080002F095F905460BE0022104F128007C
:1036500002F040FA054604E003E002E001E0012543
:1036600000BF00BF4DB9FE48006820F4E050D4F818
:103670009C100843FA49086000E0A8468023D4E97A
:1036800000101940002059404040014335D1D4F882
:10369000A000B0F5C04F1ED007DC68B1B0F5005FE8
:1036A0000BD0B0F5804F19D10EE0B0F5004F13D01C
:1036B000B0F5204F12D110E012E0002104F1080013
:1036C00002F056F905460BE0022104F1280002F051
:1036D00001FA054604E003E002E001E0012500BF35
:1036E00000BF4DB9DE48006820F46040D4F8A01057
:1036F0000843DB49086000E0A8460823D4E900102D
:103700001940002059404040014317D1D4F88400AB
:10371000B0F5805F07D1022104F1280002F0DAF948
:1037200008B14FF00108CE48001F006820F4405057
:10373000D4F884100843CA49091F08601023D4E94B
:1037400000101940002059404040014315D1D4F8E1
:103750009800B0F5807F07D1022104F1280002F023
:10376000B9F908B14FF00108BD48006820F4407075
:10377000D4F898100843BA4908604FF40022D4E9FD
:10378000000110400021134658404940084327D10A
:10379000D4F8A40030B1B0F5803F0AD0B0F5003FB6
:1037A0000FD10DE0002104F1080002F0E1F8054618
:1037B00009E0022104F1280002F08CF9054602E03C
:1037C00001E0012500BF00BF4DB9A548006820F405
:1037D0004030D4F8A4100843A149086000E0A8468E
:1037E0004FF48023D4E9000118400021584049409B
:1037F00008432DD1D4F88800B0F5801F06D0B0F56D
:10380000001F0CD0B0F5401F11D10FE094482C38A8
:10381000006840F4003092492C39086009E0012129
:1038200004F1280002F056F9054602E001E0012506
:1038300000BF00BF5DB98A48001F006820F4401037
:10384000D4F8881008438649091F086000E0A8469C
:103850004FF48032D4E90001104000211346584053
:103860004940084325D1206D18B1B0F5803F10D1F3
:1038700008E07B482C38006840F4003078492C3947
:10388000086008E0022104F1080002F071F8054622
:1038900001E0012500BF00BF55B971480C38006830
:1038A00020F48030216D08436D490C39086000E038
:1038B000A8464FF00052D4E90010114000201346F2
:1038C00059404040014307D1022104F1280002F091
:1038D00001F908B14FF001084FF40033D4E90001B9
:1038E0001840002158404940084329D1D4F88000AD
:1038F000A0B1B0F5807F06D0B0F5007F0CD0B0F558
:10390000407F0CD109E056482C38006840F4003064
:1039100053492C39086004E003E002E001E001258E
:1039200000BF00BF5DB94E48001F006820F4407022
:10393000D4F8801008434A49091F086000E0A846EF
:103940004FF48012D4E90010114000201346594072
:103950004040014309D142480838006820F0004047
:10396000616F08433E49083908604FF08052D4E93E
:1039700000101140002013465940404001430AD135
:1039800037484838006820F48040D4F8B81008431D
:103990003349483908604FF40012D4E9001011404F
:1039A0000020134659404040014309D12C480838B3
:1039B000006820F08070E16E0843294908390860EA
:1039C0004FF08042D4E900101140002013465940C6
:1039D0004040014311D100BF21484838006820F41D
:1039E00000401F494839086008460068D4F8BC10F8
:1039F00008431B494839086000BF4FF00042D4E932
:103A0000001011400020134659404040014309D1A5
:103A100013480C38006820F04050616D084310498D
:103A20000C3908604FF40002D4E900101140002066
:103A300013465940404001430AD10948001F00681D
:103A400020F44000D4F88C1008430549091F086091
:103A5000012300216068184001224940504001E0E4
:103A600058440258014306D104F1080001F080FFD8
:103A7000054605B1A8460222002160681040494071
:103A80005040014307D1012104F1080001F070FF0B
:103A9000054605B1A84604230020616819400422A8
:103AA00040405140084307D1022104F1080001F0D1
:103AB0005FFF054605B1A84608230021606818404D
:103AC000082249405040014306D104F1280002F089
:103AD00001F8054605B1A846102200216068104093
:103AE00049405040014307D1012104F1280001F071
:103AF000F1FF054605B1A84620220020616811406B
:103B000040405140084307D1022104F1280001F050
:103B1000E1FF054605B1A846B8F1000F02D100202B
:103B2000BDE8F0810120FBE72DE9F04104460D4698
:103B300014B90120BDE8F081BD48006800F00F0015
:103B4000A8420ED2BA48006820F00F002843B849B6
:103B500008600846006800F00F00A84201D001206C
:103B6000E8E7207800F0040004280ED1B14920696C
:103B7000096801F07001884207D9AE48006820F05A
:103B8000700021690843AB490860207800F0080004
:103B9000082811D1A749091D6069096801F0700161
:103BA000884209D9A348001D006820F070006169AF
:103BB0000843A049091D0860207800F01000102873
:103BC00011D19C49091DA069096801F4E06188428E
:103BD00009D99848001D006820F4E060A1690843F5
:103BE0009449091D0860207800F02000202811D198
:103BF00090490831E069096801F07001884209D9EB
:103C00008C480830006820F07000E1690843894959
:103C100008310860207800F0020002280ED18549A2
:103C2000E068096801F00F01884207D981480068FF
:103C300020F00F00E16808437E490860207800F01A
:103C40000100002850D07B48006820F47060A16813
:103C50000843784908606068022807D17548183819
:103C60000068C0F34040F8B9012063E760680328AA
:103C700007D1704818380068C0F34060A0B901202F
:103C800058E76068012807D16A4818380068C0F30F
:103C9000002048B901204DE7664818380068C0F395
:103CA000800008B9012045E762480838006820F024
:103CB0000700616808435F4908390860FEF7A0FC07
:103CC000064608E0FEF79CFC801B41F288318842E2
:103CD00001D903202EE757480838006800F0380063
:103CE0006168B0EBC10FEDD1207800F0020002282E
:103CF0000ED15049E068096801F00F01884207D2EF
:103D00004C48006820F00F00E1680843494908600A
:103D10004748006800F00F00A8420ED944480068E8
:103D200020F00F002843424908600846006800F070
:103D30000F00A84201D00120FCE6207800F004002A
:103D400004280ED13B492069096801F070018842BE
:103D500007D23848006820F07000216908433549CF
:103D60000860207800F00800082811D13149091DA9
:103D70006069096801F07001884209D22D48001D70
:103D8000006820F07000616908432A49091D086035
:103D9000207800F01000102811D12649091DA069D3
:103DA000096801F4E061884209D22248001D0068D8
:103DB00020F4E060A16908431E49091D08602078CD
:103DC00000F02000202811D11A490831E069096863
:103DD00001F07001884209D216480830006820F0CE
:103DE0007000E169084313490831086000F0ACF83D
:103DF00010490968C1F303210F4A515C01F01F010A
:103E000020FA01F70B48006800F00F001146085C2B
:103E100000F01F0027FA00F0084908600848076012
:103E200008480068FEF72EFC8046404682E6000007
:103E30000020005218440258405A0108E849002462
:103E4000E4490024DC4900243F220260174A12683A
:103E500002F007024260154A0832126802F47062EA
:103E60008260124A0832126802F00F02C2600F4AE2
:103E70000832126802F0700202610C4A0C321268B9
:103E800002F070024261094A0C32126802F4E062E8
:103E90008261064A1032126802F07002C261044A5E
:103EA000126802F00F020A607047000010440258C6
:103EB0000020005210B500F047F80D490968C1F321
:103EC00003210C4A515C01F01F0120FA01F408485B
:103ED000006800F00F001146085C00F01F0024FA93
:103EE00000F005490860054804600846006810BDF8
:103EF00018440258405A0108E8490024E4490024C3
:103F000000B5FFF7D7FF05490968C1F30211044A5C
:103F1000515C01F01F01C84000BD00001C44025864
:103F2000405A010800B5FFF7C5FF05490968C1F30C
:103F30000221044A515C01F01F01C84000BD00008D
:103F40001C440258405A0108F0B5824E366806F00B
:103F5000380636B1082E15D0102E15D0182E7DD16A
:103F600014E07C4E103E3668C6F3401646B1794EDA
:103F7000103E3668C6F3C107774E26FA07F000E018
:103F80007548E5E07548E3E07548E1E0714E1836A4
:103F9000366806F003046F4E18363668C6F305110E
:103FA0006C4E1C36366806F001056A4E24363668BB
:103FB000C6F3CC0616FB05F601EE106AB8EE410A10
:103FC000002971D024B1012C50D0022C6DD16DE0AC
:103FD000604E103E3668C6F340163EB35D4E103E4E
:103FE0003668C6F3C1075C4E26FA07F301EE103AB5
:103FF000F8EE411A01EE101AB8EE411A81EE812A4C
:104000009FED581AC0EE011A524E20363668C6F39C
:10401000080601EE106AB8EE411A31EE811AF7EE89
:10402000001A31EE211A62EE010A1EE001EE101AAA
:10403000B8EE411ADFED4C1A81EE812A9FED491A44
:10404000C0EE011A434E20363668C6F3080601EE6C
:10405000106AB8EE411A31EE811A00E076E0F7EE10
:10406000001A31EE211A62EE010A5BE001EE101A2D
:10407000B8EE411A9FED3D2AC2EE011A9FED391AA2
:1040800080EE012A334E20363668C6F3080601EE6C
:10409000106AB8EE411A32EE011AB7EE002A31EE7C
:1040A000021A61EE810A3DE04EE01DE001EE101AB9
:1040B000B8EE411ADFED2E1A81EE812A9FED291A02
:1040C000C0EE011A234E20363668C6F3080601EE0C
:1040D000106AB8EE411A31EE811AF7EE001A31EE8D
:1040E000211A62EE010A1DE001EE101AB8EE411A23
:1040F0009FED1E2AC2EE011A9FED1A1A80EE012AC8
:10410000144E20363668C6F3080601EE106AB8EE83
:10411000411A32EE011AB7EE002A31EE021A61EEB0
:10412000810A00BF00BF0B4E20363668C6F3462614
:10413000721C01EE102AB8EE411AC0EE811ABCEED4
:10414000E11A11EE100A00E0002001E0034800BF70
:1041500000BFF0BD104402580090D00300093D009C
:1041600040787D01000000460024744C0024744A0D
:1041700020BCBE4B2DE9F047044614B90120BDE830
:10418000F087207800F00100002870D0FA4800681D
:1041900000F03808F8481830D0F80090B8F1100F47
:1041A00006D0B8F1180F0FD109F0030002280BD187
:1041B000F14810380068C0F3404000286AD06068B9
:1041C000002867D10120DAE700BF6068B0F5803FC2
:1041D00008D1E9481038006840F48030E6491039C9
:1041E00008602EE0606868B9E3481038006820F481
:1041F0008030E149103908600846006820F48020CA
:1042000008601EE06068B0F5A02F0DD1DA481038C4
:10421000006840F48020D8491039086008460068DA
:1042200040F4803008600CE0D3481038006820F477
:104230008030D149103908600846006820F4802099
:10424000086000BF606898B1FEF7DAF9054606E03D
:10425000FEF7D6F9401B642801D903208FE7C64832
:1042600010380068C0F340400028F1D012E012E09E
:10427000FEF7C6F9054606E0FEF7C2F9401B6428C2
:1042800001D903207BE7BC4810380068C0F34040E8
:104290000028F1D100BF207800F00200022874D17C
:1042A000B548006800F03808B3481830D0F80090DE
:1042B000B8F1000F05D0B8F1180F56D109F003007E
:1042C000D0BBAD4810380068C0F3800018B1E0687A
:1042D00008B9012053E7A8481038006820F01900F9
:1042E000E1680843A44910390860FEF789F90546DA
:1042F00006E0FEF785F9401B022801D903203EE7BE
:104300009D4810380068C0F380000028F1D000BF3D
:10431000FEF770F941F2030188421AD8206940285B
:104320000BD195480C38006820F47C3040F4003004
:1043300091490C39086017E017E08F480C38006885
:1043400020F47C30216940EA01308B490C39086047
:104350000AE089480C38006820F0FE40217C40EAE1
:10436000016085490C39086066E0E06888B38248DE
:104370001038006820F01900E16808437E491039C0
:104380000860FEF73DF9054607E056E0FEF738F90C
:10439000401B022801D90320F1E677481038006855
:1043A000C0F380000028F1D000BFFEF723F941F2EE
:1043B000030188421AD8206940280BD16E480C3876
:1043C000006820F47C3040F400306B490C39086000
:1043D00017E017E068480C38006820F47C30216949
:1043E00040EA013064490C3908600AE062480C3840
:1043F000006820F0FE40217C40EA01605E490C39F3
:10440000086019E05C481038006820F001005A4943
:1044100010390860FEF7F4F8054606E0FEF7F0F8FC
:10442000401B022801D90320A9E653481038006830
:10443000C0F380000028F1D100BF207800F0100008
:1044400010287CD14C48006800F038084A481830E1
:10445000D0F80090B8F1080F06D0B8F1180F3DD190
:1044600009F00300012839D1434810380068C0F32F
:10447000002020B1E069802801D001207FE600BF44
:10448000FEF7B8F841F2030188421AD8206A2028C2
:104490000AD139480C38006820F0F84040F08040DC
:1044A00035490C39086018E033480C38006820F0B2
:1044B000F84094F8201040EA81602F490C390860D8
:1044C0000BE02D48001F006820F07C5094F820106D
:1044D00040EA01602849091F086066E0E06978B396
:1044E00025481038006840F08000234910390860E2
:1044F000FEF786F8054606E0FEF782F8401B022824
:1045000001D903203BE61C4810380068C0F30020A6
:104510000028F1D000BFFEF76DF841F20301884298
:104520001CD8206A20280CD113480C38006820F0D1
:10453000F84040F0804010490C3908601AE035E03E
:104540001CE00D480C38006820F0F84094F820106A
:1045500040EA816008490C3908600BE00648001FFA
:10456000006820F07C5094F8201040EA0160024975
:10457000091F086019E0000010440258FA4800685A
:1045800020F08000F8490860FEF73AF8054606E09A
:10459000FEF736F8401B022801D90320EFE5F24868
:1045A0000068C0F300200028F2D100BF207800F09E
:1045B0000800082836D16069D0B1EB487430006833
:1045C00040F00100E84974310860FEF719F805462B
:1045D00006E0FEF715F8401B022801D90320CEE5BE
:1045E000E14874300068C0F340000028F1D019E0C1
:1045F000DD487430006820F00100DB497431086048
:10460000FDF7FEFF054606E0FDF7FAFF401B022816
:1046100001D90320B3E5D44874300068C0F34000EA
:104620000028F1D1207800F02000202830D1A069A6
:10463000B8B1CD48006840F48050CB490860FDF720
:10464000DFFF054606E0FDF7DBFF401B022801D92E
:10465000032094E5C4480068C0F340300028F2D03D
:1046600016E0C148006820F48050BF490860FDF79B
:10467000C7FF054606E0FDF7C3FF401B022801D92E
:1046800003207CE5B8480068C0F340300028F2D130
:10469000207800F0040004287DD1B448006840F47C
:1046A0008070B2490860FDF7ABFF054606E0FDF7F4
:1046B000A7FF401B642801D9032060E5AB480068D0
:1046C00000F480700028F2D000BFA068012808D153
:1046D000A5487030006840F00100A34970310860BF
:1046E0002DE0A06868B9A0487030006820F0010093
:1046F0009D49703108600846006820F00400086099
:104700001DE0A06805280DD197487030006840F082
:1047100004009549703108600846006840F00100C7
:1047200008600CE090487030006820F001008E496D
:10473000703108600846006820F00400086000BF7F
:10474000A068A0B1FDF75CFF054608E0FDF758FF43
:10475000401B41F28831884201D903200FE582488D
:1047600070300068C0F340000028EFD013E0FDF780
:1047700047FF054608E0FDF743FF401B41F2883143
:10478000884201D90320FAE4774870300068C0F30A
:1047900040000028EFD1606A00287DD072481030B8
:1047A000006800F03800182877D0606A022875D1B8
:1047B0006D48006820F080706B490860FDF720FFAD
:1047C000054606E0FDF71CFF401B022801D9032027
:1047D000D5E465480068C0F340600028F2D100BF0E
:1047E000D4E90A1041EA00105F492831096840F213
:1047F000F332914308435C4928310860208E401E03
:10480000C0F30800616B491E4FF47E4202EA412169
:104810000843218F491ED20102EA014108433C218D
:10482000095D491E120202EA016108434E49303116
:10483000086000BF081F006820F00100091F086021
:104840004948343000684FF6F8718843A16C40EA5B
:10485000C10045493431086043482C30006820F0DD
:104860000C00216C084340492C3108600846006860
:1048700020F00200616C08433B492C310860084677
:10488000006840F4803008600846006840F400305A
:1048900008600846006802E093E038E01FE040F45A
:1048A000802008600846006840F0010008602E483B
:1048B000006840F080702C490860FDF7A1FE0546B5
:1048C00006E0FDF79DFE401B022801D9032056E4B7
:1048D00025480068C0F340600028F2D071E022480B
:1048E000006820F0807020490860FDF789FE0546C9
:1048F00006E0FDF785FE401B022801D903203EE4B7
:1049000019480068C0F340600028F2D159E0164809
:1049100028300768144830300668606A012821D0C2
:1049200007F00301A06A81421CD1C7F30511E06AB8
:10493000884217D1C6F30801206B401E814211D175
:10494000606B401EC6F3462188420BD1A06B401E0F
:10495000C6F30641884205D1E06B401EC6F30661EE
:10496000884205D001200AE4004402580048025859
:1049700015480068C0F3CC07A06CB84221D012489B
:104980000838006820F001000F4908390860FDF779
:1049900037FE054600BFFDF733FE401BFBD00A483B
:1049A00000684FF6F8718843A16C40EAC1000649DF
:1049B000086005480838006840F0010002490839DD
:1049C000086000204AE400003444025803490968A2
:1049D00021F460010143014A11607047040400584A
:1049E00070477047704710B504460CB9012010BDE0
:1049F00094F83D0028B9002084F83C00204600F0DF
:104A000029F8022084F83D00211D206801F00CFAED
:104A1000012084F8480000BF84F83E0001213F20B7
:104A200001554020015541200155422001554320A8
:104A3000015500BF00BF012084F844004520015506
:104A4000462001554720015500BF012084F83D0054
:104A50000020CCE770470000014691F83D00012896
:104A600001D001207047022081F83D000868C0682D
:104A700040F001000B68D8601C4B086898421BD0BE
:104A80000868B0F1804F17D0194B0868984213D0CE
:104A9000184B086898420FD0174B086898420BD003
:104AA000164B0868984207D0154B0868984203D007
:104AB000144B0868984210D108688068124B00EACD
:104AC0000302062A0FD0B2F5803F0CD008680068B8
:104AD00040F001000B68186005E00868006840F0CD
:104AE00001000B6818600020BCE7000000000140D6
:104AF0000004004000080040000C00400004014099
:104B0000001800400040014007000100704770B5E8
:104B100004462068C6682068056905F0020002287E
:104B200019D106F00200022815D1401F2168086142
:104B3000012020772068806900F0030018B120462A
:104B4000FFF7E4FF05E0204600F0ADF8204600F056
:104B5000ABF80020207705F00400042819D106F0F6
:104B60000400042815D1C043216808610220207781
:104B70002068806900F4407018B12046FFF7C6FF36
:104B800005E0204600F08FF8204600F08DF8002068
:104B9000207705F00800082819D106F00800082839
:104BA00015D1C04321680861042020772068C069BE
:104BB00000F0030018B12046FFF7A8FF05E02046EB
:104BC00000F071F8204600F06FF80020207705F023
:104BD0001000102819D106F01000102815D1C0437C
:104BE00021680861082020772068C06900F44070BF
:104BF00018B12046FFF78AFF05E0204600F053F881
:104C0000204600F051F80020207705F0010048B15F
:104C100006F0010030B16FF0010021680861204604
:104C200000F044F805F08000802804D005F400501E
:104C3000B0F5005F0AD106F08000802806D16FF43D
:104C40000250216808612046FFF7CBFE05F4807012
:104C5000B0F5807F0AD106F08000802806D16FF47D
:104C60008070216808612046FFF7BAFE05F0400019
:104C7000402809D106F04000402805D1C0432168F2
:104C80000861204600F01EF805F02000202809D118
:104C900006F02000202805D1C04321680861204685
:104CA000FFF7A0FE70BD70477047000010B50446C6
:104CB00003492068884201D1FDF7A8FC10BD00001F
:104CC000000001407047014600BF91F884000128B0
:104CD00001D102207047012081F8840000BF242008
:104CE000C1F88800086802680868006820F00100C0
:104CF0000B68186022F000520020486608680260C5
:104D00002020C1F8880000BF002081F8840000BF87
:104D100000BFDFE77047704770B504460D4600BF1F
:104D200094F88400012801D1022070BD012084F88C
:104D3000840000BF2420C4F888002068066820682A
:104D4000006820F00100216808602068806820F079
:104D50006060284321688860204601F0CFF8206811
:104D600006602020C4F8880000BF002084F884007A
:104D700000BF00BFD9E770B504460D4600BF94F8E8
:104D80008400012801D1022070BD012084F8840034
:104D900000BF2420C4F888002068066820680068E6
:104DA00020F00100216808602068806820F06040E1
:104DB000284321688860204601F0A0F8206806603A
:104DC0002020C4F8880000BF002084F8840000BFC1
:104DD00000BFD9E770477047704700002DE9F047E2
:104DE00004462068C569206806682068876840F620
:104DF0000F0005EA0009B9F1000F0FD105F02000FE
:104E000060B106F0200010B907F0805030B1606F3B
:104E100010B12046616F8847BDE8F087B9F1000FF7
:104E20007ED0F848384018B9F74830400028F7D00D
:104E300005F0010058B106F4807040B101202168EE
:104E40000862D4F8900040F00100C4F8900005F02A
:104E5000020058B107F0010040B102202168086249
:104E6000D4F8900040F00400C4F8900005F004006D
:104E700058B107F0010040B1042021680862D4F85D
:104E8000900040F00200C4F8900005F0080070B1F6
:104E900006F0200010B9DB48384040B108202168F6
:104EA0000862D4F8900040F00800C4F8900005F4BF
:104EB000006060B106F0806048B14FF40060216886
:104EC0000862D4F8900040F02000C4F89000D4F8B4
:104ED0009000002852D005F0200050B106F02000CC
:104EE00010B907F0805020B1606F10B12046616F9B
:104EF0008847D4F890A02068806800F040004028DF
:104F000002D00AF0280070B3204601F01FF9206893
:104F1000806800F04000402826D100BF00BF00E0BC
:104F20002DE02168083151E8001F21F04000216880
:104F3000083141E80002002AF1D100BFD4F8800016
:104F400068B1B248D4F880100865D4F88000FCF746
:104F500029FA98B1D4F88000016D88470EE0204608
:104F6000FFF73AFF0AE003E02046FFF735FF05E0D0
:104F70002046FFF731FF0020C4F890004CE7E06EB8
:104F800001287DD105F01000002879D006F010002E
:104F90000028FAD01020216808622068806800F09C
:104FA000400040286DD1D4F88000006898498842BC
:104FB0006BD0D4F88000006895491831884264D0DD
:104FC000D4F8800000689249303188425DD0D4F82E
:104FD000800000688E494831884256D0D4F880005D
:104FE00000688B49603188424FD0D4F88000006857
:104FF00087497831884248D0D4F8800000688449D5
:105000009031884241D0D4F8800000688049A831AE
:1050100088423AD0D4F8800000687E49884234D073
:10502000D4F8800000687B49183188422DD0D4F82C
:105030008000006877493031884226D0D4F880005B
:1050400000687449483188421FD0D4F88000006855
:1050500070496031884218D0D4F8800000686D49EA
:105060007831884211D0D4F88000006869499031C5
:1050700088420AD0D4F8800000686649A83102E06E
:10508000CAE07BE001E0884204D1D4F880000068E7
:10509000406803E0D4F88000006840681FFA80F898
:1050A000B8F1000F58D0B4F85C00404554DDA4F8C6
:1050B0005E80D4F88000C069B0F5807F40D000BF2A
:1050C00000BF216851E8001F21F48070226842E887
:1050D00000010029F5D100BF00BF00BF21680831E1
:1050E00051E8001F21F001002168083141E8000269
:1050F000002AF3D100BF00BF00BF2168083151E88A
:10510000001F21F040002168083141E80002002A18
:10511000F3D100BF2020C4F88C000020E06600BF5F
:1051200000BF216851E8001F21F01000226842E80A
:1051300000010029F5D100BFD4F88000FBF7C4FEC0
:1051400002202067B4F85C00B4F85E20801A81B2B7
:105150002046FFF7DFFD10E0B4F85C0040450CD1BD
:10516000D4F88000C069B0F5807F06D102202067A6
:10517000B4F85C102046FFF7CDFD4DE634F85C0F27
:105180006188401A1FFA80F860885C3CC8B3B8F1A7
:10519000000F36D000BF00BF216851E8001F21F486
:1051A0009070226842E800010029F5D100BF00BFDD
:1051B00000BF2168083151E8001F124AD24301EABA
:1051C00002002168083141E80002002AF1D100BF45
:1051D0002020C4F88C000020E066606700BF00BF9C
:1051E000216851E8001F21F01000226842E8000108
:1051F0000029F5D100BF0220206741462046FFF775
:1052000089FD09E601000010200100043761000853
:10521000100002401004024005F4801050B107F461
:10522000800038B14FF48010216808622046FFF7F3
:10523000D2FDF1E505F0800058B106F0800010B90C
:1052400007F4000028B1A06F10B12046A16F884775
:10525000E2E505F0400030B106F0400018B120460C
:1052600000F0AAFFD8E505F4000030B106F0804058
:1052700018B12046FFF7AEFDCEE505F0807030B1E5
:1052800006F0004018B12046FFF745FDC4E500BF19
:10529000C2E510B504460CB9012010BDA06900B1EB
:1052A00000E000BFD4F8880028B9002084F884000A
:1052B000204600F02BF82420C4F8880020680068FD
:1052C00020F0010021680860A06A10B1204600F0BB
:1052D00041FE204600F088FF012800D1DDE720686C
:1052E000406820F49040216848602068806820F081
:1052F0002A00216888602068006840F00100216869
:105300000860204600F0A2FEC7E7000010B5B8B064
:105310000446142132A8FBF7ACF8C02102A8FBF721
:10532000A8F82A49206888424ED101210020CDE901
:10533000021020200490812105910221069106216E
:105340000791022108914021099100210A910B91B6
:105350000820219002A8FDF733FD08B1FBF79FFD5F
:1053600000BF1B48006840F010001949086008465B
:10537000006800F01000019000BF00BF00BF14489B
:105380001038006840F002001149103908600846E2
:10539000006800F00200019000BF00BF4FF44040E1
:1053A00032900220339000203490359004203690C3
:1053B00032A90848FDF710F8002205212520FDF745
:1053C0003BFA2520FDF724FA38B010BD001001404B
:1053D000F044025800040258704700BFFEE738B599
:1053E0000446002000906A460121636920689847BE
:1053F000002802DA6FF0040038BD6A4601216369B3
:1054000020689847002802DA6FF00400F4E700985B
:1054100000F0040008B90120EEE76A460021636944
:1054200020689847002802DA6FF00400E4E700984B
:1054300000F48050B0F5805F1FD0009800F4005059
:10544000B0F5005F07D1009800F48070B0F5807F60
:1054500001D10220D0E7009800F40050B0F5005FC1
:1054600001D10320C8E7009800F48070B0F5807F78
:1054700001D10420C0E70520BEE76A461F21636909
:1054800020689847002802DA6FF00400B4E700981B
:1054900000F4805008B90620AEE7009800F01C0028
:1054A000182801D10220A7E7009800F01C00082866
:1054B00001D10320A0E7009800F01C00142801D1BE
:1054C000042099E7052097E7F8B5044600200090EE
:1054D00000250026606830BBA06808B1A06880473E
:1054E00020202060002513E06A46122128466369C7
:1054F0009847002802DA6FF0040608E0009800F0F0
:105500001F00A84202D12560002603E000BF6D1CE9
:105510001F2DE9D900BF20681F2801D96FF00206AE
:105520000EB9012060603046F8BD02462AB1C86855
:1055300018B1886808B1086910B94FF0FF3070479A
:10554000086890604B68D360CB6853618B681361C7
:105550000B6993610020F2E700F0A4F800BF01207E
:1055600005F078FDFBE700001FB5002000900190DA
:1055700002900390FDF7FEF801208DF80000002056
:105580008DF8010001901F208DF8080087208DF80C
:10559000090000208DF80A008DF80B0001208DF81D
:1055A0000C008DF80D0000208DF80E008DF80F0016
:1055B0006846FDF7B1F801208DF80100154801900B
:1055C00010208DF8080000208DF8090001208DF8CA
:1055D0000A0003208DF80B0000208DF80D006846AE
:1055E000FDF79AF802208DF801000B480190082081
:1055F0008DF8080000208DF80A0001208DF80D00BC
:105600008DF80F006846FDF787F80420FDF7C8F80D
:105610001FBD0000000002300000043000B587B05C
:10562000142102A8FAF725FF00BF1C48006840F0CB
:1056300004001A4908600846006800F00400019060
:1056400000BF00BF00BF0846006840F001000860CE
:105650000846006800F00100019000BF00BF00BFD5
:105660000846006840F0020008600846006800F044
:105670000200019000BF00BF002208210848FCF78B
:10568000B3FF0820029001200390002004900590B1
:1056900002A90348FCF7A0FE07B000BDE044025891
:1056A000000002580EB5C02086490870A820487036
:1056B0000A208870C870FF2083490870487088707D
:1056C0000020C8708149087048708870C870002137
:1056D00008460DF0C1FF7B480078000679494978FB
:1056E00040EA01407749897840EA01207549C97844
:1056F000084302067348007800067249497840EA78
:1057000001407049897840EA01206E49C978084310
:1057100000F47F4042EA00226A48007800066949A6
:10572000497840EA01416748807841EA00206549AC
:10573000C978084300F47F0042EA102261480078EB
:1057400001066048407841EA00415E48807841EABD
:1057500000205C49C978084342EA10605C4908604F
:105760005948007800065849497840EA01405649AE
:10577000897840EA01205449C97808430206524812
:10578000007800065049497840EA01404E4989783E
:1057900040EA01204C49C978084300F47F4042EABE
:1057A00000224948007800064749497840EA01410B
:1057B0004548807841EA00204349C978084300F40D
:1057C0007F0042EA10224048007801063E484078B7
:1057D00041EA00413C48807841EA00203A49C978D2
:1057E000084342EA10603B490860384800780006E8
:1057F0003649497840EA01403449897840EA012035
:105800003249C978084302063048007800062F491B
:10581000497840EA01402D49897840EA01202B4926
:10582000C978084300F47F4042EA00222748007804
:1058300000062649497840EA01412448807841EA37
:1058400000202249C978084300F47F0042EA102270
:105850001E48007801061D48407841EA00411B4877
:10586000807841EA00201949C978084342EA10606B
:105870001949086019481A490022174BCDE900213F
:105880000290144A1249174804F0D2FF154805F057
:1058900041FA144805F07EFB1349124805F0A6FAB8
:1058A00024211248FAF7E5FD11A0104908604FF4D1
:1058B00080604861102088610A460A490E4805F058
:1058C00077FE0EBDCC490024D0490024D4490024E1
:1058D000C0490024C4490024C849002451380108A3
:1058E000057F00082C4D0024297D0008604D002410
:1058F0004574684C696E6B002D7D000810B5184822
:10590000184908604FF4E130486000211548816073
:10591000C16001610C21416100218161C1610162AD
:10592000416200200F4988620846FFF7B2FC08B1C7
:10593000FBF7B5FA00210B48FFF71DFA08B1FBF79A
:10594000AEFA00210748FFF7E7F908B1FBF7A7FA1D
:105950000448FFF7B8F908B1FBF7A1FA10BD000041
:1059600000100140444B002400BFFEE700BFFEE7EB
:105970002DE9F04104460E4600275548006800F026
:105980000300032802D10120BDE8F08150482838E7
:10599000006820F080604E4928390860FCF730FE2E
:1059A000054606E0FCF72CFE401B022801D9032027
:1059B000EAE7474828380068C0F3C0600028F1D102
:1059C00000BF4348006820F47C30216840EA013081
:1059D0003F490860A088401EC0F30800A168491E26
:1059E0004FF47E4202EA41210843A189491ED201B7
:1059F00002EA01410843217C491E120202EA0161C8
:105A0000084333491031086000BF3148001D006869
:105A100020F0C000616908432D49091D086008464F
:105A2000006820F02000A16908432949091D086089
:105A30000846006820F0100008602548143000680F
:105A40004FF6F8718843E16940EAC10020491431FA
:105A500008601F48001D006840F010001C49091D27
:105A600008602EB90846006840F40020086012E083
:105A7000012E08D11648001D006840F4801014491A
:105A8000091D086007E01248001D006840F400107E
:105A90000F49091D08600E482838006840F08060F2
:105AA0000B4928390860FCF7ABFD054606E0FCF71A
:105AB000A7FD401B022801D9032065E704482838C8
:105AC0000068C0F3C0600028F1D038465CE70000F1
:105AD000284402582DE9F04104460E460027554857
:105AE000006800F00300032802D10120BDE8F08126
:105AF00050482838006820F080504E492839086006
:105B0000FCF77EFD054606E0FCF77AFD401B022807
:105B100001D90320EAE7474828380068C0F34070FD
:105B20000028F1D100BF4348006820F07C70218834
:105B300040EA01503F490860A088401EC0F30800B9
:105B4000A168491E4FF47E4202EA41210843A1891F
:105B5000491ED20102EA01410843217C491E12027A
:105B600002EA0161084333491831086000BF314837
:105B7000001D006820F44060616908432D49091D3B
:105B800008600846006820F40070A16908432949AC
:105B9000091D08600846006820F4807008602548E8
:105BA0001C3000684FF6F8718843E16940EAC10093
:105BB00020491C3108601F48001D006840F48070B7
:105BC0001C49091D08602EB90846006840F4800091
:105BD000086012E0012E08D11648001D006840F44C
:105BE00000001449091D086007E01248001D006804
:105BF00040F080700F49091D08600E482838006881
:105C000040F080500B4928390860FCF7F9FC054644
:105C100006E0FCF7F5FC401B022801D9032065E7EC
:105C2000044828380068C0F340700028F1D0384696
:105C30005CE7000028440258704700BF4FF47A70B8
:105C400005F008FAFAE710B54FF0E02000690FF010
:105C5000F5FB012801D00EF087FD10BD00B59DB009
:105C60004C210AA8FAF705FC202102A8FAF701FC4A
:105C70000220FCF733FE00BF00200190244800689A
:105C800020F00100224908600846006800F0010089
:105C900001902048006820F4404040F480401D49B5
:105CA00008600846006800F44040019000BF00BF53
:105CB00000BF1848006800F40050B0F5005FF8D14C
:105CC0001548006820F003001349086002200A907C
:105CD00001200D9040200E90002013900AA8FEF79E
:105CE00049FA08B1FBF7DBF83F200290002003904F
:105CF000049005900690079008900990012102A851
:105D0000FDF712FF08B1FBF7CAF81DB000BD000097
:105D10002C04005818480258284402583448006897
:105D200040F47000324908603248006800F00F000B
:105D3000072806D22F48006820F00F00C01D2D490B
:105D400008602D48006840F001002B4908600020E1
:105D50002949103108602848006828490840264928
:105D600008602448006800F00F00072806D9214881
:105D7000006820F00F00C01D1E49086000201E4969
:105D800018310860091D0860091D08601C481A497F
:105D9000283108601B48091D08601B48091D086060
:105DA0000020091D08601848091D08600020091D11
:105DB00008601548091D08600020091D08600E488C
:105DC000006820F480200C49086000200A496031F6
:105DD00008600E4800686FF30F00B0F1005F02D258
:105DE00001200B49086043F2D2000A49086070475D
:105DF00088ED00E000200052004402587FEDF6EAF2
:105E0000000202020000FF01800201010010005C9C
:105E1000088100510040005210B50248FEF777FE9D
:105E200010BD0000D84B002410B502682B4B9842DF
:105E30000ED0B0F1804F0BD0294B984208D0294B9F
:105E4000984205D0284B984202D0284B984203D163
:105E500022F070024B681A43204B984217D0B0F1E1
:105E6000804F14D01E4B984211D01E4B98420ED03A
:105E70001D4B98420BD01D4B984208D01C4B9842AA
:105E800005D01C4B984202D01B4B984203D122F400
:105E90004072CB681A4322F080034C6943EA040243
:105EA0008B68C3620B6883620C4B98420BD00F4B1C
:105EB000984208D00E4B984205D00E4B984202D023
:105EC0000D4B984201D10B690363036843F004034F
:105ED000036001234361026010BD00000000014027
:105EE0000004004000080040000C00400004014095
:105EF00000400140004401400048014070B5456E3B
:105F00002DB90125A0F86A50A0F868501CE01023B4
:105F100010240568AD68C5F342610568AD686A0F75
:105F20000A4DAD5C15FB04F5094EB65C95FBF6F524
:105F3000A0F86A50054D6D5C15FB03F5044E765CC8
:105F400095FBF6F5A0F8685070BD0000305A0108C6
:105F5000385A010890F8281001F00801082907D1E3
:105F60000168496821F40041826B11430268516065
:105F700090F8281001F0010139B10168496821F455
:105F80000031C26A11430268516090F8281001F094
:105F90000201022907D10168496821F48031026BAE
:105FA00011430268516090F8281001F0040104299F
:105FB00007D10168496821F48021426B11430268CE
:105FC000516090F8281001F01001102907D10168E4
:105FD000896821F48051C26B11430268916090F886
:105FE000281001F02001202907D10168896821F4D7
:105FF0000051026C11430268916090F8281001F082
:106000004001402913D10168496821F48011426C94
:10601000114302685160416CB1F5801F07D10168DE
:10602000496821F4C001826C11430268516090F804
:10603000281001F08001802907D10168496821F406
:106040000021C26C114302685160704738B50446A4
:106050000020C4F89000FCF7D3FA054620680068D9
:1060600000F00800082821D16FF07E402B46002266
:106070004FF400110090204600F07CFBB0B100BF4F
:1060800000BF216851E8001F21F08000226842E82B
:1060900000010029F5D100BF2020C4F8880000BF0E
:1060A000002084F8840000BF032038BD2068006809
:1060B00000F00400042830D16FF07E402B4600220F
:1060C0004FF480010090204600F054FB28B300BF3D
:1060D00000BF216851E8001F21F49070226842E857
:1060E00000010029F5D100BF00BF00BF21680831C1
:1060F00051E8001F21F001002168083141E8000249
:10610000002AF3D100BF2020C4F88C0000BF00207B
:1061100084F8840000BF0320C7E72020C4F888006B
:10612000C4F88C000020E066206700BF84F884007B
:1061300000BF00BFB9E770B50446A56B0020A5F805
:106140005E002846FEF748FE70BD000000BF00BF9D
:10615000026852E8002F22F49071036843E80012AD
:10616000002AF5D100BF00BF00BF0268083252E824
:10617000002F104B02EA03010268083242E80013C4
:10618000002BF2D100BFC16E01290CD100BF00BFAE
:10619000026852E8002F22F01001036843E8001261
:1061A000002AF5D100BF2021C0F88C100021C16663
:1061B00041677047FEFFFFEF10B5044600BF00BF08
:1061C000216851E8001F21F04000226842E80001E8
:1061D0000029F5D100BF2020C4F888000020A06766
:1061E0002046FFF7F9F810BD2DE9F04F89B00546BC
:1061F00000200890F8492868884200D100E000BFDC
:106200002969A868084369690843E96940EA0108FF
:1062100028680068F149084040EA080029680860D9
:106220002868406820F44050E968084329684860BD
:10623000D5F81880E8492868884202D0286A40EAE0
:10624000080828688068E649084040EA080029688C
:1062500088602868C06A20F00F00696A08432968CE
:10626000C86200BFDF492868884220D1DE48006844
:1062700000F03800182811D005DC48B1082809D0F2
:10628000102811D108E020280AD028280CD109E0D4
:1062900001240BE0042409E0082407E0102405E0B1
:1062A000202403E0402401E0802400BFF8E0CF492F
:1062B0002868884219D1CC48006800F007000628F9
:1062C00010D2DFE800F0030507090B0D00240BE0F6
:1062D000042409E0082407E0102405E0202403E05A
:1062E000402401E0802400BFDAE0C14928688842E8
:1062F00019D1BD48006800F00700062810D2DFE879
:1063000000F0030507090B0D00240BE0042409E04D
:10631000082407E0102405E0202403E0402401E0E5
:10632000802400BFBCE0B3492868884219D1AE4838
:10633000006800F00700062810D2DFE800F003052F
:1063400007090B0D00240BE0042409E0082407E0F2
:10635000102405E0202403E0402401E0802400BF55
:106360009EE0A5492868884219D19F48006800F03E
:106370000700062810D2DFE800F0030507090B0D1F
:1063800000240BE0042409E0082407E0102405E0C1
:10639000202403E0402401E0802400BF80E09749EE
:1063A0002868884220D19048006800F038001828FA
:1063B00011D005DC48B1082809D0102811D108E017
:1063C00020280AD028280CD109E001240BE004245D
:1063D00009E0082407E0102405E0202403E040241D
:1063E00001E0802400BF5BE085492868884219D11C
:1063F0007D48006800F00700062810D2DFE800F0B2
:10640000030507090B0D00240BE0042409E0082410
:1064100007E0102405E0202403E0402401E080246C
:1064200000BF3DE077492868884219D16E4800686E
:1064300000F00700062810D2DFE800F00305070986
:106440000B0D00240BE0042409E0082407E01024CD
:1064500005E0202403E0402401E0802400BF1FE089
:106460005D49286888421AD15F48001D006800F025
:106470000700062810D2DFE800F0030507090B0D1E
:1064800002240BE0042409E0082407E0102405E0BE
:10649000202403E0402401E0802400BF00E08024A9
:1064A00000BF4D49286888427DD1102C1AD006DCE7
:1064B000022C09D0042C0BD0082C29D10DE0202C63
:1064C00021D0402C24D120E0FCF738FA064623E006
:1064D00005A8FCF745FA069E1EE002A8FCF758FB4B
:1064E000039E19E0404854380068C0F3401040B1A2
:1064F0003D4854380068C0F3C101434820FA01F612
:1065000000E0414E08E0414E06E04FF4004603E053
:1065100000260120089000BF00BF002E10D03C498B
:10652000686A31F81000B6FBF0F9686800EB4000CB
:10653000484503D868680003484502D20120089006
:1065400003E13349686A31F810C0624600233046DF
:106550001946F9F723FF4FF4807300228446ACFB01
:10656000030B01FB03B10CFB021C696849080346DD
:1065700059184CEB0200CDE90010D5F804C0624672
:10658000002308460199F9F709FF0746B7F5407F50
:1065900006D3B7F5801F03D22868C760D5E002E0B4
:1065A00001200890D1E0E869B0F5004F7BD1082CBC
:1065B00039D005DC5CB1012C2CD0042C4CD12DE061
:1065C000102C35D0202C42D0402C45D141E0FDF795
:1065D00097FC064644E00000000C0058F369FFCF2A
:1065E000FFF4FF11001001405444025800440040E1
:1065F00000480040004C00400050004000140140A2
:1066000000780040007C00400090D00300093D006D
:10661000185A0108FDF786FC064621E005A8FCF79C
:106620009FF9069E1CE002A8FCF7B2FA039E17E051
:106630004C480068C0F3401038B14A480068C0F3C5
:10664000C101494820FA01F600E0474E08E0474EF4
:1066500006E04FF4004603E000260120089000BF4A
:1066600000BFFEB14249686A31F81000B6FBF0F095
:106670004000696800EB5100B0FBF1F7102F0FD319
:10668000B7F5803F0CD24FF6F07007EA000AC7F367
:1066900042004AEA000A2868C0F80CA055E002E06F
:1066A0000120089051E0082C1AD005DC5CB1012CC7
:1066B0000DD0042C2DD10EE0102C16D0202C23D080
:1066C000402C26D122E0FDF71BFC064625E0FDF715
:1066D00029FC064621E005A8FCF742F9069E1CE0CD
:1066E00002A8FCF755FA039E17E01E480068C0F3A5
:1066F000401038B11B480068C0F3C1011A4820FAA5
:1067000001F600E0184E08E0184E06E04FF400468F
:1067100003E000260120089000BF00BFAEB114497D
:10672000686A31F81000B6FBF0F0696800EB5100C0
:10673000B0FBF1F7102F06D3B7F5803F03D2B8B204
:106740002968C86001E0012008900120A5F86A00CE
:10675000A5F8680000206867A867089809B0BDE838
:10676000F08F0000004402580090D00300093D0063
:10677000185A01082DE9F04104460D46174698467F
:10678000069E41E0701C00283ED0FBF739FFA0EBCD
:106790000800B04200D816B90320BDE8F081206897
:1067A000006800F0040070B3802D2DD0402D2BD058
:1067B0002068C069C0F3C00078B108202168086271
:1067C0002046FFF7C3FC0820C4F8900000BF00205B
:1067D00084F8840000BF0120DFE72068C069C0F3AF
:1067E000C02080B14FF40060216808622046FFF7A6
:1067F000ADFC2020C4F8900000BF002084F8840085
:1068000000BF0320C9E7FFE72068C0692840A8420D
:1068100001D1012000E00020B842B3D00020BCE745
:1068200010B50248FEF7DAFA10BD0000444B002410
:1068300000BFFEE70FB4054B10B503A9044A029848
:1068400000F036F810BC5DF814FB0000DD7F000896
:10685000404B002402480068C0F30220704700004B
:106860000CED00E010B5002804DB0A07130E054A02
:10687000135406E00A07140E034A00F00F031B1F0F
:10688000D45410BD00E400E018ED00E0EFF3058003
:10689000704702E008C8121F08C1002AFAD17047E9
:1068A0007047002001E001C1121F002AFBD1704790
:1068B0002DE9FF4F8BB088460546002606E02528C7
:1068C0000BD0DDE90D1290476D1C761C287800284E
:1068D000F5D10FB03046BDE8F08F0024A146A246A6
:1068E0000122AE4900E0044315F8013F203B02FAC3
:1068F00003F00842F7D128782A2810D06FF02F0231
:106900002878A0F13001092915D809EB890102EB9B
:10691000410144F0020400EB01096D1CF0E758F856
:10692000041B5FEA010903D544F40054C9F10009CE
:1069300044F002046D1C28782E2817D115F8010F99
:1069400044F004042A280ED06FF02F022878A0F11A
:10695000300109290AD80AEB8A0102EB410100EB58
:10696000010A6D1CF2E758F804AB6D1C28786C28FE
:106970000FD006DC4C2817D068280DD06A2814D117
:1069800004E0742810D07A280FD10DE044F40014EC
:106990000AE044F4801401E044F440146978814230
:1069A00002D104F580146D1C6D1C2878692865D00F
:1069B00006DC00288DD0632827D0642806D15DE04E
:1069C0006E2808D073282AD0752877D0DDE90D12FB
:1069D0009047761CE0E0C4F30250022809D0032857
:1069E0000DD0D8F8001004280DD00E6008F104086E
:1069F000D2E0D8F80010F217C1E90062F6E7D8F843
:106A000000100E80F2E70E70F0E718F8041B8DF806
:106A1000001000208DF80100EB46012003E058F83B
:106A200004BB4FF0FF3061074FF0000701D40AE0CC
:106A30007F1C57450DDA8742FADB1BF80710002947
:106A4000F6D106E07F1C8742FCDB1BF8071000290B
:106A5000F8D1DDE90D23A9EB07008146214600F0BE
:106A6000B1F83044C61904E0DDE90D121BF8010B42
:106A700090477F1EF8D22146484688E058F8040B1C
:106A8000C4F302514FF00A0B032900D100B20429CC
:106A900000D140B2002802DA40422D2102E0210557
:106AA00005D52B218DF82410012104E006E0E10733
:106AB00010D02021F6E708AF089113E058F8040B36
:106AC000C4F302514FF00A0B032900D180B204290C
:106AD00000D1C0B20021EEE75946F9F7E2FC3031AF
:106AE00007F8011D0028F7D1ADEB070000F1200BDE
:106AF000600702D524F4803401E04FF0010ADA4542
:106B000002DDAAEB0B0000E00020824600EB0B0147
:106B100008980144A9EB01000A90E00306D4DDE9DE
:106B20000D2321460A9800F04DF806444FF0000965
:106B300008E009A911F80900DDE90D12904709F1F3
:106B40000109761C08998945F3DBE0030CD5DDE9E2
:106B50000D2321460A9800F035F8064404E0DDE9EB
:106B60000D1230209047761CBAF10001AAF1010AFB
:106B7000F5DC05E0DDE90D1217F8010B9047761CF6
:106B8000BBF10001ABF1010BF4DC0A982146DDE911
:106B90000D2300F005F806446D1C97E60928010056
:106BA0002DE9F041044600251E461746880404D40A
:106BB00005E039462020B0476D1C641EF9D52846F3
:106BC000BDE8F0812DE9F041044600251E469046BF
:106BD000C80301D5302700E02027880404D505E04C
:106BE00041463846B0476D1C641EF9D52846BDE8BD
:106BF000F08100002DE9F04104460D4600BF05F08C
:106C00000300002808D000BF0BA34FF4B67216A1F2
:106C10001DA0FFF70FFE00BF00BF2E4606F026FCAA
:106C20000746A06800683060A0680660384606F035
:106C300029FCBDE8F08100002E2E2F4D6964646CA4
:106C40006577617265732F54686972645F50617211
:106C500074792F4C7749502F7372632F636F72656D
:106C60002F6D656D702E63006D656D705F6672656A
:106C7000653A206D656D2070726F7065726C792059
:106C8000616C69676E656400417373657274696FE6
:106C90006E2022257322206661696C656420617410
:106CA000206C696E6520256420696E2025730A00BA
:106CB00070B5054606F0DAFB0646A8680468002CA5
:106CC00016D02068A968086000BF04F003000028FF
:106CD00008D000BF09A34FF48C7214A11CA0FFF7C9
:106CE000A9FD00BF00BF304606F0CCFB204670BDBA
:106CF000304606F0C7FB0020F9E700002E2E2F4D8E
:106D00006964646C6577617265732F546869726435
:106D10005F50617274792F4C7749502F7372632FD3
:106D2000636F72652F6D656D702E63006D656D709C
:106D30005F6D616C6C6F633A206D656D7020707271
:106D40006F7065726C7920616C69676E65640000B4
:106D5000417373657274696F6E20222573222066F9
:106D600061696C6564206174206C696E65202564BE
:106D700020696E2025730A0070B50546002411E0D5
:106D800004EB4400094901EBC000067D4EB104EB61
:106D9000440001EBC0008068A84202D1204600F008
:106DA00087F9641C0A2CEBDB70BD000014C70024BB
:106DB0002DE9FF5F0646894617464FF00A0AD3467B
:106DC000D04600240A2003900020029001900090F9
:106DD00000BF73E004EB4400764901EBC000057D81
:106DE000B8F10A0F02D10DB9A04665E0002D63D0BD
:106DF00000BF012D0AD0022D08DA00BF6EA340F2B9
:106E000023127BA18AA0FFF715FD00BF00BFAEB122
:106E100004EB4401674A02EBC101306849688842CB
:106E20000CD13FB104EB4400114601EBC000806877
:106E3000B84203D1204604B0BDE8F09F012D28D10F
:106E400004EB44005B4951F8300080B104EB44008E
:106E500001EBC000418A029881422DDB039404EBD0
:106E60004400544901EBC000408A029024E004EB46
:106E70004400504901EBC000418A019881421BDB6C
:106E8000A24604EB44004B4901EBC000408A01904C
:106E900012E0022D10DB04EB4400464901EBC00078
:106EA000418A0098814207DBA34604EB4400414934
:106EB00001EBC000408A0090601C04B20A2C89DB00
:106EC00009F0020028B9B8F10A0F05D109F0010054
:106ED00010B94FF0FF30AEE7B8F10A0F01DA4446BF
:106EE00031E0BBF10A0F11DA5C4600BF04EB44004D
:106EF000304951F8300040B100BF2FA340F26D126D
:106F000055A14BA0FFF796FC00BF0CE0BAF10A0FA9
:106F100001DA544607E003980A2801DA039C02E0EC
:106F20004FF0FF3087E700BF0A2C08DB00BF22A329
:106F300040F27F124EA13EA0FFF77CFC00BF00BFD5
:106F4000204600F0B5F800BF0A2C08DB00BF1AA3EA
:106F500040F2831246A136A0FFF76CFC00BF00BFD1
:106F600000BF04EB4400134901EBC000007D40B1B9
:106F700000BF11A34FF4C27242A12DA0FFF75AFC2B
:106F800000BF00BF36B104EB44010A4A02EBC10165
:106F900030684860002004EB4401064A02EBC1015E
:106FA000488204EB4400114601EBC0008760204694
:106FB00041E7000014C700242E2E2F4D6964646C35
:106FC0006577617265732F54686972645F5061728E
:106FD00074792F4C7749502F7372632F636F7265EA
:106FE0002F697076342F6574686172702E630000AB
:106FF0007374617465203D3D204554484152505F93
:1070000053544154455F50454E44494E47207C7C83
:10701000207374617465203E3D20455448415250B0
:107020005F53544154455F535441424C4500000066
:10703000417373657274696F6E2022257322206616
:1070400061696C6564206174206C696E65202564DB
:1070500020696E2025730A006172705F7461626C32
:10706000655B695D2E71203D3D204E554C4C000006
:1070700069203C204152505F5441424C455F534986
:107080005A4500006172705F7461626C655B695D96
:107090002E7374617465203D3D2045544841525023
:1070A0005F53544154455F454D5054590000000012
:1070B00010B5044604EB44000C4951F8300060B1AF
:1070C00004EB4401094A52F8310004F0DFFF0020CC
:1070D00004EB4401054A42F83100002004EB44016E
:1070E000024A02EBC101087510BD000014C700245C
:1070F000F0B587B007460D4600BF002D0AD100BF8E
:107100002EA340F28A223BA13EA0FFF793FB00BFD3
:1071100007B0F0BD00BF7C682088B0F5807F08D143
:107120002079062805D16079042802D160880828D2
:1071300003D0384604F0AAFFEAE7D4F80E00069020
:10714000A0690590686808B9002607E00598696895
:10715000884201D1012000E0002006460EB1012046
:1071600000E00220034604F1080206A9284600F0C8
:10717000CBFCE088B0F5807F03D0B0F5007F15D15F
:1071800013E086B1022206AB04F10800291DCDE907
:107190000232CDE9001005F12603024622312846CD
:1071A00000F05CFB00E000BF01E000E000BF00BFBA
:1071B000384604F06BFF00BFAAE700002E2E2F4DCB
:1071C0006964646C6577617265732F546869726471
:1071D0005F50617274792F4C7749502F7372632F0F
:1071E000636F72652F697076342F65746861727091
:1071F0002E6300006E6574696620213D204E554C5B
:107200004C000000417373657274696F6E20222513
:107210007322206661696C6564206174206C696EFC
:107220006520256420696E2025730A002DE9FE4340
:1072300004460F461546A94600BF002C08D100BFE2
:107240005DA340F21E326AA16DA0FFF7F3FA00BF02
:1072500000BF00BF47B900BF57A340F21F3272A161
:1072600067A0FFF7E7FA00BF00BF00BF002D08D1FD
:1072700000BF51A34FF448726EA161A0FFF7DAFA84
:1072800000BF00BF2146286801F0DCF810B1DFF82C
:10729000B48186E0287800F0F000E02816D10120C3
:1072A0008DF8040000208DF805005E208DF80600A2
:1072B000687800F07F008DF80700A8788DF8080046
:1072C000E8788DF809000DF1040869E02868A168E4
:1072D0000840D4E90112114088420ED0288880B2BB
:1072E0004FF6A961884208D0E06810B104F10C099A
:1072F00003E06FF00300BDE8FE835348007800EB25
:107300004000524901EBC000007D02281BDB4E48C3
:10731000007800EB400001EBC0008068A04212D171
:107320004949097801EB4101484A02EBC101D9F80A
:1073300000004968884206D1434802783946204611
:1073400000F086F8D7E7002622E006EB46003F492A
:1073500001EBC000007D022818DB06EB460001EBC4
:10736000C0008068A04211D106EB4601374A02EB0B
:10737000C101D9F800004968884207D13248067037
:1073800032463946204600F063F8B4E7701CC6B2B6
:107390000A2EDADB3A464946204600F00DF9AAE704
:1073A00000BF4FF40060434604F1260239460090C6
:1073B000204600F025FD9EE72E2E2F4D6964646C5B
:1073C0006577617265732F54686972645F5061728A
:1073D00074792F4C7749502F7372632F636F7265E6
:1073E0002F697076342F6574686172702E630000A7
:1073F0006E6574696620213D204E554C4C0000009E
:10740000417373657274696F6E2022257322206642
:1074100061696C6564206174206C696E6520256407
:1074200020696E2025730A007120213D204E554CA5
:107430004C00000069706164647220213D204E554B
:107440004C4C0000505A0108284B002414C700245B
:10745000F8B505460E46144600BF04EB440031491A
:1074600001EBC000007D022808DA00BF2EA340F225
:10747000EE223BA146A0FFF7DDF900BF00BF04EB01
:107480004400284901EBC000007D022839D104EBFB
:10749000440001EBC000408AB0F58E7F11DD04EBA3
:1074A00044000A4602EBC000011D284600F09CFA89
:1074B00038BB032004EB44011A4A02EBC1010875F2
:1074C0001FE004EB4400174901EBC000408AB0F50F
:1074D000877F16DB04EB44000B4603EBC00000F192
:1074E0000C0204EB440003EBC000011D284600F031
:1074F00087FA30B9032004EB44010A4A02EBC101C8
:1075000008754FF40060009004EB4400054901EB5E
:10751000C00000F10C0305F126023146284600F0B8
:107520006FFCF8BD14C700242E2E2F4D6964646CC7
:107530006577617265732F54686972645F50617218
:1075400074792F4C7749502F7372632F636F726574
:107550002F697076342F6574686172702E63000035
:107560006172705F7461626C655B6172705F6964A7
:10757000785D2E7374617465203E3D20455448410A
:1075800052505F53544154455F535441424C45005F
:10759000417373657274696F6E20222573222066B1
:1075A00061696C6564206174206C696E6520256476
:1075B00020696E2025730A002DE9FE4F81460F4693
:1075C000164609F1260A4FF0FF3002900020019084
:1075D0004946386800F036FF38B9387800F0F000D6
:1075E000E02802D00FB1386818B96FF00F00BDE87D
:1075F000FE8F4A4601213846FFF7DAFB8046B8F194
:10760000000F02DA4FFA88F0F1E700BFB8F17F0F00
:1076100008D300BF5FA340F2C1326CA16FA0FFF797
:1076200009F900BF00BF08F0FF0404EB44007549EE
:1076300001EBC000007D70B90120019004EB440112
:10764000704A02EBC101087504EB4400114601EBDE
:10765000C000C0F8089000BF04EB4400694901EB8A
:10766000C000007D01280FD004EB440001EBC000F6
:10767000007D022808DA00BF46A340F2CD3262A1A5
:1076800056A0FFF7D7F800BF00BF019800B93EB978
:107690003946484600F0A8F902900EB90298A6E7CC
:1076A00000BF46B900BF3BA340F2E13260A14BA04E
:1076B000FFF7C0F800BF00BF04EB4400514901EBE5
:1076C000C000007D022811DB5C4804704FF40060AC
:1076D000009004EB440001EBC00000F10C035246A3
:1076E0003146484600F08CFB029050E004EB440029
:1076F000444901EBC000007D012848D14FF0000B48
:10770000354618E000BF6889298988420AD128686F
:1077100040B100BF1FA340F2F13249A12FA0FFF7F3
:1077200089F800BF00BF287B00F0400010B14FF087
:10773000010B02E02D68002DE4D100BFBBF1000F6A
:1077400007D032464FF420710E2004F093FA05461C
:1077500003E03546284604F0A7FEA5B104EB44003B
:10776000284951F8300030B104EB4401254A52F861
:10777000310004F08BFC04EB4400224941F8305006
:107780000020029002E04FF0FF30029000BF02980C
:107790002DE700002E2E2F4D6964646C65776172B1
:1077A00065732F54686972645F50617274792F4CED
:1077B0007749502F7372632F636F72652F697076EC
:1077C000342F6574686172702E630000747970657F
:1077D000206F766572666C6F770000004173736589
:1077E0007274696F6E2022257322206661696C6550
:1077F00064206174206C696E6520256420696E20A8
:1078000025730A0014C700246172705F7461626C92
:10781000655B695D2E7374617465203D3D20504544
:107820004E44494E47206F7220535441424C45000C
:107830007120213D204E554C4C000000284B002467
:107840006E6F207061636B6574207175657565730B
:1078500020616C6C6F776564210000002DE9FC5F8E
:1078600006460F4690469946DDE90CAB0020019094
:1078700000BF002E08D100BF31A340F257423EA105
:1078800041A0FEF7D7FF00BF00BF4FF420721C21BC
:107890000E2003F067FF05461DB94FF0FF30BDE82D
:1078A000FC9F00BF68891C2808DA00BF24A340F2AF
:1078B00062423FA134A0FEF7BDFF00BF00BF6C686D
:1078C0000F9802F0B6F8E08000BF96F82C0006286A
:1078D00008D000BF1AA340F2694242492AA0FEF72D
:1078E000A9FF00BF00BFD9F80000A060B9F80400EC
:1078F000A081DBF80000C4F81200BBF80400E082AD
:10790000DAF80000C4F80E000E980068A0614FF489
:107910008070208008206080062020710420607123
:1079200040F6060043463A4629460090304600F0AD
:1079300067FA284604F0AAFB00250198AFE700008B
:107940002E2E2F4D6964646C6577617265732F54B8
:10795000686972645F50617274792F4C7749502F57
:107960007372632F636F72652F697076342F65743D
:10797000686172702E6300006E6574696620213D37
:10798000204E554C4C000000417373657274696F52
:107990006E2022257322206661696C656420617403
:1079A000206C696E6520256420696E2025730A00AD
:1079B000636865636B2074686174206669727374B0
:1079C00020706275662063616E20686F6C6420733E
:1079D0007472756374206574686172705F68647234
:1079E00000000000D85C010870B504460D46034A4B
:1079F0002946204600F004F870BD0000505A0108E6
:107A00007FB504460D4616460121074A201D04F1A4
:107A100026038DE825000391324619462046FFF7DC
:107A20001DFF04B070BD0000565A010870B5002457
:107A300064E004EB4400334901EBC000057D002DF8
:107A40005BD004EB440001EBC000408A401C04EB17
:107A500044012C4A02EBC101488204EB4400114668
:107A600001EBC000408AB0F5967F0DDA04EB4400CC
:107A700001EBC000007D01280AD104EB440001EBBA
:107A8000C000408A052803DB2046FFF711FB34E0E5
:107A900004EB44001B4901EBC000007D032807D123
:107AA000042004EB4401174A02EBC101087524E0ED
:107AB00004EB4400134901EBC000007D042807D10A
:107AC000022004EB44010F4A02EBC101087514E0E7
:107AD00004EB44000B4901EBC000007D01280CD1F0
:107AE00004EB44020B4603EBC202111D04EB4402FB
:107AF00003EBC2029068FFF777FF641C0A2C98DB47
:107B000070BD000014C700242DE9F84305460E4659
:107B10001746984600BF95F82C00062808D000BFED
:107B20002EA340F2A9123BA143A0FEF783FE00BFA3
:107B300000BF5EB1306848B12946306800F082FC71
:107B400020B9307800F0F000E02803D16FF00F008A
:107B5000BDE8F8832A4641463046FFF729F9044636
:107B6000002C01DA60B2F3E7022004EB44013C4A46
:107B700002EBC101087504EB4400114601EBC000A3
:107B8000856004EB440001EBC0003968C160B9882E
:107B90000182002004EB440102EBC101488204EBA6
:107BA0004400114651F83000B0B104EB440051F8E4
:107BB0003090002004EB440142F831004FF40060A3
:107BC0003B4605F1260249460090284600F018F988
:107BD000484604F05BFA00BF0020B9E72E2E2F4D77
:107BE0006964646C6577617265732F546869726447
:107BF0005F50617274792F4C7749502F7372632FE5
:107C0000636F72652F697076342F65746861727066
:107C10002E6300006E657469662D3E68776164644A
:107C2000725F6C656E203D3D204554485F4857416A
:107C30004444525F4C454E00417373657274696FE2
:107C40006E2022257322206661696C656420617450
:107C5000206C696E6520256420696E2025730A00FA
:107C600014C700242DE9F04104460E464FF00E08DB
:107C700060890E2800DC4FE0E07B18B996F83000F0
:107C8000401CE0736568AF89287800F00100B0B14E
:107C90002878012809D1687888B9A8785E280ED19B
:107CA000607B40F01000607309E006221D49284601
:107CB000F8F7EAFB18B9607B40F008006073082F02
:107CC00003D0B7F5C16F22D110E096F82D0000F077
:107CD000080000B920E04146204604F039FC00B11C
:107CE0001AE03146204600F03BFD11E096F82D00E9
:107CF00000F0080000B90FE04146204604F028FCDF
:107D000000B109E031462046FFF7F2F900E003E058
:107D100000BF0020BDE8F081204604F0B7F9002044
:107D2000F8E70000505A0108704700009AB0064674
:107D3000642101A8F8F79DFB00240027A046A14676
:107D4000354600BF2C48FDF74AFB044695F82D0048
:107D5000C0F3800058B1012C09DC2848FAF750FA2A
:107D6000284602F0DDFF284603F044F83FE095F88E
:107D70002D00C0F38000002839D1012C37DD022C02
:107D800006D0032C0AD0042C0ED0052C17D111E0FC
:107D90004FF400594FF48048012711E04FF00009DB
:107DA0004FF4804801270BE04FF400594FF00008D2
:107DB000012705E04FF00009C846012700E000BF99
:107DC00000BFA7B101A90D48F9F7D2FCCDF81C906E
:107DD000CDF8188001A90948FAF76EF90748FAF7B3
:107DE000B3F9284603F0D6F8284603F069F8642072
:107DF00003F030F9A6E700000C4D0024244C0024C9
:107E00002DE9F04705460E4617469846DDF82090C6
:107E1000484601F00EFE82460E21304603F024FC57
:107E200000B122E07468A4F80CA0D8F8000020602B
:107E3000B8F80400A0803868C4F80600B8886081EB
:107E400000BF95F82C00062808D000BF08A34FF407
:107E5000997215A121A0FEF7EDFC00BF00BF3146CD
:107E60002846AA699047BDE8F0876FF00100FAE75D
:107E70002E2E2F4D6964646C6577617265732F5483
:107E8000686972645F50617274792F4C7749502F22
:107E90007372632F6E657469662F65746865726EA0
:107EA00065742E63000000006E657469662D3E687F
:107EB00077616464725F6C656E206D7573742062A7
:107EC00065203620666F722065746865726E657411
:107ED0005F6F7574707574210000000041737365E5
:107EE0007274696F6E2022257322206661696C6549
:107EF00064206174206C696E6520256420696E20A1
:107F000025730A0010B5044600BF44B900BF0CA396
:107F100040F2162211A115A0FEF78CFC00BF00BF95
:107F2000732084F82E0074212F20015519486061B8
:107F30001948A061204601F0CBFB002010BD0000D5
:107F40002E2E2F4C5749502F5461726765742F6540
:107F5000746865726E657469662E63006E65746917
:107F60006620213D204E554C4C0000004173736546
:107F70007274696F6E2022257322206661696C65B8
:107F800064206174206C696E6520256420696E2010
:107F900025730A002D720008E598000806460024A3
:107FA000354600BF4FF0FF310B48006803F036FA4A
:107FB0000028F7D100BF284601F082FC04463CB1FE
:107FC000294620462A69904710B1204604F05EF801
:107FD000002CF0D1E6E70000A449002438B504469F
:107FE0008DF8000069460320ABBE204638BD70B551
:107FF00005460C4622460321284600F053F970BD81
:108000002DE9FF5F05468A46724880680390039811
:1080100000780007870E142F00DAD1E06889042861
:1080200000D2CDE06868047814B1082C77D100E064
:10803000C1E0DFF8A09109F114096648007D00F065
:10804000F000E02800D1BFE0624A1168506900F0FA
:10805000F9F900B1B8E02889082800D2B0E0284634
:1080600000F0C5F920B1284604F010F8BDE8FF9FE4
:1080700007F10E01284603F0F7FA002844D02889BA
:1080800038441FFA80FB2889584500DD9CE04FF4F6
:10809000207259460E2003F065FB8046B8F1000FB0
:1080A00000D191E0B8F80A1007F10800814203D22C
:1080B000404603F0EBFF87E03A46D8F80400039906
:1080C000F8F7B0F93946404604F042FA00280DD0DE
:1080D00000BF00BF40A3B6224DA15BA0FEF7AAFBE4
:1080E00000BF00BF404603F0D1FF6DE02946404687
:1080F00003F018FE18B1404603F0C8FF64E02846BC
:1081000003F0C4FF454612E007F10E01284604F0D3
:108110001FFA60B100BF00BF2FA3C72200E038E004
:1081200053A149A0FEF786FB00BF00BF4CE06E687C
:108130003946284603F098FA50BBD5F80480D9F8A0
:108140000000C8F80C0023480069C8F8100000209F
:10815000307070884FF6F771884203DD70880930FF
:10816000708002E0708808307080FF2088F8080076
:108170000020A8F80A0001200021FF230A46CDE9CB
:10818000010A00914946284600F0D2FB834600BF11
:1081900011E0032C0ED00B2C0CD00C2C0AD0042C8C
:1081A00008D0052C06D00D2C04D00E2C02D0112C9A
:1081B00000D000BF00BF00BF284603F067FF55E7AF
:1081C000284603F063FF51E7284603F05FFF00BF36
:1081D0004CE70000609600242E2E2F4D6964646CDD
:1081E0006577617265732F54686972645F5061725C
:1081F00074792F4C7749502F7372632F636F7265B8
:108200002F697076342F69636D702E630000000053
:1082100069636D705F696E7075743A206D6F766911
:108220006E6720722D3E7061796C6F616420746F8F
:108230002069636D7020686561646572206661699C
:108240006C65640A00000000417373657274696FA5
:108250006E2022257322206661696C65642061743A
:10826000206C696E6520256420696E2025730A00E4
:1082700069636D705F696E7075743A2072657374AE
:108280006F72696E67206F726967696E616C2070CA
:108290002D3E7061796C6F6164206661696C656404
:1082A0000A0000002DE9FF470746884691464FF433
:1082B00020722421222003F055FA05460DB9BDE8AD
:1082C000FF8700BF6889242808D200BF1BA34FF492
:1082D000B47228A132A0FEF7ADFA00BF00BFD7F8F4
:1082E00004A06C6884F8008084F801900020A080CD
:1082F000E08079686A6802F108001C22F8F792F8B9
:10830000DAF80C00039003A800F07AFD064686B167
:10831000002060806989204600F05FF860800120BD
:108320000021FF2303AACDE901060091284600F0B1
:10833000FFFA284603F0AAFE00BFC0E72E2E2F4DFD
:108340006964646C6577617265732F5468697264DF
:108350005F50617274792F4C7749502F7372632F7D
:10836000636F72652F697076342F69636D702E6349
:1083700000000000636865636B20746861742066A8
:108380006972737420706275662063616E20686F15
:108390006C642069636D70206D657373616765003F
:1083A000417373657274696F6E2022257322206693
:1083B00061696C6564206174206C696E6520256458
:1083C00020696E2025730A0070B505460C462246CA
:1083D0000B212846FFF766FF70BD30B504460D46F9
:1083E0002946204601F07CFBC04380B230BDF0B589
:1083F000064600270024354619E06989686801F0BF
:108400006FFB0444A0B200EB1444688900EBD07108
:108410004910A0EB410149B10FB9012000E0002053
:108420000746E0B2C4F3072141EA00242D68002D7D
:10843000E3D127B1E0B2C4F3072141EA0024E043CD
:1084400080B2F0BD18B502460092D04300B10AB91F
:10845000012018BD91F82D0000F0020008B900209D
:10846000F7E74868904201D10020F2E700988B6856
:108470001840D1E901342340984208D1886822EAA3
:1084800000008C68E343984201D10120E1E700201D
:10849000DFE700002DE9F74F8CB004460F464FF0A0
:1084A0000008B98CA1F11400C11700EB5171C1F3A0
:1084B000CF0A1420059060680990DDF8249099F89F
:1084C000000000F00F001421B1EB800F04D06FF01A
:1084D00005000FB0BDE8F08F00BF608914280BDAEB
:1084E00000BF72A34FF43F727FA186A0FEF7A2F9EE
:1084F00000BF6FF00500ECE700BFB9F8060001F01F
:1085000098FA04900498C0F30C000790049800F4C3
:1085100000500390208914381FFA80FBBDE04FF60D
:10852000FF7000EACA00584501DD584603E04FF6E7
:10853000FF7000EACA0008904FF4207214210E2048
:1085400003F010F9054605B9ADE000BF68891428AD
:1085500008DA00BF55A34FF4497274A169A0FEF771
:1085600069F900BF00BF142268680999F7F75AFF3C
:10857000D5F8049008980A9054E061890598081A83
:1085800080B2029000BF61890598814208DA00BF7D
:1085900046A340F22D326DA15AA0FEF74BF900BF61
:1085A00000BF02990A98884201DA0A9800E002980E
:1085B0008046B8F1000F03D100200590246831E017
:1085C00000F068FC06461EB9284603F05FFD6AE02D
:1085D000616805980844334641224146CDE90008C8
:1085E000002003F06BFA0B900B9830B9304600F086
:1085F00057FC284603F04AFD55E0204603F054FF9F
:1086000074615648306128460B9903F081FA0A9844
:10861000A0EB080080B20A900A9810B100200590E3
:10862000246800BF0A980028A7D10598404480B26A
:108630000590B88C1438584501DB012000E000207B
:1086400006900798C0F30C000490069808B10398B0
:1086500018B1049840F400500490049801F0E9F92E
:10866000A9F806000899143188B201F0E2F9A9F8D6
:1086700002000020A9F80A007B69294638460E9AB4
:108680009847284603F002FD0898ABEB00001FFA5C
:1086900080FB0798504480B20790BBF1000F7FF435
:1086A0003EAF002015E74FF0FF3012E72E2E2F4D82
:1086B0006964646C6577617265732F54686972646C
:1086C0005F50617274792F4C7749502F7372632F0A
:1086D000636F72652F697076342F6970345F6672CC
:1086E00061672E63000000006970345F6672616725
:1086F00028293A207062756620746F6F2073686F46
:1087000072740000417373657274696F6E20222564
:108710007322206661696C6564206174206C696EE7
:108720006520256420696E2025730A0074686973CA
:10873000206E656564732061207062756620696EC5
:10874000206F6E652070696563652100702D3E6C39
:10875000656E203E3D20706F66660000F195000852
:108760002DE9F04707460E467D6828780421B1EBD5
:10877000201F05D0384603F089FC0020BDE8F087B3
:10878000287800074FEA9068688801F052F981461E
:108790003989494503DD4946384603F0D3FD7889D8
:1087A000404505DB3889484502DBB8F1140F04DA8F
:1087B000384603F06BFC0020E0E728694D4948612A
:1087C000E86808610846007D00F0F000E0280AD162
:1087D00096F82D0000F0010018B1706808B1344619
:1087E0001CE000241AE0304600F088F808B1344656
:1087F00014E000243F48007D7F280FD03E480468E5
:1088000009E0B44200D105E0204600F077F800B15D
:1088100003E000BF2468002CF3D100BF354908698C
:108820003146FFF70FFE28B93248007C00F0F00017
:10883000E02804D1384603F029FC00209EE724B943
:10884000384603F023FC002098E7E8884FF63F7194
:10885000084038B1384600F055F907460FB90020F6
:108860008CE77D68234804604660856028780007AF
:10887000800E204988814146384603F069FE687AB7
:1088800001280DD0062806D011280ED131463846D1
:108890000BF082F922E03146384605F0D1FF1DE0A9
:1088A00031463846FFF7ACFB18E0124948692146CB
:1088B000FFF7C8FD70B90F48007D00F0F000E02818
:1088C00008D00FFA88F1384603F0F1FC022138464F
:1088D000FFF78DFB384603F0D9FB00BF00BF002037
:1088E000044908604860886088810861486100BF69
:1088F00044E7000060960024C04A002410B50446F6
:1089000094F82D0000F0010070B1606860B1074874
:1089100040696168884205D0044948692146FFF7EB
:1089200091FD08B1012010BD0020FCE760960024F5
:108930002DE9FE4F07460C4615469846DDE90C9A90
:108940000E9EA34625B10CB1206808B906F1040BB0
:1089500043462A4659463846CDE9009A029600F029
:1089600003F8BDE8FE8F00002DE9F84F05460F46DD
:1089700090469A46DDF828B00C9E00BFA87B0128DF
:1089800008D000BF37A34FF4557243A145A0FDF7AF
:1089900051FF00BF00BFB8F1000F46D04FF01409DF
:1089A0001421284602F060FE18B16FF00100BDE806
:1089B000F88F6C6800BF6889142808D200BF29A30B
:1089C0004FF4627241A137A0FDF734FF00BF00BF32
:1089D00084F808A00B986072D8F80000206148461F
:1089E0004FEAE97109EB9171C1F3870141F0400150
:1089F000217084F801B0288901F01BF86080002004
:108A0000E0803E48008801F014F8A0803B480088D0
:108A1000401C3A4908801FB939480068E06001E00D
:108A20003868E0600020608109E06889142802DA73
:108A30006FF00100BBE76C6820690090E846B08CDD
:108A400048B12889B18C884205DD42463146284626
:108A5000FFF720FDABE74246294630467369984749
:108A6000A5E700002E2E2F4D6964646C6577617256
:108A700065732F54686972645F50617274792F4C0A
:108A80007749502F7372632F636F72652F69707609
:108A9000342F6970342E6300702D3E726566203D60
:108AA0003D203100417373657274696F6E20222519
:108AB0007322206661696C6564206174206C696E44
:108AC0006520256420696E2025730A00636865634C
:108AD0006B207468617420666972737420706275AB
:108AE000662063616E20686F6C64207374727563B6
:108AF000742069705F686472000000002A4B0024D3
:108B0000985B01082DE9F14F84B0049845682878F6
:108B100000F00F001421B1EB800F00D011E1E888C4
:108B200000F087FFC0F30C004FF6FF7101EAC00AA6
:108B3000688800F07EFF074628780007810E0291C2
:108B40000299B94200DDFCE00298381A87B2049815
:108B500003F086F806467D48018888190A280ADD50
:108B60003146284600F0E6FC20B1784800883044C1
:108B70000A2800DDE5E07648046811E06069E968EC
:108B8000884209D1A0692969884205D1A089A988AC
:108B9000884201D1012000E0002000B102E02468F9
:108BA000002CEBD100BF34B93146284600F0A8FBB9
:108BB000044694B9C5E0E88800F03BFFC0F30C0020
:108BC00058B9E08900F035FFC0F30C0028B1142239
:108BD000294604F10800F7F725FCE888012121EA7D
:108BE00050100190019850B10AEB070188B250452E
:108BF00003DB4FF6EB71884200DD80E000BF2046CA
:108C0000019A049900F098F983460BF1010000B92C
:108C100075E04E48008830444C490880019840B1C6
:108C20000AEB070188B2A083A17F41F00101A1777F
:108C300000BFBBF1010F60D1A08B143080B2009057
:108C400060684068D0F8009060684568142204F1BC
:108C500008012846F7F7E6FB009800F0EAFE688076
:108C60000020E8806881606804900DE0D9F8040075
:108C700003901421484603F06BFC4946049802F027
:108C800047FF0398D0F80090B9F1000FEED13048BB
:108C90000068844202D14FF000080EE02C48D0F862
:108CA000008006E0D8F80000A04200D104E0D8F827
:108CB0000080B8F1000FF5D100BF4146204600F01A
:108CC000BDFA049802F0CCFF064600BF1F4800889A
:108CD000B04208DA00BF1FA340F29B222CA133A0B0
:108CE000FDF7A8FD00BF00BF18480088801B17498A
:108CF0000880049805B0BDE8F08F0020FAE700BFB7
:108D000044B900BF13A34FF42A7232A127A0FDF784
:108D100091FD00BF00BF606890B900BF0C480068BB
:108D2000844208D000BF0BA340F2AB222CA11FA0AD
:108D3000FDF780FD00BF00BF0021204600F07EFA55
:108D400000BF049803F0A2F90020D3E7304B0024C1
:108D50002C4B00242E2E2F4D6964646C6577617254
:108D600065732F54686972645F50617274792F4C17
:108D70007749502F7372632F636F72652F69707616
:108D8000342F6970345F667261672E6300000000E3
:108D900069705F72656173735F70627566636F752A
:108DA0006E74203E3D20636C656E000041737365F8
:108DB0007274696F6E2022257322206661696C656A
:108DC00064206174206C696E6520256420696E20C2
:108DD00025730A0069707220213D204E554C4C00CD
:108DE0006E6F74206669727374616C74686F7567F6
:108DF00068206A75737420656E71756575656400A9
:108E000010B502462148016821E091F82D0000F0DC
:108E10000100D8B191F82D00C0F38000B0B14868CE
:108E2000A0B110688B681840D1E901342340984202
:108E300001D1084610BD91F82D0000F0020028B9BC
:108E40001068CB68984201D10846F3E70968002909
:108E5000DBD10F480068A0B10D48006890F82D00E4
:108E600000F0010068B10A48006890F82D00C0F3D6
:108E7000800030B106480068406810B110787F2843
:108E800001D10020D6E702480068D3E7C04A002499
:108E9000C44A002410B5052001F026FC10BD0000D6
:108EA00010B5044600BF002C08D100BF06A34FF444
:108EB000317214A116A0FDF7BDFC00BF00BF214612
:108EC000052001F043FB10BD2E2E2F4D6964646C0C
:108ED0006577617265732F54686972645F5061725F
:108EE00074792F4C7749502F7372632F636F7265BB
:108EF0002F697076342F6970345F667261672E63F4
:108F0000000000007020213D204E554C4C00000018
:108F1000417373657274696F6E2022257322206617
:108F200061696C6564206174206C696E65202564DC
:108F300020696E2025730A002DE9F74F84B006469C
:108F40008846002501200190D8F80400029002997B
:108F5000488800F06EFD8346029800780007800E76
:108F600003900398584503DD681E07B0BDE8F08FF5
:108F70000398ABEB00001FFA80FB0299C88800F051
:108F800058FDC0F30C004FF6FF7101EAC00A00BFA4
:108F900000BFD8F8044000202060A4F804A00AEB29
:108FA0000B00E080E088504502DA4FF0FF30DCE74C
:108FB000D6F804903EE0D9F80470A088B9888842B9
:108FC00020DAC4F800909DB1A088E988884203DBCC
:108FD000E088B988884202DD4FF0FF30C5E7C5F868
:108FE0000080E888A18888420BD00020019008E02A
:108FF000E088B988884202DD4FF0FF30B5E7C6F857
:1090000004801AE0A088B988884202D14FF0FF306E
:10901000ABE7A088F988884202DA4FF0FF30A4E776
:109020002DB1E888B988884201D000200190D7F896
:1090300000903D46B9F1000FBDD100BFB9F1000F5E
:1090400028D1002D17D000BFE888A188884208DD0C
:1090500000BF3EA34FF4DB724BA153A0FDF7EAFB28
:1090600000BF00BFC5F80080E888A188884211D001
:10907000002001900EE000BF706840B100BF33A334
:109080004FF4DF7252A148A0FDF7D4FB00BF00BF30
:10909000C6F80480069820B9B07F00F001000028CF
:1090A00051D00198002848D0706818B170684068A5
:1090B000808810B1002001903FE02546D4F8009050
:1090C0000BE0D9F80440E888A188884202D000204B
:1090D000019005E02546D4F80090B9F1000FF0D1D9
:1090E00000BF0198002828D000BF706840B900BFB9
:1090F00016A340F2DF1244A12BA0FDF79BFB00BF9B
:1091000000BF00BF70684068A04208D100BF0FA335
:109110004FF4F0723CA124A0FDF78CFB00BF00BF10
:1091200000BF206840B100BF08A34FF4F1723AA11C
:109130001DA0FDF77FFB00BF00BF019808B1012013
:1091400013E7002011E700200FE700002E2E2F4D1F
:109150006964646C6577617265732F5468697264C1
:109160005F50617274792F4C7749502F7372632F5F
:10917000636F72652F697076342F6970345F667221
:1091800061672E6300000000636865636B20667290
:1091900061676D656E747320646F6E2774206F76DF
:1091A00065726C6170000000417373657274696F61
:1091B0006E2022257322206661696C6564206174CB
:1091C000206C696E6520256420696E2025730A0075
:1091D0006E6F2070726576696F7573206672616755
:1091E0006D656E742C2074686973206D75737420BE
:1091F00062652074686520666972737420667261A6
:10920000676D656E7421000073616E697479206307
:109210006865636B0000000076616C696461746569
:109220005F646174616772616D3A6E6578745F70D6
:10923000627566213D4E554C4C00000070B50446E9
:109240000D460E480068A04203D10C492068086012
:109250000EE000BF002D08D100BF09A340F2451267
:1092600016A11DA0FDF7E6FA00BF00BF2068286028
:109270002146042001F06AF970BD00002C4B002447
:109280002E2E2F4D6964646C6577617265732F545F
:10929000686972645F50617274792F4C7749502FFE
:1092A0007372632F636F72652F697076342F6970E4
:1092B000345F667261672E630000000073616E693F
:1092C000747920636865636B206C696E6B656420DC
:1092D0006C69737400000000417373657274696F88
:1092E0006E2022257322206661696C65642061749A
:1092F000206C696E6520256420696E2025730A0044
:1093000070B505460E46042001F0EEF9044664B936
:109310003146284600F00EF9B04203DB042001F08C
:10932000E3F904460CB9002070BD20212046F7F770
:10933000A0F80F20E0770648006820600448046029
:109340001422294604F10800F7F76CF82046EBE7F1
:109350002C4B00242DE9F04704468846002500BF29
:10936000A04507D100BF40A3AB224EA150A0FDF7FE
:1093700061FA00BF00BFB8F1000F0DD000BFD8F8F0
:109380000000A04207D000BF37A3AD2252A148A0E1
:10939000FDF750FA00BF00BF6068D0F80490B9F83C
:1093A0000400002824D16768D9F800006060142206
:1093B00004F108017868F7F735F801213846FFF71E
:1093C00003F8384602F04CFC064600BFA819B0F579
:1093D000803F07DB00BF24A3BC2244A134A0FDF7DB
:1093E00029FA00BF00BFA81985B2384602F04EFE28
:1093F00067681CE0D7F80490BA46D9F80070504668
:1094000002F02EFC064600BFA819B0F5803F07DB2E
:1094100000BF15A3CC2235A125A0FDF70BFA00BF94
:1094200000BFA81985B2504602F030FE00BF002FE1
:10943000E0D141462046FFF701FF00BF33480088D6
:10944000A84207DA00BF08A3D22231A118A0FDF775
:10945000F1F900BF00BF2D480088401B2B49088050
:109460002846BDE8F08700002E2E2F4D6964646CFD
:109470006577617265732F54686972645F506172B9
:1094800074792F4C7749502F7372632F636F726515
:109490002F697076342F6970345F667261672E634E
:1094A000000000007072657620213D206970720016
:1094B000417373657274696F6E2022257322206672
:1094C00061696C6564206174206C696E6520256437
:1094D00020696E2025730A00707265762D3E6E65D8
:1094E0007874203D3D2069707200000070627566DE
:1094F000735F6672656564202B20636C656E203C2B
:109500003D2030786666666600000000304B00241F
:1095100069705F72656173735F70627566636F75A2
:109520006E74203E3D2070627566735F667265657D
:10953000640000002DE9F84F05468946002700BF6A
:109540000026B2460020009083461B48046821E0B4
:109550006069E968884207D1A0692969884203D116
:10956000A089A988884201D0012000E0002068B1CC
:109570000BF1010B1EB92646CDF800A006E0E07FF6
:10958000F17F884202DC2646CDF800A0206800B1B9
:10959000A2462468002CDBD12EB130460099FFF79B
:1095A000D9FE804647444F4502DABBF1010FC7DCC4
:1095B0003846BDE8F88F00002C4B002470B500251C
:1095C0000A4804680FE0E07F002805DDE07F401EC8
:1095D000E0772546246806E026462468294630467A
:1095E000FFF7B8FE00BF002CEDD170BD2C4B00245E
:1095F00070B505462C4600BF002C08D100BF0FA354
:1096000040F2CE221CA11FA0FDF714F900BF00BF3D
:1096100000BFAC4208D000BF08A340F2CF2223A174
:1096200018A0FDF707F900BF00BF606910B16069BD
:1096300002F02CFD2046FFF733FC70BD2E2E2F4D7F
:109640006964646C6577617265732F5468697264CC
:109650005F50617274792F4C7749502F7372632F6A
:10966000636F72652F697076342F6970345F66722C
:1096700061672E630000000070637220213D204E60
:10968000554C4C00417373657274696F6E202225CE
:109690007322206661696C6564206174206C696E58
:1096A0006520256420696E2025730A00706372208E
:1096B0003D3D20700000000000BF08210348F8F77E
:1096C00089FF4FF47A7001F0C5FCF6E700000258FC
:1096D0002DE9F041A4B004460027B84600266421D5
:1096E00002A8F6F7C6FE69486949086000208DF8AF
:1096F000000080208DF80100E1208DF8020000209C
:109700008DF803008DF804008DF80500C1F804D031
:1097100001215F4801725F49C1605F49016140F208
:10972000F4514161F8F7CAF9074638215B48F6F76A
:10973000A0FE2120594908604FF4403048610020C4
:109740000861574800F0BAFF062084F82C00504802
:109750004068007884F826004D484068417827200A
:1097600001554B4840688178282001554848406899
:10977000C178292001554648406801792A200155C1
:109780004348406841792B20015540F2DC50A084C9
:1097900094F82D0040F00A0084F82D0000221146B4
:1097A000012001F071FE3F490860002211460120AE
:1097B00001F06AFE3C49086024211BA8F6F759FE17
:1097C0003AA01B904FF4AF702090302021901BAA3C
:1097D0002146384801F0ECFE37493848FBF7A5FE32
:1097E0003648FBF771FE40B1204601F003FB2046EE
:1097F00001F096FA24B0BDE8F081002F41D12F4846
:10980000FBF7EDFD0646012E06DC204601F0F2FADC
:10981000204601F085FA36E0022E06D0032E09D04C
:10982000042E0BD0052E11D10DE04FF400554FF44E
:10983000804810E000254FF480480CE04FF40055BC
:109840004FF0000807E00025A84604E04FF400555B
:109850004FF4804800BF00BF02A90D48F7F788FF0A
:109860000895CDF81C8002A90948F8F725FC08489E
:10987000F8F76AFC204601F08DFB204601F020FB42
:1098800001E0F7F70CFB00BFB4E7000000800240E6
:10989000244C00246000043000000430D44C002428
:1098A0000C5A0108A4490024A849002445746849B9
:1098B000660000009D7F0008AC4900240C4D002488
:1098C00038B50446002000900448007818B969466D
:1098D0000348F8F774FA009838BD0000A049002446
:1098E000244C00242DE9F0418CB080460D46002424
:1098F0000026002730216846F6F7BBFD3021684678
:10990000F6F7B7FD2E4629E0042C04D36FF00B00C8
:109910000CB0BDE8F08104EB440170684DF8210003
:10992000708904EB44016A4602EB8101486054B13E
:1099300004EB4400694601EB8001601E00EB40002F
:1099400002EB80008160306830B9002004EB4401F4
:109950006A4602EB81018860641C3668002ED3D110
:10996000288916494860C1F808D00846456328464A
:1099700002F09AFD00BF11491148F8F799FC08B9A7
:10998000002716E00E48F7F7EFFE00F0020058B18E
:109990004FF4FA610B48006801F040FD0848F8F701
:1099A000C8FA6FF0010704E0284602F06FFB6FF081
:1099B0000B07B81C0028DED03846A9E7D44C002499
:1099C000244C0024A84900242DE9F04104462546F2
:1099D0006868804703F0D5FD06460D492868096888
:1099E0004718B81BB0F1004F01D3012000E0002060
:1099F00030B1296888192246064903F047FE04E081
:109A000022460449384603F041FEBDE8F0810000DB
:109A1000184B0024C99900080146080601F47F424A
:109A200040EA022001F47F0240EA122040EA11607D
:109A3000704701460806000C40EA112070470000FC
:109A400008B50020009000BF6846804208D000BFE3
:109A50000CA340F25112174917A0FCF7EBFE00BF10
:109A600000BF00BF00BF03F041FD00F03FFA00F06F
:109A700015FE01F0ADF80AF083F804F0D5FE03F00E
:109A8000A5FE08BD2E2E2F4D6964646C657761724A
:109A900065732F54686972645F50617274792F4CDA
:109AA0007749502F7372632F636F72652F696E69E8
:109AB000742E6300C45B0108417373657274696F2F
:109AC0006E2022257322206661696C6564206174B2
:109AD000206C696E6520256420696E2025730A005C
:109AE000F8B505460A462B4600200090002103F0F9
:109AF000010636B1002A04DD13F8010B8DF80100D0
:109B0000521E1C4603E034F8027B3944921E012A9F
:109B1000F9DC002A02DD20788DF80000BDF8000095
:109B2000014488B200EB114188B200EB114126B12B
:109B3000C8B2C1F3072747EA002188B2F8BD000088
:109B4000FBF712FD00BF5A48006800F4003000B176
:109B500039E000BF00BF00BFBFF34F8F00BF00BFA1
:109B600000BF00BF00BF00BFBFF36F8F00BF00BFCB
:109B700000BF00204F49086000BF00BF00BFBFF317
:109B80004F8F00BF00BF00BF00BF00BF00BFBFF3CB
:109B90006F8F00BF00BF00BF4548006840F4003031
:109BA0004349086000BF00BF00BFBFF34F8F00BF35
:109BB00000BF00BF00BF00BF00BFBFF36F8F00BF7B
:109BC00000BF00BF00BF00BF394B1B6803F48033E8
:109BD00003B148E00023364C7034236000BF00BF5F
:109BE00000BFBFF34F8F00BF00BF00BF231F186827
:109BF000C0F34E3100BFC0F3C90200BF43F6E073AB
:109C000003EA41134FF0404404EA82742343294C91
:109C10001034236000BF00BF131EA2F10102EDD17A
:109C20000B1EA1F10101E6D100BF00BF00BFBFF3D1
:109C30004F8F00BF00BF00BF1D4B1B6843F4803334
:109C40001B4C236000BF00BF00BFBFF34F8F00BF9E
:109C500000BF00BF00BF00BF00BFBFF36F8F00BFDA
:109C600000BF00BF00BFF8F7DDFCFBF7F7FFFBF715
:109C7000D5FCFBF743FEFBF7DFFF01F007FA0E4AC6
:109C800000210E4801F094FC0D4908600D4A0021A6
:109C90000D4801F08DFC0D4908600D4A00210D486A
:109CA00001F086FC0C49086001F006FA00BFFEE7EF
:109CB00014ED00E050EF00E0A05901083B5C000803
:109CC00084490024C4590108B99600088849002431
:109CD000E8590108595500088C49002470B505461B
:109CE00005B970BD05F00300002813D000BF00BF08
:109CF0003DA340F2732248A150A0FCF79BFD00BF9A
:109D000000BF00BF03F0B2FB0646304603F0BAFBCB
:109D100000BFE6E7A5F10C0452480068844205D371
:109D200005F10C0050490968884213D900BF00BFF3
:109D30002DA340F27F224DA140A0FCF77BFD00BF88
:109D400000BF00BF03F092FB0646304603F09AFBCB
:109D500000BFC6E74C4803F0F9FB207A002816D173
:109D600000BF00BF20A34FF4237248A133A0FCF72B
:109D700061FD00BF00BF444803F0FDFB00BF03F0DE
:109D800075FB0646304603F07DFB00BFA9E7204681
:109D900000F024F9002816D100BF00BF12A340F242
:109DA000952244A125A0FCF745FD00BF00BF364821
:109DB00003F0E1FB00BF03F059FB0646304603F019
:109DC00061FB00BF8DE70020207247480068844295
:109DD00001D245480460204602F034FC2A4803F0D2
:109DE000CAFB00BF7DE700002E2E2F4D6964646C16
:109DF0006577617265732F54686972645F50617230
:109E000074792F4C7749502F7372632F636F72658B
:109E10002F6D656D2E6300006D656D5F6672656503
:109E20003A2073616E69747920636865636B2061A1
:109E30006C69676E6D656E74000000004173736538
:109E40007274696F6E2022257322206661696C65C9
:109E500064206174206C696E6520256420696E2021
:109E600025730A007C4A0024804A00246D656D5FDA
:109E7000667265653A20696C6C6567616C206D651A
:109E80006D6F727900000000844A00246D656D5F7B
:109E9000667265653A20696C6C6567616C206D65FA
:109EA0006D6F72793A20646F75626C6520667265B9
:109EB000650000006D656D5F667265653A20696CCE
:109EC0006C6567616C206D656D6F72793A206E6F9D
:109ED0006E2D6C696E6B65643A20646F75626C659B
:109EE0002066726565000000884A002410B500BF36
:109EF00000BF1748174908600846046816482060E4
:109F0000002060602072144803F0B8F9134908601B
:109F100001200968087210481049096808600F4953
:109F2000096848600B4800680D4908600D4803F057
:109F300015FB00280AD000BF00BF0BA340F21F2270
:109F400015A11CA0FCF776FC00BF00BF10BD0000EF
:109F5000000002307C4A0024E8FF0100804A00240F
:109F6000884A0024844A00242E2E2F4D6964646C94
:109F70006577617265732F54686972645F506172AE
:109F800074792F4C7749502F7372632F636F72650A
:109F90002F6D656D2E6300006661696C65642074C9
:109FA0006F20637265617465206D656D5F6D75749A
:109FB00065780000417373657274696F6E202225A5
:109FC0007322206661696C6564206174206C696E1F
:109FD0006520256420696E2025730A002DE9F04173
:109FE0000446204600F084F90546206803F046F94F
:109FF0000646606803F042F907460C49206888422B
:10A000000FD8606888420CD86068A84202D03868CF
:10A01000A84206D106480068864205D07068A8426A
:10A0200002D00020BDE8F0810120FBE7E8FF01003D
:10A03000804A00242DE9F0478146B9F1000F02D192
:10A040000020BDE8F08709F1030020F003050C2D86
:10A0500000D20C255F48854201D84D4501D2002031
:10A06000EFE75D4803F072FA5C48006800F040F9E1
:10A070000646A5E0304603F001F90446207A0028A0
:10A080007ED106F10C002168081AA84278D306F1A7
:10A090000C002168091A05F11800814228D306F145
:10A0A0000C0000EB050800BF4A48804508D100BFFE
:10A0B0004BA340F2873256A15AA0FCF7BBFB00BF6E
:10A0C00000BF404603F0DAF80746002139722168E4
:10A0D00039607E60C4F80080012020723D493868F4
:10A0E000884207D0386803F0C9F8C0F8048001E05E
:10A0F0000120207239480068844227D13748D0F8BF
:10A1000000A004E0DAF8000003F0B8F882469AF8FC
:10A11000080018B14D4800688245F3D12F48C0F8B7
:10A1200000A000BF00684949096888420CD02B484C
:10A130000068007A40B100BF29A340F2B53244A1C3
:10A1400038A0FCF777FB00BF00BF00BF224803F038
:10A1500012FA00BF04F10C0028443C490968884207
:10A1600008D900BF1EA340F2B93240A12DA0FCF7D0
:10A1700061FB00BF00BF00BF04F0030050B100E06E
:10A180001AE000BF16A340F2BB3244A125A0FCF7A1
:10A1900051FB00BF00BF00BF04F0030040B100BF8F
:10A1A0000FA340F2BD3249A11EA0FCF743FB00BF44
:10A1B00000BF04F10C0044E7304603F05FF8066886
:10A1C0000448401BB0423FF655AF034803F0D3F9B3
:10A1D000002036E7E8FF0100844A0024884A002472
:10A1E0002E2E2F4D6964646C6577617265732F54F0
:10A1F000686972645F50617274792F4C7749502F8F
:10A200007372632F636F72652F6D656D2E6300002F
:10A21000696E76616C6964206E6578742070747202
:10A2200000000000417373657274696F6E2022250F
:10A230007322206661696C6564206174206C696EAC
:10A240006520256420696E2025730A00804A002459
:10A250006D656D5F6D616C6C6F633A20216C667229
:10A2600065652D3E75736564000000006D656D5F6A
:10A270006D616C6C6F633A20616C6C6F63617465C7
:10A2800064206D656D6F7279206E6F742061626FEE
:10A2900076652072616D5F656E642E006D656D5F21
:10A2A0006D616C6C6F633A20616C6C6F6361746597
:10A2B00064206D656D6F72792070726F7065726C5D
:10A2C0007920616C69676E65642E00006D656D5F55
:10A2D0006D616C6C6F633A2073616E697479206391
:10A2E0006865636B20616C69676E6D656E740000F4
:10A2F000014602480068081A704700007C4A0024A2
:10A300002DE9F84F81468B460BF1030020F0030541
:10A310000C2D00D20C255F48854201D85D4502D244
:10A320000020BDE8F88F00BF5B480068814503D37B
:10A330005A480068814508D300BF59A340F2D12292
:10A3400063A169A0FCF776FA00BF00BF524800681D
:10A35000814503D351480068814509D300BF03F00C
:10A3600085F80090009803F08DF800BF4846D8E7C4
:10A37000A9F10C063046FFF7BBFF07463168C81B42
:10A38000A0F10C0A00BF554508D900BF44A34FF403
:10A3900039725FA154A0FCF74DFA00BF00BF5545CC
:10A3A00001D90020BDE7554501D14846B9E76048CD
:10A3B00003F0CCF8306802F061FF0446207A0028F0
:10A3C00032D100BF33493068884208D100BF34A37E
:10A3D00040F2F52257A144A0FCF72CFA00BF00BFC1
:10A3E0002068009007F10C0000EB05085648006853
:10A3F000A04204D1404602F041FF53490860404664
:10A4000002F03CFF04460020207200982060676044
:10A41000C6F800801F492068884204D0206802F0F6
:10A420002DFFC0F8048030E005F1180050452CD80D
:10A4300007F10C0000EB050800BF164930688842A0
:10A4400008D100BF16A340F216323AA126A0FCF7AD
:10A45000F1F900BF00BF404602F010FF04463A4841
:10A460000068844201D238480460002020723068BD
:10A4700020606760C6F8008006492068884204D0E2
:10A48000206802F0FBFEC0F80480294803F073F84E
:10A49000484646E7E8FF01007C4A0024804A002441
:10A4A0002E2E2F4D6964646C6577617265732F542D
:10A4B000686972645F50617274792F4C7749502FCC
:10A4C0007372632F636F72652F6D656D2E6300006D
:10A4D0006D656D5F7472696D3A206C6567616C20A3
:10A4E0006D656D6F72790000417373657274696F89
:10A4F0006E2022257322206661696C656420617478
:10A50000206C696E6520256420696E2025730A0021
:10A510006D656D5F7472696D2063616E206F6E6C26
:10A520007920736872696E6B206D656D6F7279004A
:10A53000844A0024696E76616C6964206E65787463
:10A540002070747200000000884A002470B5044630
:10A550000D4600BF0D2C09DB00BF0AA34FF4D572D6
:10A5600014A11BA0FCF766F900BF70BD00BF05B9C0
:10A57000FBE7214951F824002946FCF73BFB00BFCB
:10A58000F3E700002E2E2F4D6964646C65776172CD
:10A5900065732F54686972645F50617274792F4CCF
:10A5A0007749502F7372632F636F72652F6D656DDE
:10A5B000702E63006D656D705F667265653A20741C
:10A5C000797065203C204D454D505F4D415800004D
:10A5D000417373657274696F6E2022257322206641
:10A5E00061696C6564206174206C696E6520256406
:10A5F00020696E2025730A00F85A010870B50446D8
:10A600000D4600BF002C08D100BF09A340F29512EF
:10A6100013A118A0FCF70EF900BF00BF04B105B9E3
:10A6200070BD29462046FCF7E5FA00BFF8E70000B8
:10A630002E2E2F4D6964646C6577617265732F549B
:10A64000686972645F50617274792F4C7749502F3A
:10A650007372632F636F72652F6D656D702E63006B
:10A66000696E76616C696420706F6F6C20646573CD
:10A6700063000000417373657274696F6E20222558
:10A680007322206661696C6564206174206C696E58
:10A690006520256420696E2025730A0010B500240A
:10A6A00006E0054951F8240000F008F8601C84B267
:10A6B0000D2CF6D310BD0000F85A010810B5002388
:10A6C000846823604368DB1C23F00301002207E059
:10A6D00083681B680B608368196003881944521CE7
:10A6E00043889342F4DC10BD70B5044600BF0D2CC6
:10A6F0000ADB00BF09A340F2571214A11BA0FCF70C
:10A7000099F800BF002070BD00BF224951F8240015
:10A71000FCF7CEFA05462846F5E700002E2E2F4D11
:10A720006964646C6577617265732F5468697264DB
:10A730005F50617274792F4C7749502F7372632F79
:10A74000636F72652F6D656D702E63006D656D7042
:10A750005F6D616C6C6F633A2074797065203C208A
:10A760004D454D505F4D41580000000041737365E9
:10A770007274696F6E2022257322206661696C6590
:10A7800064206174206C696E6520256420696E20E8
:10A7900025730A00F85A010810B5044600BF002CC2
:10A7A00008D100BF07A34FF49E7212A116A0FCF7B8
:10A7B00041F800BF00BF0CB9002010BD2046FCF7D7
:10A7C00077FAFAE72E2E2F4D6964646C6577617213
:10A7D00065732F54686972645F50617274792F4C8D
:10A7E0007749502F7372632F636F72652F6D656D9C
:10A7F000702E6300696E76616C696420706F6F6C97
:10A800002064657363000000417373657274696F3F
:10A810006E2022257322206661696C656420617454
:10A82000206C696E6520256420696E2025730A00FE
:10A830002DE9F05F04460E4617469846DDE90AB951
:10A8400000BF002C0BD100BF49A340F2271255A135
:10A850005BA0FBF7EFFF00BF0020BDE8F09F00BF4B
:10A8600000BFB9F1000F0AD100BF41A34FF49472A9
:10A870005DA153A0FBF7DEFF00BF0020EDE700BFA6
:10A8800006B9624E07B9614FB8F1000F01D1DFF888
:10A890007C8100206060A060E0605D486061002015
:10A8A000A08484F82D00E061C4F820B059480078F5
:10A8B00084F830000C98206143463A4631462046E1
:10A8C00000F0F8F92046C84708B10020C5E700BFEE
:10A8D00094F83000FF2802D1002084F830004FF0B7
:10A8E000000A4D48056829E000BFA54208D100BF15
:10A8F0001FA340F28B1249A131A0FBF79BFF00BFC1
:10A9000000BF0AF1010A00BFBAF1FF0F08DD00BF66
:10A9100017A340F28D1246A129A0FBF78BFF00BFC1
:10A9200000BF95F8300094F83010884205D194F8B3
:10A930003000401C84F8300002E02D68002DD3D197
:10A9400000BF002DC4D194F83000FE2803D10020B0
:10A950003049087004E094F83000401C2D4908701C
:10A960002D48006820602C480460204675E70000F0
:10A970002E2E2F4D6964646C6577617265732F5458
:10A98000686972645F50617274792F4C7749502FF7
:10A990007372632F636F72652F6E657469662E63C1
:10A9A000000000006E657469665F6164643A206946
:10A9B0006E76616C6964206E6574696600000000E3
:10A9C000417373657274696F6E202225732220664D
:10A9D00061696C6564206174206C696E6520256412
:10A9E00020696E2025730A006E657469665F616474
:10A9F000643A204E6F20696E69742066756E6374C8
:10AA0000696F6E20676976656E000000985B0108CB
:10AA1000ADAC0008C84A0024C04A00246E657469C1
:10AA20006620616C726561647920616464656400AC
:10AA3000746F6F206D616E79206E65746966732C1A
:10AA4000206D61782E20737570706F72746564204C
:10AA50006E756D62657220697320323535000000B5
:10AA600070B504460D462946204604F0F5FD2946FA
:10AA7000204609F053FA70BD10B503460868DC683B
:10AA8000A04201D1012000E0002030B909B9002026
:10AA900000E00868D860012010BD0020FCE700003D
:10AAA000F8B505460C46164600BF002C08D100BF7D
:10AAB00018A340F2CB1224A127A0FBF7BBFE00BFD6
:10AAC00000BF00BF46B900BF12A34FF4E6721EA13B
:10AAD00021A0FBF7AFFE00BF00BF20686968884275
:10AAE00001D1012000E0002090B920680090686842
:10AAF000306069463046FFF7B3FF0CB9002000E034
:10AB0000206868600121284600F064F80120F8BD43
:10AB10000020FCE72E2E2F4D6964646C657761720E
:10AB200065732F54686972645F50617274792F4C39
:10AB30007749502F7372632F636F72652F6E657440
:10AB400069662E6300000000696E76616C6964209E
:10AB5000706F696E74657200417373657274696FAA
:10AB60006E2022257322206661696C656420617401
:10AB7000206C696E6520256420696E2025730A00AB
:10AB800010B5034608689C68A04201D1012000E08E
:10AB9000002030B909B9002000E008689860012061
:10ABA00010BD0020FCE7000002466AB107480168BA
:10ABB00008E091F83000401CC0B2904201D1084634
:10ABC000704709680029F4D10020F9E7C04A002441
:10ABD0007047000070B504460D4600BF002C08D138
:10ABE00000BF12A340F26D321DA126A0FBF722FE8A
:10ABF00000BF00BF94F82D0000F0040020B194F8CD
:10AC00002D0000F0010000B970BD05F0010050B149
:10AC1000606840B194F82D0000F0080018B1211DC3
:10AC20002046FCF7E1FE00BFEEE700002E2E2F4D80
:10AC30006964646C6577617265732F5468697264C6
:10AC40005F50617274792F4C7749502F7372632F64
:10AC5000636F72652F6E657469662E630000000075
:10AC60006E657469665F69737375655F7265706F31
:10AC70007274733A20696E76616C6964206E6574D3
:10AC800069660000417373657274696F6E202225D6
:10AC90007322206661696C6564206174206C696E42
:10ACA0006520256420696E2025730A0003466FF035
:10ACB0000B0070472DE9F84F80460C4615461E469E
:10ACC0004FF00009CA4604B9114C05B9104D06B938
:10ACD0000F4E0CB1206808B9012000E000200746A3
:10ACE00027B16A4621464046FFF7DAFE4A46294622
:10ACF0004046FFF745FF524631464046FFF7BCFE4F
:10AD000027B96A4621464046FFF7CAFEBDE8F88FDC
:10AD1000985B01080149086070470000C44A00249C
:10AD200010B5044600BF002C09D100BF10A340F2AB
:10AD30009B321CA123A0FBF77DFD00BF10BD00BF0F
:10AD400094F82D0000F0010078B100BF94F82D00B8
:10AD500000F0FE0084F82D0000BF94F82D0000F0F4
:10AD6000080010B12046FCF707F800BFE6E7000036
:10AD70002E2E2F4D6964646C6577617265732F5454
:10AD8000686972645F50617274792F4C7749502FF3
:10AD90007372632F636F72652F6E657469662E63BD
:10ADA000000000006E657469665F7365745F646FB0
:10ADB000776E3A20696E76616C6964206E6574699D
:10ADC00066000000417373657274696F6E202225FE
:10ADD0007322206661696C6564206174206C696E01
:10ADE0006520256420696E2025730A0000B1C161C9
:10ADF0007047000010B5044600BF002C09D100BF09
:10AE00000FA340F206421BA123A0FBF713FD00BFD6
:10AE100010BD00BF94F82D0000F0040070B100BF19
:10AE200094F82D0000F0FB0084F82D0000BF00BF57
:10AE3000E06910B12046E169884700BF00BFE7E73D
:10AE40002E2E2F4D6964646C6577617265732F5483
:10AE5000686972645F50617274792F4C7749502F22
:10AE60007372632F636F72652F6E657469662E63EC
:10AE7000000000006E657469665F7365745F6C69DD
:10AE80006E6B5F646F776E3A20696E76616C696491
:10AE9000206E657469660000417373657274696F32
:10AEA0006E2022257322206661696C6564206174BE
:10AEB000206C696E6520256420696E2025730A0068
:10AEC00010B5044600BF002C09D100BF11A34FF4F8
:10AED00078721DA125A0FBF7ADFC00BF10BD00BF1F
:10AEE00094F82D0000F0040090B900BF94F82D00F4
:10AEF00040F0040084F82D0000BF03212046FFF736
:10AF000069FE00BFE06910B12046E169884700BFD3
:10AF100000BFE3E72E2E2F4D6964646C6577617284
:10AF200065732F54686972645F50617274792F4C35
:10AF30007749502F7372632F636F72652F6E65743C
:10AF400069662E63000000006E657469665F736554
:10AF5000745F6C696E6B5F75703A20696E76616CB8
:10AF60006964206E65746966000000004173736552
:10AF70007274696F6E2022257322206661696C6588
:10AF800064206174206C696E6520256420696E20E0
:10AF900025730A0010B5044600BF002C09D100BF7C
:10AFA0000EA34FF454721AA120A0FBF743FC00BF7C
:10AFB00010BD00BF94F82D0000F0010058B900BF8B
:10AFC00094F82D0040F0010084F82D0000BF03210B
:10AFD0002046FFF7FFFD00BFEAE700002E2E2F4DB1
:10AFE0006964646C6577617265732F546869726413
:10AFF0005F50617274792F4C7749502F7372632FB1
:10B00000636F72652F6E657469662E6300000000C1
:10B010006E657469665F7365745F75703A20696EFA
:10B0200076616C6964206E6574696600417373654E
:10B030007274696F6E2022257322206661696C65C7
:10B0400064206174206C696E6520256420696E201F
:10B0500025730A0070B50546FBF718FC10B16FF0B8
:10B06000050404E0002415B1284609F02BF9204618
:10B0700070BD10B5FBF70AFC18B10AF0F5F90446EB
:10B0800002E00AF0EBF90446204610BD10B5FBF7CC
:10B09000FDFB10B16FF0050409E00648006820B917
:10B0A000012004490860002401E04FF0FF342046ED
:10B0B00010BD00003C4A002470B5FBF7E7FB10B15F
:10B0C0006FF005041FE011480068012819D100BF86
:10B0D000801F0021002804DB0A07130E0C4A1354BA
:10B0E00006E00A07150E0B4A00F00F031B1FD5548C
:10B0F00000BF00BF02200549086009F0C7F900241D
:10B1000001E04FF0FF34204670BD00003C4A0024AF
:10B1100000E400E018ED00E02DE9F84307460D4695
:10B1200091461C463E464FF00008FBF7AFFBE0B1EE
:10B130000EB105B114B16FF0030828E000200090B3
:10B140006A462946304609F033FF012802D06FF0E5
:10B1500002081CE00098D0B14FF080500D49086003
:10B16000BFF34F8FBFF36F8F11E006B115B96FF0CA
:10B1700003080CE022462946304609F065FE012806
:10B1800005D014B16FF0010801E06FF002084046ED
:10B19000BDE8F88304ED00E02DE9F84305460E46CE
:10B1A00014464FF00009FBF771FB00283ED1002D3B
:10B1B0003CD0002E3AD0471EBCB1A06858B1E06820
:10B1C000502808D3206930B105FB06F0616981423F
:10B1D00001D301270AE0A06840B9E06830B92069CE
:10B1E00020B9606910B9002700E00027012F09D1BC
:10B1F0000020009031462846A368226909F081FBAF
:10B20000814606E02FB900223146284609F04CFB62
:10B210008146B9F1000F09D014B1D4F8008001E0E3
:10B220004FF000084146484608F0DEFF4846BDE8BA
:10B23000F88300002DE9F84307460D4691461C4669
:10B240003E464FF00008FBF721FBE8B10EB105B117
:10B2500014B16FF003082AE00020009000236A4632
:10B260002946304609F0DEFC012802D06FF00208C2
:10B270001DE00098D8B14FF080500E490860BFF330
:10B280004F8FBFF36F8F12E006B115B96FF003084F
:10B290000DE0002322462946304609F0EFFB012845
:10B2A00005D014B16FF0010801E06FF002084046CC
:10B2B000BDE8F88304ED00E02DE9F04104460D46B9
:10B2C00024F0010604F001080027FBF7DFFA08B1BB
:10B2D000BF1F1FE016B96FF003071BE0B8F1000FA6
:10B2E0000CD02946304609F0A5FF012812D015B12F
:10B2F0006FF001070EE06FF002070BE029463046C1
:10B3000009F0BCFE012805D015B16FF0010701E07E
:10B310006FF002073846BDE8F0812DE9F04704469A
:10B320000026FBF7B3FA00284DD10CB1676800E0A6
:10B33000002707F0010008B1012500E0002507F013
:10B34000080008283FD04FF0FF3874B1A06828B13A
:10B35000E068502802D34FF0010808E0A06830B937
:10B36000E06820B94FF0000801E04FF00008B8F1A4
:10B37000010F0CD12DB10420A16809F080FA064616
:10B3800012E00120A16809F07AFA06460CE0B8F153
:10B39000000F09D125B1042009F060FA064603E048
:10B3A000012009F05BFA06464EB114B1D4F80090C2
:10B3B00001E04FF000094946304608F015FF16B18C
:10B3C0000DB146F001063046BDE8F0872DE9F041A9
:10B3D000044624F0010504F001070026FBF756FAA5
:10B3E00008B1B61F16E015B96FF0030612E03FB1C1
:10B3F000284609F005FD01280CD06FF0020609E08F
:10B4000000231A461946284609F038FB012801D0C6
:10B410006FF002063046BDE8F0810000F8B5044642
:10B420000D46264600270EB93F1F29E0FBF72EFAEE
:10B43000D0B115B16FF0030722E0002000906A46FA
:10B440000021304609F0B4FD012802D06FF0020758
:10B4500016E00098A0B14FF080500A490860BFF391
:10B460004F8FBFF36F8F0BE02946304609F006FE81
:10B47000012805D015B16FF0010701E06FF0020758
:10B480003846F8BD04ED00E02DE9F84305460F46C7
:10B4900014464FF00008FBF7F9F9002857D1002DAA
:10B4A00055D0AF4253D8461E64B1A06820B1E068C1
:10B4B000502801D3012606E0A06820B9E06810B941
:10B4C000002600E00026701C002840D0012D23D16A
:10B4D000012E09D103200090002211460120A3680B
:10B4E00009F00FFA804605E003220021012009F04F
:10B4F000DBF98046B8F1000F1CD0DFB100231A46FB
:10B500001946404609F0BAFA012813D0404608F01F
:10B5100081FE4FF000080DE0012E06D13946284685
:10B52000A26809F069F9804604E03946284609F026
:10B5300035F98046B8F1000F09D014B1D4F8009065
:10B5400001E04FF000094946404608F04DFE4046F4
:10B55000BDE8F883F8B50446254600260DB9361F28
:10B5600022E0FBF793F9A8B1002000906946284635
:10B5700009F0D6FB012802D06FF0020614E0009813
:10B5800090B14FF0805009490860BFF34F8FBFF36F
:10B590006F8F09E000231A461946284609F06EFA13
:10B5A000012801D06FF002063046F8BD04ED00E03E
:10B5B0002DE9FF4780468946144600200390FBF79B
:10B5C00065F900284ED1B8F1000F4BD08026182520
:10B5D0008246471E44B3206808B1D4F800A0A06991
:10B5E00000B1A5692DB1382D03D8207900F00100F4
:10B5F00018B1002004B0BDE8F087606908B1606947
:10B600008608A06840B1E068602805D3206918B1B9
:10B61000606908B1012708E0A06830B9E06820B986
:10B62000206910B9002700E00027012F0CD1216903
:10B63000A0684B463246CDE9005102905146404643
:10B6400009F098FE03900DE067B903A8B2B24B462B
:10B650005146CDE90050404609F05AFE012801D07C
:10B66000002003900398C5E770B504460D460022FC
:10B670002946204600F002F870BD00002DE9F04791
:10B6800004460D46904600BF44B900BF1CA340F2DB
:10B69000DF1227A129A0FBF7CDF800BF00BF14B12E
:10B6A000B5F5803F02D30120BDE8F0870DB9002039
:10B6B000FAE7AEB22089304480B2B04201DA01200C
:10B6C000F2E794F80C9009F0800038B16068471BED
:10B6D00004F11000874209D20120E5E7B8F1000F1C
:10B6E00002D06068471B01E00120DDE767606089E8
:10B6F000304460812089304420810020D4E700005C
:10B700002E2E2F4D6964646C6577617265732F54BA
:10B71000686972645F50617274792F4C7749502F59
:10B720007372632F636F72652F706275662E63008C
:10B730007020213D204E554C4C0000004173736534
:10B740007274696F6E2022257322206661696C65B0
:10B7500064206174206C696E6520256420696E2008
:10B7600025730A002DE9FE4F82460E469046574645
:10B77000B8F1010F0AD0B8F1410F06D0B8F5C17F7A
:10B780000BD0B8F5207F7CD16AE000BF424631463D
:10B79000002000F035F90446ACE0002400200290BF
:10B7A000B14600BF0C20FEF79FFF054645B900F0EB
:10B7B000A7FD14B1204600F069FC0020BDE8FE8F13
:10B7C000F81C20F00300C0F5147080B2484501DD7C
:10B7D000484605E0F81C20F00300C0F5147080B264
:10B7E00083460020CDE9008005F110003844C01CDC
:10B7F00020F003015B464A46284600F072FD00BF78
:10B80000287900F00300002808D000BF3BA34FF4C4
:10B81000807246A151A0FBF70DF800BF00BF00BF2A
:10B82000F81C20F00300C0F51470002808D100BFF8
:10B8300032A34FF4817253A148A0FAF7FBFF00BF77
:10B8400000BF0CB92C4601E0029805600295A9EBF7
:10B850000B001FFA80F90027B9F1000FA2DC49E0C4
:10B86000F81C20F00301F01C20F00300084485B20E
:10B8700005F11009F01C20F00300A84206D8F01CC6
:10B8800000E02AE020F00300484501D9002095E7B8
:10B890004846FEF7CFFB04460CB900208EE7002097
:10B8A000CDE9008004F110003844C01C20F00301F1
:10B8B00033463246204600F014FD00BF207900F0E8
:10B8C000030040B100BF0DA34FF491723AA123A031
:10B8D000FAF7B0FF00BF00BF0CE000BF00BF07A336
:10B8E00040F227123FA11DA0FAF7A4FF00BF00BF3E
:10B8F000002063E700BF204660E700002E2E2F4D9A
:10B900006964646C6577617265732F5468697264E9
:10B910005F50617274792F4C7749502F7372632F87
:10B92000636F72652F706275662E63007062756654
:10B930005F616C6C6F633A207062756620712D3E9A
:10B940007061796C6F61642070726F7065726C7970
:10B9500020616C69676E6564000000004173736567
:10B960007274696F6E2022257322206661696C658E
:10B9700064206174206C696E6520256420696E20E6
:10B9800025730A00504255465F504F4F4C5F425559
:10B990004653495A45206D7573742062652062696B
:10B9A00067676572207468616E204D454D5F414C3C
:10B9B00049474E4D454E5400706275665F616C6C30
:10B9C0006F633A20706275662D3E7061796C6F61AD
:10B9D000642070726F7065726C7920616C69676E3B
:10B9E00065640000706275665F616C6C6F633A201D
:10B9F0006572726F6E656F75732074797065000083
:10BA00002DE9FC4107460D46144600BF412C0AD0E3
:10BA1000012C08D000BF0EA34FF4A57218A11DA0E1
:10BA2000FAF708FF00BF00BF0B20FEF75DFE0646D9
:10BA300016B90020BDE8FC8100202B462A46394675
:10BA4000CDE90040304600F04CFC3046F2E7000003
:10BA50002E2E2F4D6964646C6577617265732F5467
:10BA6000686972645F50617274792F4C7749502F06
:10BA70007372632F636F72652F706275662E630039
:10BA8000696E76616C696420706275665F74797046
:10BA900065000000417373657274696F6E20222522
:10BAA0007322206661696C6564206174206C696E24
:10BAB0006520256420696E2025730A002DE9FC5F4E
:10BAC00005460C4617469846DDE90C9BAA460AF146
:10BAD000030020F003002044584502D90020BDE8AF
:10BAE000FC9FB9F1000F06D00AF1030020F003001B
:10BAF00000EB090600E000260220234622463146DC
:10BB0000CDE90070404600F0ECFB4046E7E700005E
:10BB100070B506460D4600BF0EB1002D09D100BF1D
:10BB20001BA340F2593226A133A0FAF783FE00BFCF
:10BB300070BD00BF344604E0208929890844208173
:10BB4000246820680028F7D100BF208961898842D5
:10BB500008D000BF0EA340F2623231A126A0FAF74E
:10BB600069FE00BF00BF00BF206840B100BF08A34E
:10BB700040F2633236A120A0FAF75CFE00BF00BF9E
:10BB80002089298908442081256000BFD0E7000072
:10BB90002E2E2F4D6964646C6577617265732F5426
:10BBA000686972645F50617274792F4C7749502FC5
:10BBB0007372632F636F72652F706275662E6300F8
:10BBC000286820213D204E554C4C2920262620282F
:10BBD0007420213D204E554C4C29202870726F67EF
:10BBE00072616D6D65722076696F6C61746573202A
:10BBF0004150492900000000417373657274696FF8
:10BC00006E2022257322206661696C656420617450
:10BC1000206C696E6520256420696E2025730A00FA
:10BC2000702D3E746F745F6C656E203D3D20702DED
:10BC30003E6C656E20286F66206C617374207062A4
:10BC4000756620696E20636861696E2900000000D6
:10BC5000702D3E6E657874203D3D204E554C4C0055
:10BC60000146002002E0421C90B209680029FAD186
:10BC7000704700002DE9F04180460E4614462189A8
:10BC800032464046FFF76EFD074617B90020BDE873
:10BC9000F0812146384600F045F8054600BF45B121
:10BCA00000BF05A340F224520FA114A0FAF7C2FD71
:10BCB00000BF00BF3846EAE72E2E2F4D6964646C42
:10BCC0006577617265732F54686972645F50617241
:10BCD00074792F4C7749502F7372632F636F72659D
:10BCE0002F706275662E6300706275665F636F7099
:10BCF00079206661696C65640000000041737365BA
:10BD00007274696F6E2022257322206661696C65EA
:10BD100064206174206C696E6520256420696E2042
:10BD200025730A002DE9F04105460C460026002740
:10BD300000BF25B11CB12889218988420CDA00BFD7
:10BD400044A340F2C9324FA15AA0FAF773FD00BFD5
:10BD50006FF00F00BDE8F08100BF00BF6889801B55
:10BD60006189C91B884203D36089A0EB070802E000
:10BD70006889A0EB06086268D1196A689019424682
:10BD8000F4F750FB4644474400BF6889B04208D2EC
:10BD900000BF30A340F2D93250A146A0FAF74AFDC5
:10BDA00000BF00BF00BF6089B84208D200BF29A30E
:10BDB00040F2DA324FA13FA0FAF73CFD00BF00BFCE
:10BDC0006089B84201D8002724686889B04211D13F
:10BDD00000262D6800BF65B95CB100BF1DA34FF4FC
:10BDE00079724BA133A0FAF725FD00BF6FF00F0069
:10BDF000B0E700BF002C13D06089218988420FD1A1
:10BE000000BF206858B100BF12A340F2E93244A13C
:10BE100028A0FAF70FFD00BF6FF005009AE700BFFA
:10BE2000002D13D06889298988420FD100BF286866
:10BE300058B100BF07A340F2EE3239A11DA0FAF7B6
:10BE4000F9FC00BF6FF0050084E700BF002C85D12E
:10BE500000207FE72E2E2F4D6964646C6577617238
:10BE600065732F54686972645F50617274792F4CE6
:10BE70007749502F7372632F636F72652F706275ED
:10BE8000662E6300706275665F636F70793A207426
:10BE90006172676574206E6F742062696720656ED9
:10BEA0006F75676820746F20686F6C6420736F759E
:10BEB00072636500417373657274696F6E20222529
:10BEC0007322206661696C6564206174206C696E00
:10BED0006520256420696E2025730A006F666673ED
:10BEE00065745F746F203C3D20705F746F2D3E6CF5
:10BEF000656E00006F66667365745F66726F6D20B5
:10BF00003C3D20705F66726F6D2D3E6C656E00006B
:10BF1000705F746F20213D204E554C4C0000000096
:10BF2000706275665F636F7079282920646F65732E
:10BF3000206E6F7420616C6C6F77207061636B652D
:10BF40007420717565756573210000002DE9F05F3F
:10BF50008046894616461D464FF0000AD34600BF6C
:10BF6000B8F1000F0BD100BF21A340F20A422CA16F
:10BF700033A0FAF75FFC00BF0020BDE8F09F00BFD0
:10BF800000BFB9F1000F0AD100BF19A340F20B4264
:10BF900035A12BA0FAF74EFC00BF0020EDE700BF53
:10BFA000444620E035B16089A84203DC6089281A44
:10BFB00085B217E06089401B87B2B74200DD374683
:10BFC0006268511909EB0A003A46F4F72BFA0BEBB9
:10BFD00007001FFA80FB0AEB07001FFA80FAF01B2C
:10BFE00086B2002524680EB1002CDBD15846C4E788
:10BFF0002E2E2F4D6964646C6577617265732F54C2
:10C00000686972645F50617274792F4C7749502F60
:10C010007372632F636F72652F706275662E630093
:10C02000706275665F636F70795F70617274696169
:10C030006C3A20696E76616C6964206275660000F6
:10C04000417373657274696F6E20222573222066B6
:10C0500061696C6564206174206C696E652025647B
:10C0600020696E2025730A00706275665F636F70C9
:10C07000795F7061727469616C3A20696E76616C87
:10C080006964206461746170747200002DE9F04786
:10C090000446002C0ED100BF44B900BF38A34FF4B2
:10C0A000377243A145A0FAF7C5FB00BF00BF0020CF
:10C0B000BDE8F08700265EE001F0D8F9824600BFB7
:10C0C000A07B002808DC00BF2DA340F2F12245A18F
:10C0D0003AA0FAF7AFFB00BF00BFA07B401E00F004
:10C0E000FF0884F80E80504601F0CCF9B8F1000F3B
:10C0F0003FD12768207B00F00F05607B00F0020035
:10C10000002814D0A14600BFD9F81000002808D19B
:10C1100000BF1BA340F2FF2238A128A0FAF78AFB38
:10C1200000BF00BF2046D9F8101088471DE0022D3F
:10C1300004D121460C20FEF709FA16E0012D04D1A6
:10C1400021460B20FEF702FA0FE01DB92046FDF74D
:10C15000C5FD0AE000BF00BF09A340F20F3230A1C5
:10C1600016A0FAF767FB00BF00BF701CC6B23C46C2
:10C1700000E0002400BF002C9ED1304698E700006C
:10C180002E2E2F4D6964646C6577617265732F5430
:10C19000686972645F50617274792F4C7749502FCF
:10C1A0007372632F636F72652F706275662E630002
:10C1B0007020213D204E554C4C00000041737365AA
:10C1C0007274696F6E2022257322206661696C6526
:10C1D00064206174206C696E6520256420696E207E
:10C1E00025730A00706275665F667265653A207035
:10C1F0002D3E726566203E203000000070632D3EAB
:10C20000637573746F6D5F667265655F66756E6387
:10C2100074696F6E20213D204E554C4C000000008B
:10C22000696E76616C6964207062756620747970DD
:10C230006500000070B50446254629460748FEF70C
:10C24000DDF907480078012806D10020044908706C
:10C2500004480068FFF77EF970BD00000C5A010821
:10C26000A0490024A449002470B500BF01F0FEF8E5
:10C270000546002009490870284601F003F900BF6F
:10C280000748046806E0606F18B1204602F084FA9F
:10C2900070BDE468002CF6D100BFF9E7C94A00245C
:10C2A000DC4A002410B50446FFF7DEFF10BD70B570
:10C2B00004460D4601222946204600F001F870BDD3
:10C2C00070B505460C461646002C04DA6142284635
:10C2D00000F03EF970BD324621462846FFF7CEF900
:10C2E000F8E770B5DDE9044500260660416002818B
:10C2F000438104734573012686730026C67370BD9F
:10C3000070B501F0B3F805460C48047801200B49DC
:10C310000870284601F0B6F87CB900BF0021084833
:10C3200007F0CCFB40B101F0A1F80546002003491D
:10C330000870284601F0A6F800BF70BDC94A002465
:10C34000A5C200082DE9F04106460F4600BF002EA9
:10C3500008D100BF2BA34FF4CC7236A13BA0FAF753
:10C3600069FA00BF00BF3089B84201DCBDE8F08146
:10C370003089C01B1FFA80F83D46344613E06089BF
:10C38000281A85B22089A0EB08002081246800BF0C
:10C3900044B900BF1BA340F2AF1236A12BA0FAF79D
:10C3A00049FA00BF00BF6089A842E8DB207B00F0AB
:10C3B0000F0000281AD16089A84217D0607B00F0D6
:10C3C0000200002812D16068001B41192046FDF7C9
:10C3D00097FF044600BF44B900BF0AA340F2BD1254
:10C3E0002AA11AA0FAF726FA00BF00BF658160896A
:10C3F0002081206810B12068FFF748FE00202060EF
:10C4000000BFB3E72E2E2F4D6964646C65776172AF
:10C4100065732F54686972645F50617274792F4C30
:10C420007749502F7372632F636F72652F70627537
:10C43000662E6300706275665F7265616C6C6F6317
:10C440003A207020213D204E554C4C0041737365BD
:10C450007274696F6E2022257322206661696C6593
:10C4600064206174206C696E6520256420696E20EB
:10C4700025730A00706275665F7265616C6C6F632C
:10C480003A207120213D204E554C4C006D656D5F6A
:10C490007472696D2072657475726E6564207120A6
:10C4A0003D3D204E554C4C0070B50446002C18D034
:10C4B00000BF00F0DBFF0546A07B401CA0732846B0
:10C4C00000F0E0FF00BF00BFA07B002808DC00BF39
:10C4D00004A340F242320FA113A0FAF7ABF900BF58
:10C4E00000BF70BD2E2E2F4D6964646C657761723C
:10C4F00065732F54686972645F50617274792F4C50
:10C500007749502F7372632F636F72652F70627556
:10C51000662E63007062756620726566206F7665B0
:10C5200072666C6F77000000417373657274696F97
:10C530006E2022257322206661696C656420617417
:10C54000206C696E6520256420696E2025730A00C1
:10C550002DE9F04104460D4600BF44B900BF18A3C1
:10C5600040F24B2222A125A0FAF764F900BF00BFD8
:10C5700014B1B5F5803F02D30120BDE8F0810DB9BB
:10C580000020FAE7AEB200BF6089B0420ADA00BF0D
:10C590000BA340F2552223A118A0FAF74BF900BFD4
:10C5A0000120EAE700BF676860682844606060892E
:10C5B000801B60812089801B20810020DDE7000036
:10C5C0002E2E2F4D6964646C6577617265732F54EC
:10C5D000686972645F50617274792F4C7749502F8B
:10C5E0007372632F636F72652F706275662E6300BE
:10C5F0007020213D204E554C4C0000004173736566
:10C600007274696F6E2022257322206661696C65E1
:10C6100064206174206C696E6520256420696E2039
:10C6200025730A00696E6372656D656E745F6D6176
:10C63000676E6974756465203C3D20702D3E6C65A5
:10C640006E0000002DE9F041044600BF3B48006841
:10C65000844208D200BF3AA340F2DF1244A14AA0AC
:10C66000FAF7E8F800BF00BF00BF514800688442F5
:10C6700008D300BF32A34FF4F0724EA142A0FAF7E4
:10C68000D9F800BF00BF00BF207A002808D000BF43
:10C690002BA340F2E1124EA13BA0FAF7CBF800BF6A
:10C6A00000BF00BF51492068884208D900BF24A3B9
:10C6B0004FF4F2724EA134A0FAF7BCF800BF00BFED
:10C6C000206800F0DBFD0546AC4219D0287AB8B9E5
:10C6D00037480068854213D050480068A84201D10D
:10C6E0004E4804602868206040492868884207D086
:10C6F0002046FDF7FDFD0746286800F0BFFD4760B6
:10C70000606800F0BBFD0646A64215D0307A98B9A5
:10C7100042480068A04201D140480660206830606D
:10C7200032492068884207D03046FDF7E1FD0746D0
:10C73000206800F0A3FD4760BDE8F0817C4A00243A
:10C740002E2E2F4D6964646C6577617265732F546A
:10C75000686972645F50617274792F4C7749502F09
:10C760007372632F636F72652F6D656D2E630000AA
:10C77000706C75675F686F6C65733A206D656D20CE
:10C780003E3D2072616D0000417373657274696F84
:10C790006E2022257322206661696C6564206174B5
:10C7A000206C696E6520256420696E2025730A005F
:10C7B000804A0024706C75675F686F6C65733A20FF
:10C7C0006D656D203C2072616D5F656E64000000D8
:10C7D000706C75675F686F6C65733A206D656D2D61
:10C7E0003E75736564203D3D20300000E8FF010088
:10C7F000706C75675F686F6C65733A206D656D2D41
:10C800003E6E657874203C3D204D454D5F53495A3E
:10C81000455F414C49474E4544000000884A00248A
:10C820002DE9F04105460E4616480768164800688F
:10C83000001D07F08BFB681C38B936B1124801683F
:10C84000091D124807F0D9FB1AE07C190E48006850
:10C850004460BC4207D20C480168091D0C480068BE
:10C8600007F0B1FB0CE008480168091D09480068A1
:10C8700007F0A9FB08480068844201D2064804601A
:10C88000BDE8F081004A0024EC49002474520024E1
:10C89000F4490024F04900241C4A002410B5044641
:10C8A00007F0B8FB24480068401C2349086023486F
:10C8B000006840B9214804600846006801280DD18D
:10C8C00000F018FA0AE01E48006838B91B480068F2
:10C8D000C06AE16A884201D81848046019480068B3
:10C8E000401C1849086008460068A0641649E06AC0
:10C8F0000968884202D91449E06A0860E16A01EBDC
:10C900008101124A02EB8100211D07F076FB07F03E
:10C91000ABFB0B48006868B108480068C06AE16A70
:10C92000884207D24FF0805009490860BFF34F8F0B
:10C93000BFF36F8F10BD0000FC490024EC490024B8
:10C94000084A0024184A0024044A0024C44D002444
:10C9500004ED00E008B507F05DFB12480068E8B997
:10C96000114807F020FB114807F01DFB0E48104945
:10C9700008600E480F49086000200F4B0F4A102135
:10C9800000900A2007F0BDFF0649086008460068CD
:10C9900020B10BA10348006807F026FC07F064FBF8
:10C9A00008BD0000304A0024885200249C52002414
:10C9B000284A00242C4A0024B052002400530024AA
:10C9C000546D72510000000010B516E007F022FB14
:10C9D0000C48C068C468201D07F0B8FA0A4800680F
:10C9E000401E0949086009480068401E0749086060
:10C9F00007F03AFB204600F05FF804480068002882
:10CA0000E4D110BD60520024FC490024F849002400
:10CA100070B504460D46206C70B1216CE06801448D
:10CA2000E160D4E90210884201D32168E160284620
:10CA3000226CE168F3F7F6FC70BD2DE9F041044685
:10CA40000F4615464FF00008A66B206C48B92068C9
:10CA500000282CD1A06808F0B3FD80460020A0601B
:10CA600025E07DB93946226C6068F3F7DBFC216C68
:10CA7000606808446060D4E90101884217D32068E7
:10CA8000606014E03946226CE068F3F7CBFC216C5F
:10CA9000E068411AE1602168E068884203D2216CB5
:10CAA000A068411AE160022D01D106B1761E701C0A
:10CAB000A0634046BDE8F08110B5044694F85D00DF
:10CAC00030B9206B07F0EEFA204607F0EBFA1AE0D7
:10CAD00094F85D00012803D1204607F0E3FA12E044
:10CAE00094F85D00022801D1012000E0002050B937
:10CAF00000BF502080F31188BFF34F8FBFF36F8FBB
:10CB000000BF00BFFEE710BD01464A6A22B10A6BB2
:10CB10001268C2F1380000E0002070470146084A60
:10CB2000126812680AB9012200E000220A600A684D
:10CB300022B9034A1268D268106800E000207047EA
:10CB4000284A002430B54FF47053174800F007040A
:10CB50002CB1C01D20F00700134C041B1B1B024608
:10CB6000124C22600024114D6C60D018083820F05F
:10CB700007000F4C206000240D4D2D686C600C4D9B
:10CB80002D682C601146441A4C60094C24680C60D6
:10CB9000084D4C682C60084D4C682C604FF00044E8
:10CBA000064D2C6030BD0000605A0024404A00242D
:10CBB000484A0024504A00244C4A00245C4A00247D
:10CBC00000BFFFF701FF064800680128F9D94FF0C0
:10CBD000805004490860BFF34F8FBFF36F8FF0E7B9
:10CBE000C44D002404ED00E010B5044654B100200B
:10CBF000A06020600021E16000231A46194620460B
:10CC000007F03CFF10BD2DE9F04106460D461746E2
:10CC10009846069C0DB9246000E02760E663256411
:10CC20000121204607F0DEFE84F84C80BDE8F0814B
:10CC30002DE9F05F82460E4691469B460A9F0C9C6A
:10CC40004FEA8901A522206BF3F70CFCA9F1010042
:10CC5000216B01EB800828F0070808F0070008B9ED
:10CC6000012000E0002050B900BF502080F311885F
:10CC7000BFF34F8FBFF36F8F00BF00BFFEE7C4F855
:10CC8000448086B1002507E0715D04F13400415510
:10CC9000705D00B902E06D1C102DF5D300BF0021BE
:10CCA0004320015502E0002084F83400382F00D3DF
:10CCB0003727E762276500206065201D07F080F9AF
:10CCC00004F1180007F07CF92461C7F13800A06175
:10CCD00064620020A06584F85C005A4651464046D4
:10CCE00000F08AFB20600B9808B10B980460BDE847
:10CCF000F09F000010B5002407E004EB84010F4A08
:10CD000002EB810007F04FF9641C382CF5D30C4876
:10CD100007F049F90B4807F046F90B4807F043F9CB
:10CD20000A4807F040F90A4807F03DF90448094964
:10CD3000086004480849086010BD0000C44D002484
:10CD400024520024385200244C5200246052002403
:10CD500074520024F0490024F449002410B501461F
:10CD6000164800E0006803688B42FBD30246436824
:10CD700013448B4204D143684C682344436001460A
:10CD80000A464B6813440468A34211D10C4C036853
:10CD90002468A34208D04B680468646823444B604D
:10CDA00003681B680B6005E0054B1B680B6001E026
:10CDB00003680B60884200D0016010BD404A002427
:10CDC000484A00242DE9F04104460D4616461F4608
:10CDD0004FF0000865602461B5420CD8F01BA169D2
:10CDE000884202D34FF0010811E0211D0948006874
:10CDF00007F0E9F80BE0BE4204D2BD4202D34FF087
:10CE0000010804E0211D0448006807F0DCF84046F2
:10CE1000BDE8F0812C4A0024284A002470B505465C
:10CE200007F0F8F8A86B08B9012400E0002407F027
:10CE30001BF9204670BD70B5054607F0EBF8A86BEE
:10CE4000E96B884201D1012400E0002407F00CF9CD
:10CE5000204670BDF8B505460F461A480068C06800
:10CE6000C468201D07F072F894F8280000F0040050
:10CE7000E8B1A06941192B463A462046FFF7A2FFC8
:10CE8000D8B1002003462A4601460090204608F00B
:10CE900045FD064656B900BF502080F31188BFF308
:10CEA0004F8FBFF36F8F00BF00BFFEE705E094F820
:10CEB000280020F0010084F828002046216A8847D5
:10CEC000F8BD0000284A0024F0B587B0A0E0039820
:10CED000002811DA04AE56B900BF502080F3118843
:10CEE000BFF34F8FBFF36F8F00BF00BFFEE7D6E9E0
:10CEF0000020B168904700BF03980028E6DB059C3E
:10CF0000606908B9012000E0002010B9201D07F079
:10CF10001DF802A800F0DEF8054603980A2875D22D
:10CF2000DFE800F009050739416306083A4200BF0F
:10CF300000BF00BF00BF94F8280040F0010084F853
:10CF400028000498A269811803462A462046FFF764
:10CF500039FFF8B12046216A884794F8280000F08C
:10CF60000400B8B1002000900498A1694218002381
:10CF70001946204608F0D2FC074657B900BF50209A
:10CF800080F31188BFF34F8FBFF36F8F00BF00BFD7
:10CF9000FEE700BF3BE000BF94F8280020F001004E
:10CFA00084F8280033E000BF94F8280040F0010026
:10CFB00084F828000498A061A06908B1012000E06D
:10CFC000002050B900BF502080F31188BFF34F8F6D
:10CFD000BFF36F8F00BF00BFFEE7A06941192B466A
:10CFE0002A462046FFF7EEFE11E094F8280000F0F4
:10CFF000020018B9204607F055F805E094F828001B
:10D0000020F0010084F8280001E0FFE700BF00BF26
:10D01000002203A90448006807F016FF00287FF4E7
:10D0200056AF07B0F0BD0000304A0024F8B5054601
:10D030000C4607F087FA684600F04CF80646009860
:10D0400020BB44B9B54206D808F0AAFB31462846B1
:10D05000FFF700FF1CE03CB10E480068006808B90B
:10D06000012000E000200446A91B22460A4800686F
:10D0700007F002F908F094FB50B94FF080500749CF
:10D080000860BFF34F8FBFF36F8F01E008F088FB9C
:10D09000F8BD00002C4A0024304A002404ED00E0D2
:10D0A0000A490968096809B9012100E0002121B194
:10D0B0004FF0FF31064A116006E004490968C9686B
:10D0C000C868034A4168116070470000F0490024B5
:10D0D0001C4A002470B5044608F0C0F9054607480C
:10D0E0000068854204D200F00BF80120206001E0C6
:10D0F0000020206001480560284670BD384A0024A1
:10D100002DE9F84334E025480068C06805682348E5
:10D110000068C068C468201D06F018FF2046216A18
:10D12000884794F8280000F0040008B3A069461965
:10D13000AE4207D966602461211D1848006806F0D8
:10D1400042FF15E0002003462A4601460090204693
:10D1500008F0E4FB074657B900BF502080F3118860
:10D16000BFF34F8FBFF36F8F00BF00BFFEE700BF5D
:10D170000A480068006808B9012000E00020002883
:10D18000C1D00648D0F8008005480068034908600F
:10D190000348C0F80080BDE8F8830000284A002456
:10D1A0002C4A00240E480068401C08B9012000E009
:10D1B000002050B900BF502080F31188BFF34F8F7B
:10D1C000BFF36F8F00BF00BFFEE700BF502080F3AA
:10D1D0001188BFF34F8FBFF36F8F00BF00BFFEE713
:10D1E000604A002408B500BF6846FFF797FC044674
:10D1F00020460099FFF71AFFFFF766FEF4E770B5C7
:10D20000044606F007FF94F9455010E0606A08B93B
:10D21000012000E0002038B904F1240008F074FA7D
:10D2200018B107F089F800E003E0681E45B2002D50
:10D23000ECDC00BFFF2084F8450006F015FF06F087
:10D24000E9FE94F9445010E0206908B9012000E09B
:10D25000002048B904F1100008F056FA08B107F0B0
:10D260006BF8681E45B200E001E0002DECDC00BF69
:10D27000FF2084F8440006F0F7FE70BD0146024826
:10D2800000680844704700007C4A00242DE9F04102
:10D2900004464FF0000807F055F94948006808B9FE
:10D2A000FFF750FC474800682040002870D1D4B1F7
:10D2B000083404F00700B0B104F00700C0F1080022
:10D2C000044404F0070008B9012000E0002050B930
:10D2D00000BF502080F31188BFF34F8FBFF36F8FD3
:10D2E00000BF00BFFEE7002C52D0374800688442E0
:10D2F0004ED8364E3046056801E02E462D686868E7
:10D30000A04202D228680028F7D12D480068854243
:10D310003ED0306800F10808286830606868001B5B
:10D32000102819D92F1907F0070008B9012000E0CB
:10D33000002050B900BF502080F31188BFF34F8FF9
:10D34000BFF36F8F00BF00BFFEE76868001B786007
:10D350006C603846FFF702FD1B4968680968081AC7
:10D36000194908600846006819490968884203D2CB
:10D37000154800681649086012496868096808433A
:10D3800068600020286013480068401C114908604C
:10D3900008F006FA08F0070008B9012000E00020B4
:10D3A00050B900BF502080F31188BFF34F8FBFF3F7
:10D3B0006F8F00BF00BFFEE74046BDE8F081000070
:10D3C000484A00245C4A00244C4A0024404A002475
:10D3D000504A0024544A00240648006830B10549E8
:10D3E000096801F15400496D491C01600148006859
:10D3F00070470000EC490024001F4FF08073036069
:10D40000001F21F001030360001F054B0360143867
:10D410000260001F6FF002030360203870470000B5
:10D42000A5D100082DE9F041044688461546FDF7D0
:10D4300020FE07467DB12B46002241462068FDF7BD
:10D440006BFE064626B9FDF714FEC01BBDE8F08151
:10D450004FF0FF30FAE74FF0FF33002241462068DB
:10D46000FDF75AFEFDF705FEC01BEFE710B54FF0C4
:10D47000FF3103480068FDF71FFF012010BD0000C9
:10D48000384B002410B5044602480068FDF79EFFA3
:10D4900010BD0000384B00242DE9F04100F071F878
:10D4A000074600BF0F4804680CB9BDE8F08160680A
:10D4B000381AB0F1004F01D3012000E0002000B184
:10D4C000F3E7084920680860A568E66806496068CF
:10D4D000086021460A20FDF739F80DB13046A8470B
:10D4E000E0E70000144B0024184B002410B5002086
:10D4F000FDF713FF0149086010BD0000384B002400
:10D5000070B504460D46002204212846FDF744FE6E
:10D510002060206810B94FF0FF3070BD0020FCE79C
:10D5200073B5054600231A4601A92868FDF782FE57
:10D5300008B9002401E04FF0FF3420467CBD0146CD
:10D54000086808B9002070470120FCE710B50446C0
:10D550004FF0FF312068FDF7AFFE10BD10B5044657
:10D560000020FDF7DAFE2060206810B94FF0FF3090
:10D5700010BD0020FCE710B504462068FDF726FF2B
:10D5800010BD10B5F5F73CF810BD2DE9F0418AB09B
:10D5900004460D4616461F46DDF84080242101A8AA
:10D5A000F2F767FF01940697CDF81C8001AA314677
:10D5B0002846FDF7FDFF0AB0BDE8F0812DE9F041F6
:10D5C00004460E46174600BFB4F1804F08D300BF93
:10D5D00009A340F2291215A122A0F9F72BF900BFE7
:10D5E00000BFFFF7CEFF05193A463146284600F046
:10D5F0004DF8BDE8F08100002E2E2F4D6964646C5B
:10D600006577617265732F54686972645F506172E7
:10D6100074792F4C7749502F7372632F636F726543
:10D620002F74696D656F7574732E630054696D6531
:10D630006F75742074696D6520746F6F206C6F6EE8
:10D64000672C206D6178206973204C5749505F55D5
:10D65000494E5433325F4D41582F34206D7365630A
:10D6600073000000417373657274696F6E20222528
:10D670007322206661696C6564206174206C696E38
:10D680006520256420696E2025730A002DE9F0418C
:10D6900006460F4690460A20FDF726F80446002C61
:10D6A0000CD100BF07D100BF20A3BE222CA13CA0FB
:10D6B000F9F7C0F800BF00BFBDE8F081002020608E
:10D6C000A760C4F80C8066603F48006810B93E4807
:10D6D0000460F1E73C49606809684968401AB0F1A4
:10D6E000004F01D3012000E0002028B13648006837
:10D6F00020603548046017E03348056811E0286869
:10D7000050B1606829684968401AB0F1004F01D3F0
:10D71000012000E0002018B1286820602C6002E0A1
:10D720002D68002DEBD100BF00BFC5E72E2E2F4D79
:10D730006964646C6577617265732F54686972649B
:10D740005F50617274792F4C7749502F7372632F39
:10D75000636F72652F74696D656F7574732E6300E6
:10D760007379735F74696D656F75743A2074696D50
:10D77000656F757420213D204E554C4C2C20706FE8
:10D780006F6C204D454D505F5359535F54494D4583
:10D790004F555420697320656D7074790000000046
:10D7A000417373657274696F6E202225732220663F
:10D7B00061696C6564206174206C696E6520256404
:10D7C00020696E2025730A00144B002410B5012433
:10D7D00008E0064901EBC40251F834000449FFF7A0
:10D7E000EDFE641C032CF4D310BD00007C5B01082B
:10D7F000C999000870B51548006810B94FF0FF309E
:10D8000070BDFFF7BEFE0446104800684068001B6C
:10D81000B0F1004F01D3012000E0002008B100204A
:10D82000EEE70A4800684068051B00BFB5F1004FED
:10D8300008D300BF06A34FF4DC7212A116A0F8F7BC
:10D84000F9FF00BF00BF2846DAE70000144B0024B0
:10D850002E2E2F4D6964646C6577617265732F5449
:10D86000686972645F50617274792F4C7749502FE8
:10D870007372632F636F72652F74696D656F757452
:10D88000732E6300696E76616C696420736C6565E4
:10D890007074696D65000000417373657274696F1F
:10D8A0006E2022257322206661696C656420617494
:10D8B000206C696E6520256420696E2025730A003E
:10D8C0002DE9FF5F04460E4600BF002C0AD100BFC1
:10D8D00042A340F23D224DA153A0F8F7ABFF00BF99
:10D8E000BDE8FF9F00BF00BF207D012808D100BF19
:10D8F0003AA34FF4107256A14BA0F8F79BFF00BF5C
:10D9000000BF207D0A2807D121465E4802F068FE4C
:10D91000204600F0FBFD5FE04FF0000AD346276D84
:10D92000D4F82480D4F89050D4F81090207DE8B931
:10D93000E08A38B300BF54480068A04205D152487D
:10D940000068C068504908600DE04F49086806E06B
:10D95000C168A14202D1E168C16002E0C06800284C
:10D96000F6D100BF00BF0020E0600BE0B246B4F883
:10D9700016B000BF2146454802F032FE012044495E
:10D98000087000BF206F10B1206F04F028FEE06E19
:10D9900010B1E06E04F023FE606F10B1606F04F010
:10D9A0001EFEBAF1000F0AD0208B211D23464246ED
:10D9B000CDE9001B02903946204604F015FD207D7C
:10D9C0000390204600F0A2FD00BF1DB16FF00C01D6
:10D9D0004846A84700BF00BF00BF81E72E2E2F4D4D
:10D9E0006964646C6577617265732F5468697264E9
:10D9F0005F50617274792F4C7749502F7372632F87
:10DA0000636F72652F7463702E6300007463705FC0
:10DA10006162616E646F6E3A20696E76616C6964F2
:10DA20002070636200000000417373657274696F57
:10DA30006E2022257322206661696C656420617402
:10DA4000206C696E6520256420696E2025730A00AC
:10DA5000646F6E27742063616C6C207463705F6107
:10DA6000626F72742F7463705F6162616E646F6E57
:10DA700020666F72206C697374656E2D70636273BB
:10DA800000000000E04A0024D44A0024DC4A0024BC
:10DA9000E44A002410B5044601212046FFF710FF98
:10DAA00010BD000070B505460120FCF71DFE0446C0
:10DAB0001CBB00F09FFE01F04DFC0120FCF714FEA2
:10DAC0000446CCB9092001F0DDFB0120FCF70CFE77
:10DAD000044684B9082001F0D5FB0120FCF704FEC0
:10DAE00004463CB9284601F099FB0120FCF7FCFDF7
:10DAF000044600BF00BF00BF00BF44B39C212046C6
:10DB0000F2F7B7FC0C3465724FF48660A4F8580045
:10DB10004000E083A083FF2004F8010C4FF406705E
:10DB2000E0840620A0866086C01FA0840120A08714
:10DB300008480068606108480078A0744FF4866067
:10DB4000E0870648A0670648C4F888000C3C2046D9
:10DB500070BD0000D04A0024E64A0024AD1C010834
:10DB600000DD6D0010B5044600BF002C0BD100BFD6
:10DB70000CA34FF4F47217A11CA0F8F75BFE00BFD2
:10DB80006FF00F0010BD00BF207D012805D000BF41
:10DB9000608B40F01000608300BF0121204600F040
:10DBA00039F8EFE72E2E2F4D6964646C657761724A
:10DBB00065732F54686972645F50617274792F4C79
:10DBC0007749502F7372632F636F72652F74637080
:10DBD0002E6300007463705F636C6F73653A206935
:10DBE0006E76616C696420706362000041737365D6
:10DBF0007274696F6E2022257322206661696C65DC
:10DC000064206174206C696E6520256420696E2033
:10DC100025730A003EB504460D4600BF002C08D10E
:10DC200000BF55A34FF4AF725FA167A0F8F702FEE3
:10DC300000BF00BF002D56D0207D042802D0207DDB
:10DC4000072850D1A06F18B9208DB0F5066F4AD0C3
:10DC500000BFA07E00F0100040B900BF46A34FF403
:10DC6000B27263A158A0F8F7E5FD00BF00BF208B9A
:10DC7000E18A221DCDE90021029023462046626AF6
:10DC8000216D04F0B1FB204602F03CFC00BF00BF58
:10DC90005E480068A04205D15C480068C0685B49E6
:10DCA00008600DE05949086806E0C168A14202D148
:10DCB000E168C16002E0C0680028F6D100BF00BF83
:10DCC0000020E06000BF01205149087000BF5148AA
:10DCD0000068A04202D105F071FB02E0204600F08E
:10DCE00015FC00203EBD207D20B1012824D0022853
:10DCF0003AD12CE0E08AD8B100BF47480068A04282
:10DD000005D145480068C068434908600DE04249B4
:10DD1000086806E0C168A14202D1E168C16002E082
:10DD2000C0680028F6D100BF00BF0020E06000BF3F
:10DD3000204600F0EBFB1BE0204601F029FB2146CA
:10DD4000364802F04DFC204600F0D8FC10E000BF41
:10DD500021462E4802F044FC01202D49087000BFE6
:10DD6000204600F0D3FB03E0204600F059F8B9E765
:10DD700000BF0020B6E700002E2E2F4D6964646CB2
:10DD80006577617265732F54686972645F50617260
:10DD900074792F4C7749502F7372632F636F7265BC
:10DDA0002F7463702E6300007463705F636C6F7315
:10DDB000655F73687574646F776E3A20696E76611B
:10DDC0006C69642070636200417373657274696F7B
:10DDD0006E2022257322206661696C65642061745F
:10DDE000206C696E6520256420696E2025730A0009
:10DDF0007063622D3E666C61677320262054465F17
:10DE00005258434C4F53454400000000DC4A002464
:10DE1000E44A0024104B0024D44A0024D84A0024A9
:10DE200070B5054600BF45B900BF1EA34FF4CE72C2
:10DE300028A12BA0F8F7FEFC00BF00BF287D032817
:10DE400004D004280AD0072818D10FE0284604F08F
:10DE500073FC04460CB90520287511E0284604F02F
:10DE60006BFC04460CB90520287509E0284604F02F
:10DE700063FC04460CB90920287501E0002070BD40
:10DE800000BF1CB9284601F063FD09E0601C38B9E9
:10DE900000BF688B40F00800688300BF0020EEE7F9
:10DEA0002046ECE72E2E2F4D6964646C6577617215
:10DEB00065732F54686972645F50617274792F4C76
:10DEC0007749502F7372632F636F72652F7463707D
:10DED0002E63000070636220213D204E554C4C00A3
:10DEE000417373657274696F6E20222573222066F8
:10DEF00061696C6564206174206C696E65202564BD
:10DF000020696E2025730A002DE9F05F80460D46DA
:10DF100091469A460A9F00BFB8F1000F07D100BF93
:10DF200040A3A3224CA154A0F8F784FC00BF00BF7B
:10DF300000BF002D07D100BF3AA3A42258A14EA0D4
:10DF4000F8F778FC00BF00BF07F0010008B104201B
:10DF500000E0002007F0020109B1002100E00021EB
:10DF6000084407F0080109B1002100E0002108443D
:10DF700007F0100109B1002100E00021461803203C
:10DF8000FCF7B2FB041E05D12846FEF77FF80020FF
:10DF9000BDE8F09FA77200202060656000BF28895F
:10DFA000B04207DA00BF1FA3B02246A132A0F8F7A3
:10DFB00041FC00BF00BF2889801B20811421284616
:10DFC000FDF752FB20B1204604F0FCFA0020DFE709
:10DFD00060684068E060B8F81600FBF72AFDE16869
:10DFE0000880B8F81800FBF724FDE1684880504627
:10DFF000FBF712FDE1684860B346F11706EB91713B
:10E000008910491D4FF6FF7202EA013141EA090009
:10E01000FBF70FFDE16888810020E1684882204617
:10E02000B6E700002E2E2F4D6964646C657761722F
:10E0300065732F54686972645F50617274792F4CF4
:10E040007749502F7372632F636F72652F746370FB
:10E050005F6F75742E6300007463705F6372656137
:10E0600074655F7365676D656E743A20696E76617D
:10E070006C69642070636200417373657274696FC8
:10E080006E2022257322206661696C6564206174AC
:10E09000206C696E6520256420696E2025730A0056
:10E0A0007463705F6372656174655F7365676D65E6
:10E0B0006E743A20696E76616C6964207062756670
:10E0C00000000000702D3E746F745F6C656E203E22
:10E0D0003D206F70746C656E000000002DE9F0410A
:10E0E00006460D46174600BF002F08D100BF10A3FB
:10E0F00040F6C5021AA124A0F8F79CFB00BF00BFA0
:10E1000015B93046BDE8F081AC8C74B1282084424A
:10E1100002DD211A89B200E000218846464501DA75
:10E12000314600E041460E4600BF3046EAE70000B7
:10E130002E2E2F4D6964646C6577617265732F5460
:10E14000686972645F50617274792F4C7749502FFF
:10E150007372632F636F72652F7463702E63000098
:10E160007463705F6566665F73656E645F6D73731D
:10E170005F6E657469663A20696E76616C696420C9
:10E180006473745F69700000417373657274696FC2
:10E190006E2022257322206661696C65642061749B
:10E1A000206C696E6520256420696E2025730A0045
:10E1B0002DE9F84304460D460027B94600BF05F097
:10E1C000030040B900BF60A340F211426B496CA04C
:10E1D000F8F730FB00BF00BF00BF002C08D100BF24
:10E1E00059A340F2134270A165A0F8F723FB00BFCA
:10E1F00000BF05F0020000B1012707F0010008B1DF
:10E20000042000E0002007F0020109B1002100E035
:10E210000021084407F0080109B1002100E00021B5
:10E22000084407F0100109B1002100E0002100EBD3
:10E2300001094FF4207249463620FDF793FAB0F1F8
:10E24000000809D100BF608B40F08000608300BFF0
:10E250004FF0FF30BDE8F88300BFB8F80A0048452A
:10E2600008DA00BF38A340F2394257A144A0F8F7BA
:10E27000E1FA00BF00BF00972A4641462046E36D01
:10E28000FFF742FE061E07D100BF608B40F0800002
:10E29000608300BF701EDDE700BF307B00F003002D
:10E2A00040B100BF28A340F2424256A134A0F8F783
:10E2B000C1FA00BF00BF00BF308940B100BF22A338
:10E2C00040F2434255A12EA0F8F7B4FA00BF00BFB8
:10E2D000E06E08B9E66607E0E06E00E000680168FD
:10E2E0000029FBD1066000BF0020A4F8680005F0FB
:10E2F000020010B905F0010010B1E06D401CE065AE
:10E3000005F0010028B100BF608B40F02000608361
:10E3100000BF7068FDF7A4FC34F8661F0844208035
:10E3200034F8660970B100BF206F50B9E06E40B993
:10E3300000BF05A340F2654243A111A0F8F77AFAA5
:10E3400000BF00BF002085E72E2E2F4D6964646C4E
:10E350006577617265732F54686972645F5061728A
:10E3600074792F4C7749502F7372632F636F7265E6
:10E370002F7463705F6F75742E630000805C0108FA
:10E38000417373657274696F6E2022257322206653
:10E3900061696C6564206174206C696E6520256418
:10E3A00020696E2025730A007463705F656E717555
:10E3B0006575655F666C6167733A20696E76616C3E
:10E3C00069642070636200007463705F656E7175CC
:10E3D0006575655F666C6167733A20636865636B3A
:10E3E0002074686174206669727374207062756647
:10E3F0002063616E20686F6C64206F70746C656E52
:10E40000000000007365672D3E74637068647220BD
:10E410006E6F7420616C69676E6564007463705F11
:10E42000656E71756575655F666C6167733A2069C5
:10E430006E76616C6964207365676D656E74206CBF
:10E44000656E6774680000007463705F656E717557
:10E450006575655F666C6167733A20696E76616C9D
:10E460006964207175657565206C656E67746800F8
:10E4700070B523480078401C2149087000BF21482E
:10E48000046839E0A07F1E490978884233D01C48CF
:10E490000078A077A07E00F0010078B100BF608B0B
:10E4A00040F00200608300BF204601F051FA00BF37
:10E4B000608B4FF6FC710840608300BFA07E00F0C7
:10E4C000080048B100BF608B4FF6F77108406083C9
:10E4D00000BF2046FFF7A4FCE568A06F48B100200C
:10E4E00009490870204602F009FD0748007800B18C
:10E4F000C5E72C4600E0E468002CC3D170BD0000E5
:10E50000E64A0024DC4A0024E44A002410B504460C
:10E5100000BF207D012807D100BF06A3D42211A18E
:10E5200015A0F8F787F900BF00BF21460120FCF7CE
:10E530000DF810BD2E2E2F4D6964646C65776172E5
:10E5400065732F54686972645F50617274792F4CDF
:10E550007749502F7372632F636F72652F746370E6
:10E560002E6300007463705F667265653A204C49E3
:10E570005354454E00000000417373657274696F17
:10E580006E2022257322206661696C6564206174A7
:10E59000206C696E6520256420696E2025730A0051
:10E5A0002DE9F04705460C469146984635E026464B
:10E5B00024687068FDF754FB074600BFB5F8660095
:10E5C000B84208DA00BF22A340F257422DA137A07B
:10E5D000F8F730F900BF00BF35F8660FC01B288080
:10E5E00030893C49098808443A490880304603F09C
:10E5F000E9FF35F8660900280FD000BF002C0BD1C9
:10E60000B8F1000F08D100BF11A340F2614232A15E
:10E6100026A0F8F70FF900BF00BFB4B1E168486861
:10E62000FBF7FAF98246E1688889FBF702FA00F005
:10E63000030008B1012000E0002021890844504473
:10E640002D490968401A0028B1DD2046BDE8F08751
:10E650002E2E2F4D6964646C6577617265732F543B
:10E66000686972645F50617274792F4C7749502FDA
:10E670007372632F636F72652F7463705F696E2EA0
:10E68000630000007063622D3E736E645F71756598
:10E6900075656C656E203E3D20706275665F636CCB
:10E6A000656E286E6578742D3E7029004173736520
:10E6B0007274696F6E2022257322206661696C6511
:10E6C00064206174206C696E6520256420696E2069
:10E6D00025730A00044B00247463705F72656365E0
:10E6E0006976653A2076616C696420717565756537
:10E6F000206C656E67746800004B002410B50446FA
:10E7000000BF207D012807D100BF06A3DF2211A191
:10E7100017A0F8F78FF800BF00BF21460220FBF7D3
:10E7200015FF10BD2E2E2F4D6964646C65776172E4
:10E7300065732F54686972645F50617274792F4CED
:10E740007749502F7372632F636F72652F746370F4
:10E750002E6300007463705F667265655F6C697339
:10E7600074656E3A20214C495354454E0000000018
:10E77000417373657274696F6E202225732220665F
:10E7800061696C6564206174206C696E6520256424
:10E7900020696E2025730A0010B50446606F20B111
:10E7A000606F03F01CFF0020606710BD0D480188FA
:10E7B0000088401C0B4A10800B48006818B10B48B9
:10E7C0000088814205DA0A48006800F11402505CB2
:10E7D000704706480078081AC2B203480068805C97
:10E7E000F6E70000F84A0024F44A0024F24A002424
:10E7F000EC4A002470B50B48046810E0E568A07E80
:10E8000000F0080048B100BF608B4FF6F771084078
:10E81000608300BF2046FFF703FB2C4600BF002C9F
:10E82000ECD170BDDC4A002410B5F1F7E9FDC0F36E
:10E830000D0000F540400149088010BDCC4A00247D
:10E840002DE9FE4F05468B4600BF002D07D100BFC6
:10E85000E2A38322EEA1F4A0F7F7ECFF00BF00BF14
:10E86000FB49686808606889142800DAC8E3F94A37
:10E8700011685069F9F7E6FD28B9F648007D00F007
:10E88000F000E02800D1BBE3F14909688889FBF773
:10E89000D0F800138700142F02DB2889B84200DA71
:10E8A000AEE3A7F11400EC4908800020EB490860B2
:10E8B0006889B84208DBE8480088E9490880394699
:10E8C0002846FDF745FE4AE000BF286838B900BF7A
:10E8D000C2A3C222E3A1D4A0F7F7ACFF00BF00BFE0
:10E8E00014212846FDF734FE6889DD490880DA489E
:10E8F00000880988401A1FFA80FAD94801882846FA
:10E90000FDF726FE28684089504500DA78E328683C
:10E910004068D249086051462868FDF719FE2889E9
:10E92000A0EB0A00288100BF688938B100BFABA303
:10E93000DF22D0A1BCA0F7F77DFF00BF00BF00BF62
:10E94000288929680989884207D000BFA3A3E0224B
:10E95000CBA1B5A0F7F76EFF00BF00BF00BFBC4959
:10E9600009680888FBF765F8B94909680880B8495B
:10E9700009684888FBF75DF8B54909684880B449DB
:10E9800009684868FBF748F8B14909684860C44914
:10E990000860AF4909688868FBF73EF8AC49096828
:10E9A0008860C0490860AA490968C889FBF741F82E
:10E9B000A7490968C881A64909688889FBF739F819
:10E9C00000F03F00B84908702889B8490880B64867
:10E9D000007800F0030040B108460088401C088021
:10E9E00028890988884200DD0AE34FF00009B04811
:10E9F000046873E000BF207D38B900BF77A3FB2215
:10EA0000ACA189A0F7F716FF00BF00BF00BF207DB3
:10EA10000A2807D100BF71A3FC22B0A182A0F7F79A
:10EA200009FF00BF00BF00BF207D012807D100BF44
:10EA30006AA3FD22B4A17CA0F7F7FCFE00BF00BFD3
:10EA4000207A50B1217A8348406890F83000401C09
:10EA5000C0B2814201D0A1463FE0208B7C490968C9
:10EA60000988884237D1E08A79490968498888420B
:10EA700031D178496068096988422CD1754920688C
:10EA80004969884227D100BFE068A04208D100BF91
:10EA900052A340F20D12A6A163A0F7F7CBFE00BF70
:10EAA00000BFB9F1000F07D0E068C9F80C0080483A
:10EAB0000068E0607E48046000BFE068A04208D1C2
:10EAC00000BF46A340F21512A4A157A0F7F7B2FE6B
:10EAD00000BF00BF04E0A14600BFE468002C89D15C
:10EAE00000BF002C78D1A848046839E000BF207D21
:10EAF0000A2808D000BF39A340F21F12A3A14AA0E0
:10EB0000F7F798FE00BF00BF207A48B1217A51483C
:10EB1000406890F83000401CC0B2814200D01EE036
:10EB2000208B4B4909680988884217D1E08A4849F7
:10EB300009684988884211D1464960680969884254
:10EB40000CD1444920684969884207D1204604F025
:10EB500081FB2846FDF79AFABDE8FE8F00BFE46806
:10EB6000002CC3D1A146954806681FE0307A50B109
:10EB7000317A3848406890F83000401CC0B2814279
:10EB800001D0B14611E0F08A3149096849888842CC
:10EB900009D1304930684969884200D108E00EB196
:10EBA000306800B904E0B14600BFF668002EDDD140
:10EBB00000BF8EB1B9F1000F07D0F068C9F80C00A2
:10EBC0007E480068F0607D480660304600F04AFCF0
:10EBD0002846FDF75BFABFE7F2E000002E2E2F4D2E
:10EBE0006964646C6577617265732F5468697264D7
:10EBF0005F50617274792F4C7749502F7372632F75
:10EC0000636F72652F7463705F696E2E630000001E
:10EC10007463705F696E7075743A20696E76616CAA
:10EC20006964207062756600417373657274696F00
:10EC30006E2022257322206661696C6564206174F0
:10EC4000206C696E6520256420696E2025730A009A
:10EC5000EC4A002460960024F04A0024F44A002480
:10EC6000F24A0024702D3E6E65787420213D204EBE
:10EC7000554C4C00702D3E6C656E203D3D203000A3
:10EC8000702D3E746F745F6C656E203D3D20702D5D
:10EC90003E6E6578742D3E746F745F6C656E000017
:10ECA000FC4A0024004B0024084B0024064B00249F
:10ECB000DC4A00247463705F696E7075743A206179
:10ECC0006374697665207063622D3E737461746548
:10ECD00020213D20434C4F53454400007463705F36
:10ECE000696E7075743A206163746976652070632B
:10ECF000622D3E737461746520213D2054494D4559
:10ED00002D574149540000007463705F696E70753F
:10ED1000743A20616374697665207063622D3E7376
:10ED20007461746520213D204C495354454E0000C8
:10ED30007463705F696E7075743A207063622D3E03
:10ED40006E65787420213D207063622028626566BC
:10ED50006F72652063616368652900007463705F8A
:10ED6000696E7075743A207063622D3E6E657874BA
:10ED700020213D20706362202861667465722063E3
:10ED80006163686529000000E04A00247463705FD5
:10ED9000696E7075743A2054494D452D5741495458
:10EDA000207063622D3E7374617465203D3D205474
:10EDB000494D452D5741495400000000D84A0024D0
:10EDC000002C73D0002091490860288908810846EA
:10EDD00045608F480068C86000208E4908608E49F1
:10EDE00008708E4908808E48007800F0080018B13D
:10EDF000687B40F001006873A06F80B1204602F08C
:10EE00007DF80D3028B1A06F48B1864800880028F1
:10EE100005DD608D10B9204603F0EEFBBCE08248B2
:10EE20000460204601F0C8FC804608F10D0000286F
:10EE300016D07948007800F0080090B100BFD4F8EF
:10EE4000900028B16FF00D01D4F890202069904710
:10EE500000BF2146754801F0C3FB2046FFF756FB73
:10EE600099E04FF000086D480088002819DD6B48D4
:10EE7000B0F800A000BFD4F8800038B15246214657
:10EE8000D4F8803020699847804601E04FF00008B0
:10EE900000BF08F10D0000B97EE000205F49088046
:10EEA00000BF204600F0D8F808B175E084E059486A
:10EEB0000068A8B300BFA06F50B100BFAFF2E42359
:10EEC0004FF4F3725AA1AFF2A020F7F7B3FC00BFE2
:10EED00000BFA07E00F0100038B14E480068FDF77A
:10EEE000D5F82046FEF7D6FD56E000BFD4F88400E2
:10EEF00048B100234749D4F884C020690A682146F4
:10EF0000E047804607E00023424821460268184651
:10EF100002F0CCFE804600BF08F10D0008B93BE0CE
:10EF200005E0B8F1000F02D03A480068A0673A48FF
:10EF3000007800F0200018B3A06F30B1A06F407BC4
:10EF400040F02000A16F48731AE0208DB0F5066FE5
:10EF500002D0208D401C208500BFD4F8840040B131
:10EF600000231A462146D4F884C02069E047804631
:10EF700001E04FF0000800BF08F10D0000B90BE000
:10EF8000002029490860204600F066F800B103E03F
:10EF9000204600F0DDFC00BF0020234908601D4929
:10EFA00008601A48406840B318494868FDF76EF891
:10EFB00000201649486020E0154909688889FAF759
:10EFC00038FD00F00400A8B9114800680088104915
:10EFD000096849881D4ACDE9002102901C48006853
:10EFE000104909884218194B1B1D1A480168002056
:10EFF00003F0FAF92846FDF749F800BF00BFABE57A
:10F000002846FDF743F800BFA6E5000004C700242A
:10F01000EC4A00240C4B0024094B0024044B002430
:10F02000084B0024064B0024104B0024DC4A00242B
:10F030007063622D3E726566757365645F646174AA
:10F0400061203D3D204E554C4C0000007096002440
:10F05000FC4A0024004B002410B5044600BF002CDD
:10F0600008D100BF13A340F25A221FA128A0F7F72E
:10F07000E1FB00BF00BF3048007800F01000B8B1DD
:10F08000A07E00F0100050B900BFD4F8900028B165
:10F090006FF00E01D4F890202069904700BF214600
:10F0A000264801F09DFA2046FFF730FA012010BDF6
:10F0B0000020FCE72E2E2F4D6964646C6577617229
:10F0C00065732F54686972645F50617274792F4C54
:10F0D0007749502F7372632F636F72652F7463705B
:10F0E0005F696E2E630000007463705F696E7075F7
:10F0F000745F64656C617965645F636C6F73653AB6
:10F1000020696E76616C69642070636200000000A3
:10F11000417373657274696F6E20222573222066B5
:10F1200061696C6564206174206C696E652025647A
:10F1300020696E2025730A00094B0024DC4A002454
:10F140002DE9F0410446002600BF002C08D100BF85
:10F1500014A340F6240220A126A0F7F76BFB00BF02
:10F1600000BF216D481EFAF757FC80464346002237
:10F170003146204600F09EFD05461DB94FF0FF3098
:10F18000BDE8F081334600222946204600F010FFFA
:10F19000231D22462946204600F08CFE07463846AD
:10F1A000EEE700002E2E2F4D6964646C6577617266
:10F1B00065732F54686972645F50617274792F4C63
:10F1C0007749502F7372632F636F72652F7463706A
:10F1D0005F6F75742E6300007463705F6B6565709C
:10F1E000616C6976653A20696E76616C696420703D
:10F1F00063620000417373657274696F6E2022252B
:10F200007322206661696C6564206174206C696E8C
:10F210006520256420696E2025730A002DE9F041E0
:10F2200007467F2F01DD7F2000E0384606460EB9F5
:10F23000BDE8F081701EC6B24FF0000800250F48EF
:10F24000046813E0607DB04208DB607DB0420CD101
:10F250000B49206A0968081A404506D30849206A04
:10F260000968A1EB00082546667DE468002CE9D119
:10F2700015B12846FEF70EFC00BFD9E7DC4A002492
:10F28000D04A00242DE9F041054600BF082D0AD0E0
:10F29000092D08D000BF13A340F2DD621DA121A0FB
:10F2A000F7F7C8FA00BF00BF002700262748046808
:10F2B0000EE0207DA8420AD12549206A0968081A73
:10F2C000B84204D32249206A09680F1A2646E46826
:10F2D000002CEED11EB100213046FEF7F1FABDE858
:10F2E000F08100002E2E2F4D6964646C6577617289
:10F2F00065732F54686972645F50617274792F4C22
:10F300007749502F7372632F636F72652F74637028
:10F310002E630000696E76616C6964207374617499
:10F3200065000000417373657274696F6E20222559
:10F330007322206661696C6564206174206C696E5B
:10F340006520256420696E2025730A00DC4A0024AC
:10F35000D04A002470B5002600250B4804680BE055
:10F360000A49206A0968081AB04204D30749206A8A
:10F3700009680E1A2546E468002CF1D115B128461B
:10F38000FEF788FB70BD0000E04A0024D04A00244C
:10F3900070B5044600BF44B900BF12A340F2111279
:10F3A0001CA11FA0F7F746FA00BF00BF00BF207DD9
:10F3B000012808D000BF0BA34FF4897222A118A026
:10F3C000F7F738FA00BF00BF012507E0244951F8DC
:10F3D00025100868214602F059FD6D1C042DF5D357
:10F3E00070BD00002E2E2F4D6964646C65776172CC
:10F3F00065732F54686972645F50617274792F4C21
:10F400007749502F7372632F636F72652F74637027
:10F410002E63000070636220213D204E554C4C004D
:10F42000417373657274696F6E20222573222066A2
:10F4300061696C6564206174206C696E6520256467
:10F4400020696E2025730A007063622D3E7374611B
:10F450007465203D3D204C495354454E000000004A
:10F460006C5B01082DE9FE4305465448007800F026
:10F47000040008B1BDE8FE8300BF002D08D100BF25
:10F480004FA340F281225BA162A0F7F7D3F900BF3E
:10F4900000BF4A48007800F01000B0B1674800682B
:10F4A0000088664909684988654ACDE900210290CB
:10F4B00064480068644909884218614B1B1D634811
:10F4C0000168284602F090FF75E03C48007800F0A3
:10F4D000020000286FD0687DFEF7E4FA044674B994
:10F4E00000BFA86938B14FF0FF320021AB6928692D
:10F4F0009847804601E06FF00F0800BFBAE7504818
:10F500001038406920604E48103800696060E88A11
:10F51000E0824A480068008820830320207549481B
:10F520000068401C6062606AE062204600F022F9D8
:10F530000646A66526656664E66542480068401E84
:10F54000606528692061E567687A00F00C006072E8
:10F55000287A207200BF00BF3D480068E0603C4848
:10F56000046003F05BFE00BF01203A49087000BF51
:10F57000204600F02FFF31480068C08924F8600F52
:10F5800020886080603C201DF9F73AFC8046608E40
:10F59000221D4146FEF7A2FD608612212046FEF79D
:10F5A00007FE074627B100212046FEF789F961E7EB
:10F5B000204600F0CDF900BF5CE70000084B0024B6
:10F5C0002E2E2F4D6964646C6577617265732F54BC
:10F5D000686972645F50617274792F4C7749502F5B
:10F5E0007372632F636F72652F7463705F696E2E21
:10F5F000630000007463705F6C697374656E5F69AB
:10F600006E7075743A20696E76616C6964207063FF
:10F6100062000000417373657274696F6E20222569
:10F620007322206661696C6564206174206C696E68
:10F630006520256420696E2025730A00EC4A0024A9
:10F6400070960024FC4A0024064B0024004B002442
:10F65000DC4A0024E44A002470B506460D46D6B1C3
:10F660003068C0B10C480168304600F01BF80B4808
:10F670000168304600F016F86DB1286858B10848A6
:10F68000046806E020683168884201D1286820605B
:10F69000E468002CF6D170BDDC4A0024D44A002472
:10F6A000D84A00242DE9F04105460E46344600BFF5
:10F6B000002D08D100BF0CA34FF4106216A123A0A7
:10F6C000F7F7B8F800BF00BF0AE020682968884251
:10F6D00005D1E7682046FEF7DDF93C4600E0E46826
:10F6E000002CF2D1BDE8F0812E2E2F4D6964646CA0
:10F6F0006577617265732F54686972645F506172D7
:10F7000074792F4C7749502F7372632F636F726532
:10F710002F7463702E6300007463705F6E6574698C
:10F72000665F69705F616464725F6368616E67657C
:10F73000645F7063626C6973743A20696E76616CA1
:10F740006964206F6C645F61646472004173736507
:10F750007274696F6E2022257322206661696C6560
:10F7600064206174206C696E6520256420696E20B8
:10F7700025730A0010B5044600BF002C08D100BF55
:10F7800009A340F6AF0214A11AA0F7F753F800BF7F
:10F7900000BF224800682249096808441F490860E0
:10F7A0000846006810BD00002E2E2F4D6964646C61
:10F7B0006577617265732F54686972645F50617216
:10F7C00074792F4C7749502F7372632F636F726572
:10F7D0002F7463702E6300007463705F6E657874BD
:10F7E0005F6973733A20696E76616C696420706337
:10F7F00062000000417373657274696F6E20222588
:10F800007322206661696C6564206174206C696E86
:10F810006520256420696E2025730A00E84A0024CB
:10F82000D04A002470B505460C4600BF002D08D113
:10F8300000BF25A340F21F4230A13AA0F6F7FAFF1D
:10F8400000BF00BFE9688889FAF7F3F800F001000B
:10F8500020B1204602F0C3FE002433E013E0E1684B
:10F860008889FAF7E6F800F0010038B10120FAF7CC
:10F87000E0F8E96889890843E968888126462468B0
:10F88000304602F09FFE4CB1E06840682189084490
:10F8900029892E4A12681144081AE0D594B12889A2
:10F8A0002A4909680844E1684968401A002809DDC6
:10F8B000E068808825490988401A28812989686874
:10F8C000FCF740FD2C6070BD2E2E2F4D6964646CDA
:10F8D0006577617265732F54686972645F506172F5
:10F8E00074792F4C7749502F7372632F636F726551
:10F8F0002F7463705F696E2E630000007463705F25
:10F900006F6F735F696E736572745F7365676D6542
:10F910006E743A20696E76616C6964206373656702
:10F9200000000000417373657274696F6E202225B8
:10F930007322206661696C6564206174206C696E55
:10F940006520256420696E2025730A00FC4A002486
:10F950002DE9F84F044600BF002C08D100BFA7A333
:10F9600040F2E142B2A1B8A0F6F764FF00BF00BFC9
:10F9700000BF207D012808D100BFA0A340F2E342D0
:10F98000BBA1B1A0F6F756FF00BF00BFC248006898
:10F99000A04202D10020BDE8F88FB4F86000B4F8AE
:10F9A0004810884202DAB4F8600001E0B4F8480078
:10F9B0008146E56E45B9A07E00F0020018B12046F0
:10F9C00002F01AFEE7E710E1221D2146204602F070
:10F9D000FBFC074617B96FF00300DCE70CB12068A9
:10F9E00058B90FB1381D00E00020014611B96FF081
:10F9F0000300D0E70868206000BFE9684868FAF7AC
:10FA00000BF8616C401A29890844484519D9B4F8A3
:10FA1000600048450CD1206F50B994F8990038B96E
:10FA2000002004F8980F012060700020A070983C1E
:10FA3000A07E00F0020018B1204602F0DDFDAAE72A
:10FA4000D3E0002084F89900266F26B100E03668E4
:10FA500030680028FBD1B5E000BFE9688889F9F774
:10FA6000E8FF00F0040040B100BF64A340F236524A
:10FA70008AA175A0F6F7DEFE00BF00BF206FA0B11F
:10FA8000A07E00F0440080B9E06E38B1E06E0068FE
:10FA900058B9E06E0089618E884206DAB4F86400D5
:10FAA00018B1B4F86600092801DB012000E000204D
:10FAB00020B9A07E00F0A00000B98FE0207D0228D0
:10FAC00007D01020F9F7B5FFE96889890843E9688C
:10FAD00088813A462146284600F0FCFA00900098BA
:10FAE00038B100BF608B40F08000608300BF009899
:10FAF00051E72868E066207D022806D000BF608BB1
:10FB00004FF6FC710840608300BFE9684868F9F768
:10FB100083FF8046E9688889F9F78BFF00F00300CE
:10FB200008B1012000E000202989084408EB000A00
:10FB3000206DB0EB0A0001D5C4F850A0E9688889AF
:10FB4000F9F777FF00F0030008B1012000E0002082
:10FB50002989084488B300202860206F10B92567E0
:10FB60002E462EE0E9684868F9F756FF8046F168AE
:10FB70004868F9F751FFB8EB00001BD504F1700895
:10FB800001E0D8F80080D8F8000068B1D8F800107B
:10FB9000C9684868F9F740FF8346E9684868F9F79B
:10FBA0003BFFBBEB0000ECD4D8F800002860C8F89D
:10FBB000005006E03560366803E0FFE7284602F0B3
:10FBC00001FDE56E55B1E9684868F9F725FF616CFC
:10FBD000401A2989084448457FF63EAF00BFE06ED1
:10FBE00010B90020A4F8680000BF00BF608B4FF67A
:10FBF0007F710840608300BF0020CCE62E2E2F4D81
:10FC00006964646C6577617265732F5468697264A6
:10FC10005F50617274792F4C7749502F7372632F44
:10FC2000636F72652F7463705F6F75742E6300006D
:10FC30007463705F6F75747075743A20696E766165
:10FC40006C69642070636200417373657274696FDC
:10FC50006E2022257322206661696C6564206174C0
:10FC6000206C696E6520256420696E2025730A006A
:10FC7000646F6E27742063616C6C207463705F6FB7
:10FC8000757470757420666F72206C697374656E1C
:10FC90002D70636273000000104B002452535420F7
:10FCA0006E6F742065787065637465642068657232
:10FCB000652100002DE9FF4104460E46174698468F
:10FCC00000BF002C08D100BF10A340F242721CA15B
:10FCD00025A0F6F7AFFD00BF00BF608D1023218B7C
:10FCE000E28ACDE901130092039043463A46314639
:10FCF000606A00F04DF805461DB1618D606A0844E8
:10FD0000E062284604B0BDE8F08100002E2E2F4DA1
:10FD10006964646C6577617265732F546869726495
:10FD20005F50617274792F4C7749502F7372632F33
:10FD3000636F72652F7463705F6F75742E6300005C
:10FD40007463705F6F75747075745F616C6C6F63F2
:10FD50005F6865616465723A20696E76616C69649A
:10FD60002070636200000000417373657274696FF4
:10FD70006E2022257322206661696C65642061749F
:10FD8000206C696E6520256420696E2025730A0049
:10FD90002DE9F05F82460D4617469846DDF830B0F3
:10FDA00005F11400384481B24FF420722220FBF791
:10FDB000D9FC0646002E34D000BF718905F114002D
:10FDC000814208DA00BF18A340F2237223A12FA0BA
:10FDD000F6F730FD00BF00BF74680A98F9F729FEF6
:10FDE00020800B98F9F725FE6080C4F80480504607
:10FDF000F9F712FEA060A946E91705EB9171891089
:10FE0000491D4FF6FF7202EA013141EA0B00F9F792
:10FE100010FEA0810D98F9F70CFEE08100202082F1
:10FE200060823046BDE8F09F2E2E2F4D6964646CD1
:10FE30006577617265732F54686972645F5061728F
:10FE400074792F4C7749502F7372632F636F7265EB
:10FE50002F7463705F6F75742E6300006368656351
:10FE60006B207468617420666972737420706275A7
:10FE7000662063616E20686F6C64207374727563B2
:10FE800074207463705F686472000000417373656E
:10FE90007274696F6E2022257322206661696C6519
:10FEA00064206174206C696E6520256420696E2071
:10FEB00025730A002DE9FE4F04460E4692469B46E6
:10FEC00000BF002E08D100BF17A340F2877223A104
:10FED0002DA0F6F7AFFC00BF00BF5A4651462046A2
:10FEE00002F072FA054615B96FF0030715E024B168
:10FEF00094F80B8094F80A9003E04FF0FF084FF05D
:10FF00000009062043465A465146CDE90090029525
:10FF10003046F8F70DFD074600BF3046FCF7B6F84F
:10FF20003846BDE8FE8F00002E2E2F4D6964646CAC
:10FF30006577617265732F54686972645F5061728E
:10FF400074792F4C7749502F7372632F636F7265EA
:10FF50002F7463705F6F75742E6300007463705F3D
:10FF60006F75747075745F636F6E74726F6C5F73AE
:10FF700065676D656E743A20696E76616C696420A0
:10FF80007062756600000000417373657274696F7A
:10FF90006E2022257322206661696C65642061747D
:10FFA000206C696E6520256420696E2025730A0027
:10FFB0002DE9F04781460D4614469A464FF0000859
:10FFC00000BF002D08D100BF1CA340F2567228A12B
:10FFD00031A0F6F72FFC00BF00BF6E6806F11407D2
:10FFE00000BF384600EB880004F0010109B104218C
:10FFF00000E00021084404F0020109B1002100E002
:020000040801F1
:100000000021084404F0080109B1002100E00021AA
:10001000084404F0100109B1002100E00021084467
:10002000B84208D000BF05A340F2757224A11AA0FF
:10003000F6F700FC00BF00BFBDE8F0872E2E2F4D65
:100040006964646C6577617265732F546869726462
:100050005F50617274792F4C7749502F7372632F00
:10006000636F72652F7463705F6F75742E63000029
:100070007463705F6F75747075745F66696C6C5FC4
:100080006F7074696F6E733A20696E76616C696423
:100090002070627566000000417373657274696F49
:1000A0006E2022257322206661696C65642061746C
:1000B000206C696E6520256420696E2025730A0016
:1000C0006F7074696F6E73206E6F742066696C6CEC
:1000D000656400002DE9FE4F04460D46164600BF3C
:1000E000002C08D100BF58A34FF4B76263A16BA0E6
:1000F000F6F7A0FB00BF00BF00BF002D08D100BF76
:1001000051A340F2B9526FA164A0F6F793FB00BF70
:1001100000BF00BF002E08D100BF4BA340F2BA526F
:1001200070A15EA0F6F786FB00BF00BF204600F07E
:10013000F7F810B10020BDE8FE8F686AF9F76CFC93
:10014000E1688860688DF9F774FCE168C881698DA1
:10015000686A0844E862E06800F11407A07A00F0D9
:10016000010068B12A1D31464FF40670FDF7B6FF55
:1001700082464AF00170F9F74FFC38603F1D00BF1E
:10018000B5F93000002801DA00202886686B38B9FC
:100190005D4800686863E1684868F9F73DFCA8635A
:1001A000A08961688988401A1FFA80F860684089D0
:1001B000A0EB08006168488160680089A0EB080036
:1001C000616808816168E06848600020E168088231
:1001D00000BFE0681430A17A01F0010109B10421E7
:1001E00000E000210844A17A01F0020109B10021D8
:1001F00000E000210844A17A01F0080109B10021C2
:1002000000E000210844A17A01F0100109B10021A9
:1002100000E000210844B84208D000BF0AA340F221
:100220001C623AA11DA0F6F705FB00BF00BF062126
:10023000A87A8DE84300EB7A2A1D29466068F8F712
:1002400077FB8146484676E72E2E2F4D6964646C15
:100250006577617265732F54686972645F5061726B
:1002600074792F4C7749502F7372632F636F7265C7
:100270002F7463705F6F75742E6300007463705F1A
:100280006F75747075745F7365676D656E743A2011
:10029000696E76616C69642073656700417373658C
:1002A0007274696F6E2022257322206661696C6505
:1002B00064206174206C696E6520256420696E205D
:1002C00025730A007463705F6F75747075745F7363
:1002D00065676D656E743A20696E76616C6964203D
:1002E000706362007463705F6F75747075745F73B0
:1002F00065676D656E743A20696E76616C6964201D
:100300006E65746966000000D04A00246F707469DD
:100310006F6E73206E6F742066696C6C656400008C
:1003200010B5044600BF002C08D100BF08A340F25E
:100330009A5214A11DA0F6F77DFA00BF00BF6068B5
:10034000807B012801D0012010BD0020FCE70000C7
:100350002E2E2F4D6964646C6577617265732F541E
:10036000686972645F50617274792F4C7749502FBD
:100370007372632F636F72652F7463705F6F757430
:100380002E6300007463705F6F75747075745F73B3
:1003900065676D656E745F627573793A20696E7614
:1003A000616C6964207365670000000041737365C8
:1003B0007274696F6E2022257322206661696C65F4
:1003C00064206174206C696E6520256420696E204C
:1003D00025730A002DE9F041054600BF002D08D124
:1003E00000BF28A340F27D7233A13AA0F6F722FAAB
:1003F00000BF00BF41480088002840D0002040498D
:10040000088036E0FEF7D2F9074627B1012F04D065
:10041000022F1FD102E0BDE8F08128E0FEF7C6F907
:10042000042806D136480088801C3449098888424F
:1004300000DDF0E7FEF7BAF90602FEF7B7F906436A
:10044000B6F5067F00DC16B94FF4067000E03046C2
:1004500068860CE0FEF7AAF90446022C00DADAE717
:10046000A01E2749098808442549088000BF00BF0D
:1004700000BF23480088214909888842C2DB00BFA9
:10048000C9E700002E2E2F4D6964646C6577617298
:1004900065732F54686972645F50617274792F4C70
:1004A0007749502F7372632F636F72652F74637077
:1004B0005F696E2E630000007463705F7061727319
:1004C000656F70743A20696E76616C696420706340
:1004D00062000000417373657274696F6E2022259B
:1004E0007322206661696C6564206174206C696E9A
:1004F0006520256420696E2025730A00F04A0024D7
:10050000F84A002410B5044600BF002C09D100BFF2
:1005100016A340F6510221A127A0F6F78BF900BFE0
:1005200010BD00BF207DF8B1207D0A281CD0207DA1
:10053000012819D0A06F20B1A06FFBF7A7FD002004
:10054000A067606F10B12046FEF726F94FF0FF302C
:100550002086E06E02F043F8206F02F040F80020A1
:10056000E0662067A4F8680000BFD9E72E2E2F4D63
:100570006964646C6577617265732F54686972642D
:100580005F50617274792F4C7749502F7372632FCB
:10059000636F72652F7463702E6300007463705F05
:1005A0007063625F70757267653A20696E76616C20
:1005B0006964207063620000417373657274696FCF
:1005C0006E2022257322206661696C656420617447
:1005D000206C696E6520256420696E2025730A00F1
:1005E00070B505460C4600BF002C08D100BF3AA3E9
:1005F00040F6830244A14BA0F6F71CF900BF00BFF0
:1006000000BF002D08D100BF33A340F684024FA1E4
:1006100044A0F6F70FF900BF00BF00BF2868A04252
:1006200003D12868C06828600CE0286806E0C1682B
:10063000A14202D1E168C16002E0C0680028F6D1A1
:1006400000BF00BF0020E06000BF2046FFF75AFF58
:10065000207D0A280FD0207D01280CD0A07E00F03C
:10066000010040B100BF608B40F00200608300BF1A
:100670002046FFF76DF9207D012826D000BFE06EEF
:1006800040B100BF14A340F6930238A125A0F6F7AD
:10069000D1F800BF00BF00BF206F40B100BF0EA364
:1006A00040F6940237A11FA0F6F7C4F800BF00BFC0
:1006B00000BF606F40B100BF07A340F6960238A1AB
:1006C00018A0F6F7B7F800BF00BF00202075E08241
:1006D00000BF00BF70BD00002E2E2F4D6964646CFA
:1006E0006577617265732F54686972645F506172D7
:1006F00074792F4C7749502F7372632F636F726533
:100700002F7463702E6300007463705F7063625FA8
:1007100072656D6F76653A20696E76616C696420EA
:1007200070636200417373657274696F6E20222575
:100730007322206661696C6564206174206C696E47
:100740006520256420696E2025730A007463705F3C
:100750007063625F72656D6F76653A20696E76616F
:100760006C6964207063626C69737400756E736584
:100770006E74207365676D656E7473206C65616B54
:10078000696E6700756E61636B6564207365676D84
:10079000656E7473206C65616B696E6700000000A4
:1007A0006F6F736571207365676D656E7473206C10
:1007B00065616B696E6700002DE9FE430446002702
:1007C000002600BF002C08D100BFE5A34FF44772FC
:1007D000F0A1F7A0F6F72EF800BF00BFFE480078A2
:1007E00000F00400002845D0207D022806D1FB49F6
:1007F000206D096888421BD1012719E0F849606A19
:100800000968884201D1012712E0F549606A096848
:10081000081A0DD4218D606A0844F1490968081A44
:10082000002805DC00BF608B40F00200608300BF41
:10083000002F1DD000BF207D40B900BFC8A34FF4DA
:100840004E72E8A1DAA0F5F7F5FF00BF00BFED4852
:10085000007840F00800EB49087000BF608B4FF64D
:10086000FE710840608300BF6FF00D00BDE8FE839D
:100870000020FBE7D848007800F0020068B1207D36
:1008800002280AD0207D032807D000BF608B40F0EB
:100890000200608300BF0020E8E7A07E00F01000A7
:1008A00010B9D94800682062002084F89B0084F8C1
:1008B0009A002046FFF78EFD207D801E082875D205
:1008C000DFE800F004CDF4F3F2F1F0EFC248007875
:1008D00000F0100000286AD0BF48007800F0020045
:1008E0000028F8D0606C401CBC49096888425ED181
:1008F000BB480068401C6062606AE062B7480068FC
:100900006064C2480068C089A4F86000B4F8600060
:10091000A4F86200B2480068401E6065042020759B
:10092000201DF8F76DFA8046608E221D4146FDF7C6
:10093000D5FB6086608E8100400041F21C1290421F
:1009400002D9608E400001E041F21C10814202D2C7
:10095000608E80000AE0608E400041F21C118842E7
:1009600002D9608E400001E041F21C10A4F848005A
:1009700000BFB4F86600002808DC00BF78A34FF47D
:100980005B72A3A18AA0F5F755FF00BF00BFB4F8C2
:100990006600401EA4F86600256F95B9E56E00BF9D
:1009A0005DB900BF6EA34FF45D7201E08DE231E0EE
:1009B0009DA17FA0F5F73EFF00BF00BF2868E0665D
:1009C00001E028682067284601F0FCFD206F18B977
:1009D0004FF0FF30208603E00020208684F842009C
:1009E00000BFD4F8880038B100222146D4F88830FE
:1009F00020699847064600E0002600BF06F10D007A
:100A000010B96FF00C0031E700BF608B40F00200BE
:100A1000608323E07048007800F01000F0B17B485C
:100A200000680088794909684988844ACDE900212D
:100A300002906B4800688249098842187F4B1B1D51
:100A400066480168204601F0CFFC94F84200062871
:100A500004DA00202086204601F07AFB36E25E4868
:100A6000007800F01000002876D0606C401C5B49D4
:100A70000968081A71D45949206D0968081A0028B4
:100A80006BDC04202075E06F10B96FF0050623E0E1
:100A900000BFE06F806978B900BF31A34FF46A727C
:100AA00005E0FCE1BCE107E17CE117E105E165A1BE
:100AB0003FA0F5F7BFFE00BF00BF00BFE06F806939
:100AC00038B1E16F206900228B69214698470646BC
:100AD00001E06FF00F0600BF46B106F10D0010B146
:100AE0002046FCF7D7FF6FF00C00BFE6204600F071
:100AF0009FFA5C48008820B15A480088401E594936
:100B00000880608E8100400041F21C12904202D9A0
:100B1000608E400001E041F21C10814202D2608EE2
:100B200080000AE0608E400041F21C11884202D928
:100B3000608E400001E041F21C10A4F848003148EA
:100B4000007800F0200048B100BF608B40F0020048
:100B5000608300BF072087E09FE087E0ABE00000F4
:100B60002E2E2F4D6964646C6577617265732F5406
:100B7000686972645F50617274792F4C7749502FA5
:100B80007372632F636F72652F7463705F696E2E6B
:100B9000630000007463705F70726F636573733A13
:100BA00020696E76616C69642070636200000000E9
:100BB000417373657274696F6E20222573222066FB
:100BC00061696C6564206174206C696E65202564C0
:100BD00020696E2025730A00084B0024004B002476
:100BE000FC4A00247463705F696E7075743A2070FB
:100BF00063622D3E737461746520213D20434C4F28
:100C000053454400094B0024D04A0024EC4A0024F8
:100C10007063622D3E736E645F71756575656C659A
:100C20006E203E20300000006E6F207365676D659A
:100C30006E7420746F2066726565000070960024E3
:100C4000064B00247063622D3E6C697374656E659B
:100C5000722D3E61636365707420213D204E554CBA
:100C60004C000000044B0024207524E099480068E3
:100C70000188984800684088974ACDE90020029191
:100C800096480068964909884218934B1B1D954861
:100C90000168204601F0A8FB0DE09348007800F0C1
:100CA000020040B1606A401E8C490968884202D146
:100CB000204601F045F909E100BF204600F0B8F9EF
:100CC0008A48007800F0200038B100BF608B40F007
:100CD0000200608300BF07202075F7E0204600F087
:100CE000A7F98248007800F02000E8B37E48007839
:100CF00000F01000C8B37B49206D0968884239D1E3
:100D0000E06E90BB00BF608B40F00200608300BFCC
:100D10002046FFF7F7FB00BF00BF75480068A04200
:100D200005D173480068C068714908600DE07049DA
:100D3000086806E0C168A14202D1E168C16002E032
:100D4000C0680028F6D100BF00BF0020E06000BFEF
:100D500001206849087000BF0A20207500BF66485E
:100D60000068E060644801E00DE003E0046002F028
:100D700055FA16E000BF608B40F00200608300BFB0
:100D8000082020750DE05848007800F0100040B1B0
:100D90005449206D0968884203D1E06E08B90620E5
:100DA000207593E0204600F043F95048007800F0A9
:100DB0002000A0B300BF608B40F00200608300BF42
:100DC0002046FFF79FFB00BF00BF49480068A042D4
:100DD00005D147480068C068454908600DE04449AE
:100DE000086806E0C168A14202D1E168C16002E082
:100DF000C0680028F6D100BF00BF0020E06000BF3F
:100E000001203C49087000BF0A20207500BF3A4805
:100E10000068E0603848046002F000FA00BF55E066
:100E2000204600F005F93048007800F01000A8B323
:100E30002C49206D0968884230D1E06E70BB204695
:100E4000FFF760FB00BF00BF29480068A04205D142
:100E500027480068C068264908600DE024490868F2
:100E600006E0C168A14202D1E168C16002E0C06849
:100E70000028F6D100BF00BF0020E06000BF0120C5
:100E80001C49087000BF0A20207500BF1A4800687E
:100E9000E0601948046002F0C1F900BF16E0204686
:100EA00000F0C6F81048007800F0100060B10D495D
:100EB000206D0968884207D1E06E28B90B48007898
:100EC00040F010000949087000E000BF00BF00209A
:100ED000CCE40000EC4A002470960024FC4A002474
:100EE000064B0024004B0024084B0024094B00242F
:100EF000DC4A0024E44A0024E04A00242DE9F041C1
:100F0000044600BF002C0CD100BF29A340F20962A7
:100F100033A13DA0F5F78EFC00BF6FF00F00BDE8D8
:100F2000F08100BFA06F477BA66F0020A06700BFC5
:100F3000D4F8840040B1002332462146D4F884C05E
:100F40002069E047054606E0002332462146184660
:100F500000F0ACFE054600BFF5B907F0200028B34D
:100F6000208DB0F5066F02D0208D401C208500BF7B
:100F7000D4F8840040B100231A462146D4F884C036
:100F80002069E047054600E0002500BF05F10D009F
:100F900060B96FF00C00C2E705F10D0010B96FF0F9
:100FA0000C00BCE7A6676FF00400B8E70020B6E7C6
:100FB0002E2E2F4D6964646C6577617265732F54B2
:100FC000686972645F50617274792F4C7749502F51
:100FD0007372632F636F72652F7463702E630000EA
:100FE0007463705F70726F636573735F726566754B
:100FF0007365645F646174613A20696E76616C69DF
:101000006420706362000000417373657274696FDD
:101010006E2022257322206661696C6564206174EC
:10102000206C696E6520256420696E2025730A0096
:101030002DE9F05F04464FF0000900BF002C08D1F5
:1010400000BFE5A340F27B42F0A1F7A0F5F7F2FB69
:1010500000BF00BF00BF207D042808DA00BFDEA368
:1010600040F27C42FAA1F0A0F5F7E4FB00BF00BF1C
:10107000FE48007800F01000002870D0B4F860003E
:10108000A16D00EB0108FA49606D0968401A15D49A
:10109000F749606D0968884204D1F649A06D096876
:1010A000401A0BD4F349A06D096888421AD1F2485E
:1010B0000068C089B4F86010884213D9EE4800680F
:1010C000C08924F8600F608834F86019884203DA18
:1010D000B4F86000A4F86200E54800686065E5487F
:1010E0000068A065E349606C0968081A00284ADCBA
:1010F000E248008890BBB4F86010A06D08444045F9
:101100003AD1B4F93000002836DBDA49606C09685E
:10111000884231D14FF0010994F84300401CC0B21D
:1011200094F84310884204DD94F84300401C84F88E
:10113000430094F84300032817DD00BFB4F84800CB
:10114000618E084480B2B4F84810884208DBB4F8D5
:101150004800618E0844A4F8480005E00CE02AE14C
:101160004FF6FF70A4F8480000BF94F8430003282E
:1011700002DB204600F066FFB9F1000F02D100202B
:1011800084F84300EBE0606C401CBA490968081A17
:101190007ED4B849206D0968081A002878DCA07E42
:1011A00000F0040060B100BF608B4FF6FB71084097
:1011B000608300BF48346088208000206084483C01
:1011C00000202434A077608BB4F9181000EBE10004
:1011D00000B2A083208CA7490988081A85B2002094
:1011E000E077A4480068206214F8100C243C04281E
:1011F00065DBB4F84800B4F84A10884227DA628BFD
:1012000002F400620AB1012200E002221146628E5D
:101210004A4392B2AA4201DD2A4602E0628E4A4364
:1012200092B2104600BFB4F84820024492B2B4F81B
:1012300048309A4205DBB4F848200244A4F848201C
:1012400003E04FF6FF72A4F8482000BF37E000BF6C
:10125000B4F86A00284480B2B4F86A10884205DB0A
:10126000B4F86A002844A4F86A0003E04FF6FF705F
:10127000A4F86A0000BFB4F86A00B4F848108842C5
:101280001DDB4834608C2188401A6084483C00E0B3
:1012900062E000BFB4F84800618E084480B2B4F840
:1012A0004810884206DBB4F84800618E0844A4F870
:1012B000480003E04FF6FF70A4F8480000BF70A29A
:1012C0002046D4E91B31FDF76BF920676EA220465A
:1012D000D4E91B13FDF764F9E066206F18B94FF0ED
:1012E000FF30208601E00020208600202077E06E7D
:1012F00010B90020A4F86800B4F8640064490988B3
:101300000844A4F86400608B00F4006018B3206FF8
:1013100088B9E06E40B1E16EC9684868F8F77CFBB7
:10132000E16C081A002816DC00BF608B4FF2FF71D9
:10133000084060830FE0216FC9684868F8F76CFBCC
:10134000E16C081A002806DC00BF608B4FF2FF71C9
:101350000840608300BF02E0204601F04DF9606B59
:1013600048B34449A06B0968401A24D5A08E494966
:101370000988081A07B2B4F93C00A7EBE00007B2ED
:10138000A08F384400B2A087002F01DA784207B25C
:10139000B4F93E00A7EBA00007B2E08F384400B2DA
:1013A000E087E08FB4F93C1000EBE10000B2A4F854
:1013B0004000002060633148008800286CDD207DFB
:1013C000072869DA2A48616A0068401C081A7CD438
:1013D0002748616A006860E02E2E2F4D6964646CB6
:1013E0006577617265732F54686972645F506172CA
:1013F00074792F4C7749502F7372632F636F726526
:101400002F7463705F696E2E630000007463705FF9
:10141000726563656976653A20696E76616C6964A8
:101420002070636200000000417373657274696F1D
:101430006E2022257322206661696C6564206174C8
:10144000206C696E6520256420696E2025730A0072
:101450007463705F726563656976653A2077726F51
:101460006E6720737461746500000000084B0024EF
:10147000FC4A0024004B0024EC4A0024064B0024C4
:10148000756E61636B656400756E73656E740000E4
:10149000044B0024D04A0024D4E3F74A12881044B5
:1014A000401E081A00285FDCF4484668F449606A68
:1014B0000968A0EB010A00BFF048406860B900BFAE
:1014C000AFF2EC0340F2945200E04DE0EDA1AFF238
:1014D000A800F5F7AFF900BF00BF00BF4FF6FF70DF
:1014E00082450AD300BFAFF2101340F29552E9A132
:1014F000AFF2CC00F5F79EF900BF00BF1FFA8AF5E6
:1015000000BFDE4840680089A8420ADA00BFAFF297
:10151000381340F29752E3A1AFF2F400F5F78AF9DD
:1015200000BF00BFD5480089401BD4490881084648
:1015300040680089401B1FFA80FB07E07089281A69
:1015400085B2A6F808B00020708136687089A8427C
:10155000F4DB29463046FAF7FBFFC949606A0860A8
:10156000C649C96848600AE0C549606A0968081A3E
:1015700005D500BF608B40F00200608300BFC0490A
:10158000606A0968081A7DD4218D606A0844401E8B
:10159000BB490968081A002874DCB949606A0968FF
:1015A000884270D1B549C9688889F8F742FA00F0D5
:1015B000030008B1012000E00020B0490989084477
:1015C000AD490880208D0988884256DAAB49C96840
:1015D0008889F8F72EFA00F0010098B1A749C96888
:1015E0008889F8F726FA00F03E052846F8F721FA30
:1015F000A249C96889894CF2FF02114008439F49FA
:10160000C9688881208D9D490881C9688889F8F753
:1016100010FA00F0020020B198480089401E974956
:101620000881964A11895068FAF78CFE9349C96877
:101630008889F8F7FEF900F0030008B1012000E006
:1016400000208E49098908448B49088000BF218DFC
:10165000606A08448A490968874A128811448842A6
:101660000AD000BFAFF2902340F2CB5291A1AFF26B
:101670004820F5F7DFF800BF00BF606F002816D0E4
:101680007E4901E0DAE2D3E1C9688889F8F7D1F947
:1016900000F0010060B107E0656F606F006860678F
:1016A000284600F08FFF00BF606F0028F4D187E06C
:1016B000656F2EE0E9688889F8F7BBF900F0010052
:1016C00008B36E49C9688889F8F7B3F900F00200D9
:1016D000C8B90120F8F7ADF96849C9688989084394
:1016E0006649C96888816549C9688889F8F7A1F998
:1016F00000F0030008B1012000E000205F490989E3
:1017000008445D4908802E462D68304600F05AFF97
:1017100000BF55B1E86840682989084458490968FC
:10172000554A12881144081AC4D5002D46D0544891
:101730000068514909880844E9684968401A002846
:101740003CDDE86880884E490988401A4B49088189
:10175000C9688889F8F76DF900F0020020B14748A0
:101760000089401E45490881444A11895068FAF7AA
:10177000E9FD4249C9688889F8F75BF900F0030080
:1017800008B1012000E000203C49098908443A4999
:10179000088000BF3A48006809880844E968496839
:1017A00088420AD000BFAFF2D03340F2FC524FA1C2
:1017B000AFF28C30F5F73EF800BF00BF656700BFA1
:1017C0002F4800682C4909880844606200BF208DBA
:1017D0002949098888420ADA00BFAFF2044340F27F
:1017E000076251A1AFF2C030F5F724F800BF00BF87
:1017F000208D21490988401A2085204601F0E8FD06
:101800001E4840680089002806DD1C4840684E4993
:1018100008600020194948601849C9688889F8F7A4
:1018200008F900F0010028B14848007840F0200095
:1018300046490870DAE0656F606FC068406810491B
:101840000860E9688889F8F7F4F800F0030008B147
:10185000012000E0002029890844616A0844606290
:1018600000BFE9688889F8F7E4F800F0030008B1E0
:1018700001206EE06CE00000064B002404C7002449
:10188000FC4A0024696E7365672E7020213D204E4E
:10189000554C4C00696E73616E65206F66667365AA
:1018A000742100007062756620746F6F2073686F1A
:1018B000727421007463705F726563656976653A5E
:1018C000207365676D656E74206E6F742074726925
:1018D0006D6D656420636F72726563746C792074DA
:1018E0006F207263765F776E640A00007463705FC6
:1018F000726563656976653A207365676D656E74B8
:10190000206E6F74207472696D6D656420636F72F0
:10191000726563746C7920746F206F6F73657120CA
:1019200071756575650A00007463705F7265636543
:101930006976653A207463706C656E203E20726330
:10194000765F776E640A00000C4B0024094B00247C
:10195000002029890844218D88420AD900BFAFF2AE
:10196000885340F22B62C2A1AFF24450F4F762FFF9
:1019700000BF00BFE9688889F8F75BF800F0030052
:1019800008B1012000E0002029890844218D081AAF
:101990002085204601F01CFD6868008900280DDDC7
:1019A000BD48006828B1BC4869680068FAF7B0F81B
:1019B00002E0B9496868086000206860E9688889C1
:1019C000F8F737F800F0010050B1B448007840F063
:1019D0002000B2490870207D042801D1072020751D
:1019E00028686067284600F0EDFD00BF606F30B1E9
:1019F000606FC0684068616A88423FF41CAF00BFF6
:101A0000A07E00F0010060B100BF608B4FF6FE7158
:101A10000840608300BF00BF608B40F0020060831D
:101A200005E000BF608B40F00100608300BF1DE156
:101A3000606F20B99A4800F06BFD6067FAE00026FD
:101A4000656FF2E0E868406896490968884217D1F6
:101A5000934800892989884211DD914800F058FD9A
:101A60008246BAF1000F09D016B1C6F800A001E015
:101A7000C4F874A029465046FDF7D4FED8E0D7E05C
:101A8000A6B9E868406887490968081A0DD58448EE
:101A900000F03EFD8246BAF1000F05D0C4F874A0F4
:101AA00029465046FDF7BEFEC2E030E0F0684068CF
:101AB000401C7C490968081A28D4E8684068401E20
:101AC00078490968081A002820DC754800F020FDD4
:101AD0008246BAF1000F18D0F06840683189084496
:101AE00070490968401A002809DDF06880886D494E
:101AF0000988081A308131897068FAF723FCC6F822
:101B000000A029465046FDF78DFE91E000BF2E460D
:101B1000286800287DD1E868406862490968081A89
:101B2000002876DDE9688889F7F783FF00F0010077
:101B300000B17DE05A4800F0EBFC286028680028DE
:101B400071D0E86840682989084456490968401AF4
:101B5000002809DDE868808852490988081A288128
:101B600029896868FAF7EEFB218D606A08444E49BE
:101B700009884C4A12681144081A002853DD296864
:101B8000C9688889F7F755FF00F0010098B1296806
:101B9000C9688889F7F74DFF00F03E0A5046F7F70D
:101BA00048FF2968C96889894CF2FF02114008433F
:101BB0002968C9688881A08C218D08443949098821
:101BC000401A296808812A6811895068FAF7BAFB17
:101BD0002968C9688889F7F72CFF00F0030008B16D
:101BE000012000E000202968098908442E49088066
:101BF00000BF218D606A01442A4800682A4A128881
:101C0000104481420ED000BFAFF634034FF4DF62C0
:101C100001E009E007E0AFF26431AFF2F470F4F7ED
:101C200009FE00BF00BF03E02D68002D7FF40AAF5E
:101C300000BF00BF204600F0DFFC17E0204600F0A8
:101C4000DBFC13E01749606A0968081A08D4218D83
:101C5000606A0844401E13490968081A002805DD17
:101C600000BF608B40F00200608300BFBDE8F09FC2
:101C70007463705F726563656976653A206F6F7330
:101C80006571207463706C656E203E207263765FB0
:101C9000776E640A000000000C4B0024094B0024FE
:101CA00004C70024FC4A0024064B00242DE9F0411F
:101CB00007460D4614461E4600BF002D0CD100BF3E
:101CC0000EA34FF4D36219A11FA0F4F7B3FD00BF18
:101CD0006FF00F00BDE8F08100BF3CB121892846BC
:101CE00000F046F82046FAF7D1F904E01EB928467C
:101CF000FBF738FFEEE70020ECE700002E2E2F4D1B
:101D00006964646C6577617265732F546869726485
:101D10005F50617274792F4C7749502F7372632F23
:101D2000636F72652F7463702E6300007463705F5D
:101D3000726563765F6E756C6C3A20696E76616C65
:101D40006964207063620000417373657274696F27
:101D50006E2022257322206661696C65642061749F
:101D6000206C696E6520256420696E2025730A0049
:101D70002DE9F04104460F4600BF002C0AD100BFF8
:101D80001CA340F2CF3227A12CA0F4F753FD00BFD3
:101D9000BDE8F08100BF00BF207D012808D100BF51
:101DA00014A340F2D2322FA124A0F4F743FD00BFC8
:101DB00000BF208D384485B2B5F5066F02DC208D5A
:101DC000A84203DD4FF40660208500E0258520460B
:101DD00001F0FEFA0646B6F5067F08D300BF608B19
:101DE00040F00200608300BF2046FDF7B1FD00BF58
:101DF000CEE700002E2E2F4D6964646C657761720A
:101E000065732F54686972645F50617274792F4CE6
:101E10007749502F7372632F636F72652F746370ED
:101E20002E6300007463705F7265637665643A20A8
:101E3000696E76616C6964207063620041737365DA
:101E40007274696F6E2022257322206661696C6549
:101E500064206174206C696E6520256420696E20A1
:101E600025730A00646F6E27742063616C6C2074A4
:101E700063705F72656376656420666F72206C695B
:101E80007374656E2D7063627300000070B5064652
:101E90000D4600BF002D07D100BF09A3FF2214A1EA
:101EA0001DA0F4F7C7FC00BF00BF344605E0E06F9B
:101EB000A84201D10020E067E468002CF7D170BD92
:101EC0002E2E2F4D6964646C6577617265732F5493
:101ED000686972645F50617274792F4C7749502F32
:101EE0007372632F636F72652F7463702E630000CB
:101EF0007463705F72656D6F76655F6C697374652E
:101F00006E65723A20696E76616C6964206C6973E3
:101F100074656E6572000000417373657274696F59
:101F20006E2022257322206661696C6564206174CD
:101F3000206C696E6520256420696E2025730A0077
:101F40002DE9F041044600BF002C08D100BF20A3BA
:101F500040F2C1622BA131A0F4F76CFC00BF00BFBE
:101F6000206F18B96FF00500BDE8F081256F284695
:101F7000FEF7D6F910B16FF00500F5E72868206785
:101F800004F16C0600E03668306858B13168C96801
:101F90004868F7F741FD0746E9684868F7F73CFDF0
:101FA000381AF0D4306828603560286810B90020ED
:101FB000A4F8680094F84200FF2804DA94F842007C
:101FC000401C84F842000020606300BFCCE70000A2
:101FD0002E2E2F4D6964646C6577617265732F5482
:101FE000686972645F50617274792F4C7749502F21
:101FF0007372632F636F72652F7463705F6F757494
:102000002E6300007463705F7265786D69743A20A6
:10201000696E76616C6964207063620041737365F8
:102020007274696F6E2022257322206661696C6567
:1020300064206174206C696E6520256420696E20BF
:1020400025730A0010B5044600BF002C08D100BF5C
:1020500020A340F2F9622CA133A0F4F7EBFB00BF00
:1020600000BF206FA0B3A07E00F0040080BB20461C
:10207000FFF766FF60BBB4F84810B4F860209142E7
:1020800002DAB4F8481001E0B4F86010084601EB39
:10209000D071C1F34F01A4F84A10B4F84A00618E20
:1020A0004900884204D2608E4004000CA4F84A0023
:1020B000B4F84A00618E032202FB0100A4F8480034
:1020C00000BF608B40F00400608300BF00202086CA
:1020D00010BD00002E2E2F4D6964646C657761720F
:1020E00065732F54686972645F50617274792F4C04
:1020F0007749502F7372632F636F72652F7463700B
:102100005F6F75742E6300007463705F7265786D25
:1021100069745F666173743A20696E76616C696494
:102120002070636200000000417373657274696F10
:102130006E2022257322206661696C6564206174BB
:10214000206C696E6520256420696E2025730A0065
:1021500010B5044600BF002C08D100BF08A340F210
:10216000AD6214A11AA0F4F765FB00BF00BF2046C2
:1021700000F09EF810B9204600F03EF810BD0000B7
:102180002E2E2F4D6964646C6577617265732F54D0
:10219000686972645F50617274792F4C7749502F6F
:1021A0007372632F636F72652F7463705F6F7574E2
:1021B0002E6300007463705F7265786D69745F727E
:1021C000746F3A20696E76616C6964207063620096
:1021D000417373657274696F6E20222573222066C5
:1021E00061696C6564206174206C696E652025648A
:1021F00020696E2025730A0010B5044600BF002C2C
:1022000008D100BF0AA34FF4D36216A11EA0F4F7B1
:1022100011FB00BF00BF94F84200FF2804DA94F8D5
:102220004200401C84F842002046FDF791FB10BD9F
:102230002E2E2F4D6964646C6577617265732F541F
:10224000686972645F50617274792F4C7749502FBE
:102250007372632F636F72652F7463705F6F757431
:102260002E6300007463705F7265786D69745F72CD
:10227000746F5F636F6D6D69743A20696E76616C1F
:102280006964207063620000417373657274696FE2
:102290006E2022257322206661696C65642061745A
:1022A000206C696E6520256420696E2025730A0004
:1022B00070B5044600BF002C08D100BF22A340F235
:1022C00063622EA136A0F4F7B5FA00BF00BF206FFD
:1022D00010B96FF0050070BD256F07E02846FEF7C6
:1022E0001FF810B16FF00500F5E72D682868002889
:1022F000F4D12846FEF714F810B16FF00500EAE7B4
:10230000E06E2860206FE0660020206700BF608BD1
:1023100040F40060608300BFE9684868F7F77CFB21
:102320000646E9688889F7F784FB00F0030008B1E6
:10233000012000E00020298908443044E0640020A6
:10234000606300BFC7E700002E2E2F4D6964646CE8
:102350006577617265732F54686972645F5061724A
:1023600074792F4C7749502F7372632F636F7265A6
:102370002F7463705F6F75742E6300007463705FF9
:102380007265786D69745F72746F5F707265706189
:1023900072653A20696E76616C69642070636200D0
:1023A000417373657274696F6E20222573222066F3
:1023B00061696C6564206174206C696E65202564B8
:1023C00020696E2025730A0070B504460E46154636
:1023D0002CB1207A18B1207AF8F7E6FB70BD2846B8
:1023E000F6F70EFDFAE700002DE9F04F85B08346C1
:1023F0000F4690461D46DDF8389000BF002D08D1ED
:1024000000BF1EA340F2C47229A130A0F4F712FA53
:1024100000BF00BF00BFB9F1000F08D100BF17A374
:1024200040F2C57233A129A0F4F704FA00BF00BF3F
:10243000002646F2080A3846F7F7EEFA142204900E
:10244000DDE90F018DE80704002231464046049B78
:10245000FDF79EFC044614B905B0BDE8F08F334685
:10246000002221465846FDF7A3FD4B462A46214649
:102470005846FDF71FFD00BFEEE700002E2E2F4D42
:102480006964646C6577617265732F5468697264FE
:102490005F50617274792F4C7749502F7372632F9C
:1024A000636F72652F7463705F6F75742E630000C5
:1024B0007463705F7273743A20696E76616C6964DC
:1024C000206C6F63616C5F6970000000417373651D
:1024D0007274696F6E2022257322206661696C65B3
:1024E00064206174206C696E6520256420696E200B
:1024F00025730A007463705F7273743A20696E7694
:10250000616C69642072656D6F74655F697000004D
:1025100070B5054600BF002D08D100BF0CA340F2E6
:10252000826217A11DA0F4F785F900BF00BF032048
:10253000F8F7DAF804460CB9002070BD95E80F00F2
:1025400084E80F006068F9F7AFFF2046F5E7000068
:102550002E2E2F4D6964646C6577617265732F54FC
:10256000686972645F50617274792F4C7749502F9B
:102570007372632F636F72652F7463702E63000034
:102580007463705F7365675F636F70793A20696E1B
:1025900076616C6964207365670000004173736540
:1025A0007274696F6E2022257322206661696C65E2
:1025B00064206174206C696E6520256420696E203A
:1025C00025730A0010B5044644B1606810B1606814
:1025D000F9F75CFD21460320F7F7B8FF10BD70B591
:1025E000044605E025682046FFF7ECFF2C4600BFB7
:1025F000002CF7D170BD00002DE9F04704460025FE
:10260000A94600BF002C08D100BF2CA340F2EA72FB
:1026100037A13FA0F4F70EF900BF00BF05F001009D
:1026200008B1042000E0002005F0020109B10021FA
:1026300000E00021084405F0080109B1002100E094
:102640000021084405F0100109B1002100E000213B
:1026500000EB0108206DF7F7DFF9824653460022B0
:1026600041462046FDF726FB06464EB900BF608B6B
:1026700040F00300608300BF6FF00100BDE8F08709
:102680004B462A4631462046FDF792FC231D224642
:1026900031462046FDF70EFC07462FB100BF608B88
:1026A00040F00300608306E000BF608B4FF6FC71D2
:1026B0000840608300BF3846E0E700002E2E2F4D13
:1026C0006964646C6577617265732F5468697264BC
:1026D0005F50617274792F4C7749502F7372632F5A
:1026E000636F72652F7463705F6F75742E63000083
:1026F0007463705F73656E645F656D7074795F613C
:10270000636B3A20696E76616C6964207063620065
:10271000417373657274696F6E202225732220667F
:1027200061696C6564206174206C696E6520256444
:1027300020696E2025730A0070B5044600BF002C86
:1027400008D100BF16A340F2EB3222A128A0F4F773
:1027500071F800BF00BFE06EE8B1E56E00E02D68E3
:1027600028680028FBD1E9688889F7F762F900F04A
:10277000070078B90120F7F75CF9E968898908430F
:10278000E968888100BF608B40F02000608300BF53
:10279000002070BD00BF01212046FBF709FDF8E7CE
:1027A0002E2E2F4D6964646C6577617265732F54AA
:1027B000686972645F50617274792F4C7749502F49
:1027C0007372632F636F72652F7463705F6F7574BC
:1027D0002E6300007463705F73656E645F66696E7C
:1027E0003A20696E76616C69642070636200000053
:1027F000417373657274696F6E202225732220669F
:1028000061696C6564206174206C696E6520256463
:1028100020696E2025730A002DE9F04F85B04FF036
:102820000009E9480068401CE7490860E74800786B
:10283000401CE649087000BF0025E5480468E3E253
:1028400000BF207D002808D100BFE2A340F2BE42B5
:10285000ECA1F7A0F3F7EEFF00BF00BF00BF207DA3
:10286000012808D100BFDBA340F2BF42FAA1F0A0CB
:10287000F3F7E0FF00BF00BF00BF207D0A2808D1AA
:1028800000BFD4A34FF49862FEA1E9A0F3F7D2FFF2
:1028900000BF00BFA07FCD490978884202D12546FC
:1028A000E468B1E2C9480078A0770026B046207DF0
:1028B000022806D194F84200062802DB701CC6B23A
:1028C000D1E094F842000C2802DB701CC6B2CAE0CA
:1028D00094F8990000285DDD00BF206F002808D023
:1028E00000BFBCA340F2D442F2A1D1A0F3F7A2FFF3
:1028F00000BF00BF00BFE06E002808D100BFB5A335
:1029000040F2D542F8A1CAA0F3F794FF00BF00BF80
:1029100094F89A000C2802DB701CC6B2A3E094F86D
:102920009900401EFE490F5C94F89800B84204DA02
:1029300094F89800401C84F8980094F89800B842E5
:1029400027DB4FF0010AB4F8600030B9204600F0F0
:10295000CBFD70B14FF0000A0BE0B4F860102046D8
:1029600000F0F4FA28B92046FCF7F2FF08B94FF05E
:10297000000ABAF1000F0BD0002084F8980094F8F8
:102980009900072804D294F89900401C84F8990013
:1029900000BF68E0B4F93000002809DBB4F930006A
:1029A00047F6FF71884203DA208E401C00B2208671
:1029B000B4F93000B4F94010884254DB2046FFF7E8
:1029C00077FC18B1206F70BBE06E60B3207D0228E9
:1029D0001ED094F842200C2A02D294F8422000E043
:1029E0000C221146B4F93E20B4F93C3002EBE3026C
:1029F000CC4B5B5C02FA03F047F6FF72904201DABF
:102A0000024601E047F6FF7212B2A4F8402000BF70
:102A100000202086B4F84800B4F86010884203DA39
:102A2000B4F8480002E01EE0B4F860000490049896
:102A30004010A4F84A00B4F84A00618E4FF6FF72C5
:102A400002EA4101884205DA608E114601EA40003F
:102A5000A4F84A00608EA4F848000020A4F86A0098
:102A60002046FFF7C9FB207D06280BD1A07E00F091
:102A7000100038B15449206A0968081A282801D979
:102A8000701CC6B2607A00F00800D0B3207D042824
:102A900002D0207D072834D1A349D4F894000844FB
:102AA0004FF4FA71B0FBF1F0474A216A1268511AEB
:102AB000884206D2701CC6B208F1010000F0FF087F
:102AC0001FE094F89B1042F29F4211FB02F1D4F8F0
:102AD000940000EBC1004FF4FA71B0FBF1F03A4AF8
:102AE000216A1268511A88420BD22046FCF728FB53
:102AF0008146B9F1000F04D194F89B00401C84F882
:102B00009B00606F68B13049206A0968081AB4F9FF
:102B1000401001EB4101B0EB410F02D32046FBF71F
:102B20003BFE207D032807D12749206A0968081A3F
:102B3000282801D9701CC6B2207D092807D1224956
:102B4000206A0968081AF02801D9701CC6B2002E44
:102B500037D0D4F890A02046FDF7D4FC8DB100BF4B
:102B60001B480068844208D100BF1AA340F26D528E
:102B70006EA12FA0F3F75EFE00BF00BFE068E86023
:102B800011E000BF12480068A04208D000BF11A3A6
:102B900040F2715270A126A0F3F74CFE00BF00BFB7
:102BA0000B49E0680860B8F1000F0BD0208BE18A78
:102BB000221DCDE90021029023462046626A216D44
:102BC000E0E0FBE0E0E00000D04A0024E64A002418
:102BD000DC4A00242E2E2F4D6964646C6577617287
:102BE00065732F54686972645F50617274792F4CF9
:102BF0007749502F7372632F636F72652F74637000
:102C00002E6300007463705F736C6F77746D723A3B
:102C100020616374697665207063622D3E73746110
:102C2000746520213D20434C4F5345440A00000069
:102C3000417373657274696F6E202225732220665A
:102C400061696C6564206174206C696E652025641F
:102C500020696E2025730A007463705F736C6F7750
:102C6000746D723A20616374697665207063622DB9
:102C70003E737461746520213D204C495354454E88
:102C80000A0000007463705F736C6F77746D723A42
:102C900020616374697665207063622D3E73746190
:102CA000746520213D2054494D452D574149540A12
:102CB000000000007463705F736C6F7774696D72ED
:102CC0003A2070657273697374207469636B696EFE
:102CD00067207769746820696E2D666C696768740F
:102CE00020646174610000007463705F736C6F77BF
:102CF00074696D723A2070657273697374207469B7
:102D0000636B696E67207769746820656D7074798C
:102D10002073656E6420627566666572000000004F
:102D2000655B0108585B0108B84C0A007463705F6A
:102D3000736C6F77746D723A206D6964646C652092
:102D400074637020213D207463705F6163746976E1
:102D5000655F7063627300007463705F736C6F779C
:102D6000746D723A20666972737420706362203DDC
:102D70003D207463705F6163746976655F70636240
:102D800073000000FFF730FBD4F810B0207D0390F3
:102D90002746E4683846FBF7B9FB0020484908702D
:102DA00000BFBAF1000F03D06FF00C015846D047B6
:102DB00000BF4348007800B13EE524E02546E468C2
:102DC000287F401C2877287F697F88421BDB0020F2
:102DD00028773B49087000BFD5F88C0030B12946F0
:102DE000D5F88C2028699047814601E04FF0000912
:102DF00000BF3348007800B11EE5B9F1000F02D1E1
:102E00002846FCF7A5FD00BF002C7FF419AD002576
:102E10002C4804684EE000BF207D0A280AD000BF7D
:102E2000AFF2502340F2A15227A1AFF2FC10F3F70A
:102E300001FD00BF00BF00262F49206A0968081A5B
:102E4000F02801D9701CC6B2002E31D02046FDF703
:102E500059FB9DB100BF1B48006884420AD100BFE6
:102E6000AFF2902340F2AF5224A1AFF23C20F3F72F
:102E7000E1FC00BF00BFE068E86013E000BF11485C
:102E80000068A0420AD000BFAFF2B82340F2B352AC
:102E900024A1AFF26420F3F7CDFC00BF00BF0949C5
:102EA000E06808602746E4683846FBF72FFB01E03E
:102EB0002546E468002CAED105B0BDE8F08F0000D7
:102EC000E44A0024E04A00247463705F736C6F77F7
:102ED000746D723A2054494D452D57414954207024
:102EE00063622D3E7374617465203D3D2054494DED
:102EF000452D574149540000D04A00247463705F47
:102F0000736C6F77746D723A206D6964646C6520C0
:102F100074637020213D207463705F74775F706309
:102F2000627300007463705F736C6F77746D723AD4
:102F300020666972737420706362203D3D20746363
:102F4000705F74775F706362730000002DE9F04F6B
:102F500085B005460E4600270024A34600BF002D7D
:102F600008D100BF79A340F24B3285A18DA0F3F7C1
:102F700061FC00BF00BFEC6E24B94FF0FF3005B01C
:102F8000BDE8F08F002E0CD100BF00BF6FA340F250
:102F900053328EA183A0F3F74DFC00BF00BFB01FDA
:102FA000EDE72089B04201DC0020E8E700BF688E31
:102FB000B04208DA00BF65A340F25B328CA179A071
:102FC000F3F738FC00BF00BF00BF2089002808DCF1
:102FD00000BF5EA34FF4577289A172A0F3F72AFCD9
:102FE00000BF00BF94F80A8008F0010008B1042077
:102FF00000E0002008F0020109B1002100E00021FA
:10300000084408F0080109B1002100E0002108444B
:1030100008F0100109B1002100E0002108440490EB
:103020002089801B1FFA80FA0498504481B24FF423
:1030300020723620F8F796FB8346BBF1000F00D1D3
:103040006EE0606800892189401A304480B20290A5
:10305000DBF80430049A991860685246029BF8F72E
:1030600075FF504500D05BE0E1688889F6F7E1FC28
:1030700000F03F090020039009F0080028B129F072
:103080000809039840F00800039009F0010028B1F6
:1030900029F00109039840F001000390E1684868B5
:1030A000F6F7BAFC30440346CDE90080594628467D
:1030B000039AFAF729FF074607B931E06068F8F785
:1030C000CFFD35F8661F081A288062681289A2EBC6
:1030D0000A0291B26068F9F735F92089A0EB0A007D
:1030E00020814846F6F7A5FCE16889890843E16834
:1030F00088816068F8F7B4FD2988084428807868DA
:10310000F8F7AEFD2988084425F86609206838607C
:103110002760386810B90020A5F8680000202EE765
:1031200000BF47B100BF09A34FF4767238A11DA0BC
:10313000F3F780FB00BF00BFBBF1000F02D0584681
:10314000F8F7A4FF4FF0FF3019E700002E2E2F4DA7
:103150006964646C6577617265732F546869726421
:103160005F50617274792F4C7749502F7372632FBF
:10317000636F72652F7463705F6F75742E630000E8
:103180007463705F73706C69745F756E73656E7471
:103190005F7365673A20696E76616C69642070635D
:1031A00062000000417373657274696F6E2022259E
:1031B0007322206661696C6564206174206C696E9D
:1031C0006520256420696E2025730A0043616E27FF
:1031D000742073706C6974207365676D656E7420FC
:1031E000696E746F206C656E677468203000000033
:1031F00073706C6974203C3D206D73730000000097
:10320000757365672D3E6C656E203E2030000000B2
:10321000736567203D3D204E554C4C0010B5094864
:10322000006868B90848006810B90848006838B1F3
:1032300001200449086000220549FA20FAF7BEF986
:1032400010BD00001C4B0024DC4A0024E04A00248E
:10325000813801083EB504462948007800F0040092
:1032600000B13EBD00BF002C08D100BF25A340F235
:10327000EE2231A138A0F3F7DDFA00BF00BF2048ED
:10328000007800F0020018B33D49606A0968081A26
:1032900026D4218D606A084439490968081A002833
:1032A0001EDC384800680088364909684988364A73
:1032B000CDE900210290324800683449098842185B
:1032C000314B1B1D324801682046FFF78DF8C8E7D7
:1032D0000B48007800F0010010B12E480068206211
:1032E0002A480088002808DD00BF608B40F00200FB
:1032F000608300BF2046FCF72BFB00BFB1E7000056
:10330000084B00242E2E2F4D6964646C6577617222
:1033100065732F54686972645F50617274792F4CC1
:103320007749502F7372632F636F72652F746370C8
:103330005F696E2E630000007463705F74696D6571
:10334000776169745F696E7075743A20696E766131
:103350006C69642070636200417373657274696F95
:103360006E2022257322206661696C656420617479
:10337000206C696E6520256420696E2025730A0023
:10338000FC4A0024EC4A002470960024064B0024DA
:10339000004B0024D04A002410B5FBF769F806481A
:1033A0000078401CC0B20449087000F0010008B168
:1033B000FFF732FA10BD0000E54A00240348007808
:1033C00040F010000149087070470000094B0024CC
:1033D00070B5044600BF002C08D100BF1CA340F20A
:1033E000A63227A12FA0F3F725FA00BF00BF218D39
:1033F000606A4518608EE16AB0F5866F02DD4FF4B1
:10340000866000E0608E0844281A04D4208D608510
:10341000E06A281A70BDE16A606A401A002802DD7D
:103420000020608512E0616AE06A461A00BFB6F5C6
:10343000803F08D300BF06A340F2B63223A119A0F3
:10344000F3F7F8F900BF00BF668500BF0020E1E791
:103450002E2E2F4D6964646C6577617265732F54ED
:10346000686972645F50617274792F4C7749502F8C
:103470007372632F636F72652F7463702E63000025
:103480007463705F7570646174655F7263765F61A9
:103490006E6E5F776E643A20696E76616C69642047
:1034A00070636200417373657274696F6E202225C8
:1034B0007322206661696C6564206174206C696E9A
:1034C0006520256420696E2025730A006E65775F8C
:1034D0007263765F616E6E5F776E64203C3D203074
:1034E00078666666660000002DE9FC5F04464FF0D2
:1034F000000A00BF002C08D100BF37A340F64F02DE
:1035000042A14BA0F3F796F900BF00BFE56E15B9D5
:103510000020BDE8FC9F94F89A00FF2804DA94F894
:103520009A00401C84F89A00E9688889F6F781FAC5
:1035300000F0010018B1288908B9012000E000203E
:103540008146B9F1000F01D1012000E0002083463F
:10355000E86843685A4651462046FCF7ABFB0646EE
:1035600016B94FF0FF30D4E77768B9F1000F09D0F2
:103570001120F6F75EFAB9894CF2FF0211400843B8
:10358000B8810DE0706814300090696809892A8953
:10359000891A8BB2012268680099F8F7D7FC00BF3E
:1035A000E9684868F6F738FA00F10108206DB0EBD9
:1035B000080001D5C4F85080534600223146204609
:1035C000FCF7F6FC231D224631462046FCF772FC30
:1035D000019001989DE700002E2E2F4D6964646CC8
:1035E0006577617265732F54686972645F506172A8
:1035F00074792F4C7749502F7372632F636F726504
:103600002F7463705F6F75742E6300007463705F56
:103610007A65726F5F77696E646F775F70726F62E1
:10362000653A20696E76616C69642070636200009F
:10363000417373657274696F6E2022257322206650
:1036400061696C6564206174206C696E6520256415
:1036500020696E2025730A0038B504460D46F6F73A
:10366000EFF9174804601748056006211648F9F776
:1036700047FF00280AD000BF00BF14A340F2612218
:103680001EA127A0F3F7D6F800BF00BF2E48F9F718
:1036900065FF00280AD000BF00BF0CA340F26522DE
:1036A0002AA11FA0F3F7C6F800BF00BF18204FF4EF
:1036B000806300222E4900902EA0F9F766FF38BDE6
:1036C0006C4A0024704A0024744A00242E2E2F4D88
:1036D0006964646C6577617265732F54686972649C
:1036E0005F50617274792F4C7749502F7372632F3A
:1036F0006170692F74637069702E63006661696C14
:10370000656420746F2063726561746520746370F2
:1037100069705F746872656164206D626F78000023
:10372000417373657274696F6E202225732220665F
:1037300061696C6564206174206C696E6520256424
:1037400020696E2025730A00784A00246661696C3E
:10375000656420746F20637265617465206C6F63AB
:103760006B5F74637069705F636F72650000000067
:10377000B938010874637069705F74687265616458
:10378000000000002DE9F04105460E46174600BF37
:103790001448F9F7D4FE38B900BF13A3FC221EA1C8
:1037A00021A0F3F747F800BF00BF0920F6F79CFF00
:1037B00004461CB94FF0FF30BDE8F08100202070B6
:1037C0006560A660E76021460648F9F7A9FE30B1BA
:1037D00021460920F6F7BAFE4FF0FF30ECE7002053
:1037E000EAE70000744A00242E2E2F4D6964646CB1
:1037F0006577617265732F54686972645F50617296
:1038000074792F4C7749502F7372632F6170692F31
:1038100074637069702E6300496E76616C69642010
:103820006D626F7800000000417373657274696F98
:103830006E2022257322206661696C6564206174A4
:10384000206C696E6520256420696E2025730A004E
:1038500070B505460C4694F82D0000F0180028B10C
:10386000054A21462846FFF78DFF70BD034A2146D1
:103870002846FFF787FFF8E7657C000861870008A6
:1038800010B50446FFF788FD0748006810B90748DF
:10389000006828B100220649FA20F9F78FFE02E0FD
:1038A00000200449086010BDDC4A0024E04A0024DE
:1038B000813801081C4B002408B51148F9F746FE71
:1038C0001048006820B1104800680E490968884710
:1038D00015E069460D4800F0C1F8009800280AD1AB
:1038E00000BF00BF0AA3912215A11DA0F2F7A2FFFD
:1038F00000BF00BF03E0009800F046F800BFE8E713
:10390000784A00246C4A0024704A0024744A002437
:103910002E2E2F4D6964646C6577617265732F5428
:10392000686972645F50617274792F4C7749502FC7
:103930007372632F6170692F74637069702E6300F6
:1039400074637069705F7468726561643A20696E4F
:1039500076616C6964206D65737361676500000052
:10396000417373657274696F6E202225732220661D
:1039700061696C6564206174206C696E65202564E2
:1039800020696E2025730A0010B50446207820B106
:1039900001280ED0022818D113E0201D07C8904737
:1039A00010B16068F8F772FB21460920F6F7CEFDEA
:1039B00016E0D4E90110884721460820F6F7C6FD35
:1039C0000EE0D4E9011088470AE000BF00BF05A35C
:1039D000CF2210A117A0F2F72DFF00BF00BF00BF3C
:1039E00000BF10BD2E2E2F4D6964646C6577617227
:1039F00065732F54686972645F50617274792F4CDB
:103A00007749502F7372632F6170692F74637069E7
:103A1000702E630074637069705F746872656164AE
:103A20003A20696E76616C6964206D6573736167B5
:103A300065000000417373657274696F6E20222502
:103A40007322206661696C6564206174206C696E04
:103A50006520256420696E2025730A002DE9F04158
:103A600006460F4600BFF9F7C5FE0446601C60B964
:103A70001148F9F780FD002239463046F9F7D2FCAB
:103A80000D48F9F763FDBDE8F08114B9F9F704FDBD
:103A9000E9E70948F9F76FFD224639463046F9F75C
:103AA000C1FC05460448F9F751FD681C10B9F9F747
:103AB000F3FCD8E700BFE6E7784A002470B5054676
:103AC0000E4600BF1348F9F73AFD40B900BF12A3F4
:103AD00040F25D121CA120A0F2F7ACFE00BF00BFB7
:103AE0000820F6F701FE044614B94FF0FF3070BD10
:103AF000012020706560A66021460648F9F710FD98
:103B000030B121460820F6F721FD4FF0FF30EEE7F7
:103B10000020ECE7744A00242E2E2F4D6964646C5B
:103B20006577617265732F54686972645F50617262
:103B300074792F4C7749502F7372632F6170692FFE
:103B400074637069702E6300496E76616C696420DD
:103B50006D626F7800000000417373657274696F65
:103B60006E2022257322206661696C656420617471
:103B7000206C696E6520256420696E2025730A001B
:103B800010B5ECF73DFCC0F30D0000F540400149D5
:103B9000088010BD204B00242DE9FE4F05460E463F
:103BA0000020019000BF002D07D100BF61A3CF22EC
:103BB0006CA172A0F2F73EFE00BF00BF00BF002E56
:103BC00007D100BF5BA3D02276A16CA0F2F732FE32
:103BD00000BF00BF6889082803DA2846F8F756FABC
:103BE000A6E0D5F804A0764A11685069F4F72AFCDB
:103BF0008146BAF80000F5F71CFF8346BAF80200C8
:103C0000F5F717FF029000240027A0466D480468CE
:103C100038E0618A0298814232D14A4631462046D4
:103C200000F0E0F860B3207C00F00400A8B9B8F11F
:103C3000000F01D1A04610E0B9F1000F0DD060488F
:103C40004069401C48B9D8F800007168884204D027
:103C500020687168884200D1A046A08A58450FD1DB
:103C6000606820B1564960680969884208D137B157
:103C7000E068F86053480068E0605248046003E080
:103C80002746E468002CC4D100BF04B9444614B1EF
:103C90000120019008E04A4970684969884201D1D1
:103CA000012000E000200190019800283CD008216C
:103CB0002846F8F74DFC70B100BF00BF1DA34FF4BC
:103CC000B87241A12DA0F2F7B5FD00BF00BF284694
:103CD000F8F7DCF92CE07CB1A06948B1CDF800B070
:103CE000374B10332A462146D4E906C0E0471EE090
:103CF0002846F8F7CBF91BE0B9F1000F10D1304896
:103D0000007D00F0F000E0280AD02D4880890830BE
:103D100001B22846F8F7CBFA03212846F4F767F9F1
:103D20002846F8F7B3F902E02846F8F7AFF900BFE4
:103D3000BDE8FE8F2E2E2F4D6964646C657761722D
:103D400065732F54686972645F50617274792F4C87
:103D50007749502F7372632F636F72652F7564708C
:103D60002E6300007564705F696E7075743A206927
:103D70006E76616C6964207062756600417373656C
:103D80007274696F6E2022257322206661696C65EA
:103D900064206174206C696E6520256420696E2042
:103DA00025730A007564705F696E7075743A2069D6
:103DB0006E76616C6964206E65746966000000004F
:103DC00060960024244B0024706275665F72656DF6
:103DD0006F76655F686561646572206661696C65B0
:103DE000640A000070B504460D46164600BF002C5C
:103DF00007D100BF1FA387222AA133A0F2F71AFD23
:103E000000BF00BF00BF002D07D100BF19A388224B
:103E100037A12DA0F2F70EFD00BF00BF207A50B1F0
:103E2000217A3D48406890F83000401CC0B2814281
:103E300001D0002070BD8EB174B1206860B13648E9
:103E40004069401C40B12068A9680840324949696E
:103E5000AA68114088420BD10120EBE734B12068F9
:103E600020B12D4920684969884201D10120E1E74C
:103E70000020DFE72E2E2F4D6964646C6577617238
:103E800065732F54686972645F50617274792F4C46
:103E90007749502F7372632F636F72652F7564704B
:103EA0002E6300007564705F696E7075745F6C6F6F
:103EB00063616C5F6D617463683A20696E76616CF2
:103EC0006964207063620000417373657274696F86
:103ED0006E2022257322206661696C6564206174FE
:103EE000206C696E6520256420696E2025730A00A8
:103EF0007564705F696E7075745F6C6F63616C5F21
:103F00006D617463683A20696E76616C6964206ED5
:103F100065746966000000006096002410B50246D2
:103F200082B1136873B169B10B685BB1064B186855
:103F300006E003681468A34201D10B680360C068FF
:103F40000028F6D110BD0000244B002401460A6968
:103F5000D1E901309860D1E9010358605068884286
:103F600001D188685060002008611068401E106010
:103F700010687047034B0360034B0B608023136092
:103F800070470000A053002400540024034B03603A
:103F9000034B0B604FF4807313607047005600248E
:103FA00060560024704700F1080141604FF0FF3176
:103FB000816000F10801C16001610021016070476A
:103FC00000210161704710B502460B685C1C0CB9FA
:103FD000106907E002F1080000E0406844682468C6
:103FE0009C42FAD944684C604C68A160886041608A
:103FF0000A611468641C146010BD42684A609368CA
:104000008B60936859609160086103685B1C036072
:104010007047000000BF502080F31188BFF34F8F1E
:10402000BFF36F8F00BF0E480068401C0C4908604A
:1040300008460068012812D10A480068C0B208B9D1
:10404000012000E0002050B900BF502080F311880B
:10405000BFF34F8FBFF36F8F00BF00BFFEE7704706
:10406000604A002404ED00E00D48006850B900BF2C
:10407000502080F31188BFF34F8FBFF36F8F00BFC5
:1040800000BFFEE706480068401E05490860084674
:10409000006820B9002080F3118800BF00BF70477E
:1040A000604A002470B506463546002E44D0083DCF
:1040B0002C46224960680968084008B1012000E0E8
:1040C000002050B900BF502080F31188BFF34F8FFC
:1040D000BFF36F8F00BF00BFFEE7206808B9012063
:1040E00000E0002050B900BF502080F31188BFF3DA
:1040F0004F8FBFF36F8F00BF00BFFEE70F496068AF
:1041000009680840C0B12068B0B90C496068096806
:104110008843606000F016FA09496068096808443D
:10412000074908602046F8F719FE06480068401C59
:104130000449086001F034FB70BD00005C4A0024B3
:104140004C4A0024584A002400204FF0E021086126
:104150008861064800684FF47A71B0FBF1F0401EA8
:104160004FF0E0214861072008617047E4490024CE
:1041700070B5ECF7F9F80446102C16D304F1E020E2
:1041800090F8F05315480078854201DB012000E0EB
:10419000002050B900BF502080F31188BFF34F8F2B
:1041A000BFF36F8F00BF00BFFEE70D48006800F44B
:1041B000E0600C490968884201D8012000E0002035
:1041C00050B900BF502080F31188BFF34F8FBFF369
:1041D0006F8F00BF00BFFEE770BD0000644A00247F
:1041E0000CED00E0684A0024024600200BE0084B7A
:1041F00053F8303033B9064B43F8301003EBC003AB
:104200005A6002E0401C0828F1D300BF704700004C
:10421000844D002470B50446254655B900BF502092
:1042200080F31188BFF34F8FBFF36F8F00BF00BFC4
:10423000FEE7284600F008F895F8460010B9284631
:10424000FFF730FF70BD0000014600200EE0094A74
:1042500002EBC00252688A4207D10022054B43F8A4
:10426000302003EBC0035A6002E0401C0828EED364
:1042700000BF7047844D00242DE9F04105460E46ED
:1042800017462C46FFF7C6FE94F94400401C10B9AF
:10429000002084F8440094F94500401C10B9002027
:1042A00084F84500FFF7E0FEA06B28B93A46314696
:1042B00004F1240000F062F82046F8F7A0FFBDE802
:1042C000F081000070B504460025D4B112480068A2
:1042D00008B9012000E0002050B900BF502080F351
:1042E0001188BFF34F8FBFF36F8F00BF00BFFEE792
:1042F00000F028F900212046F8F792FA01F050FA70
:1043000005463DB94FF0805004490860BFF34F8F18
:10431000BFF36F8F70BD0000244A002404ED00E05D
:10432000034909680160034909684160704700005A
:10433000144A0024004A0024012001490860704703
:10434000104A002470B504460D4654B900BF5020F1
:1043500080F31188BFF34F8FBFF36F8F00BF00BF93
:10436000FEE70548016818312046FFF72CFE0121C1
:104370002846F8F755FA70BDEC49002470B505469B
:104380000E46144655B900BF502080F31188BFF384
:104390004F8FBFF36F8F00BF00BFFEE70648016875
:1043A00018312846FFF729FE0CB14FF0FF362146A1
:1043B0003046F8F735FA70BDEC4900242DE9F04796
:1043C00006460F4634464FF00109002E55D0606D69
:1043D00050B900BF502080F31188BFF34F8FBFF357
:1043E0006F8F00BF00BFFEE7206DB84201D23D468F
:1043F00000E0256DE06AA8423FD0606D01283CD105
:104400001F480068844201D0012000E0002050B91C
:1044100000BF502080F31188BFF34F8FBFF36F8F21
:1044200000BF00BFFEE7D4F82C80E562A06900F071
:10443000004010B9C5F13800A06108EB8801114AAD
:1044400002EB81016069884201D1012000E0002077
:1044500098B1201DFFF77AFD0B49E06A0968884290
:1044600002D90949E06A0860E16A01EB8101054A65
:1044700002EB8100211DFFF7C0FDBDE8F0870000C1
:10448000EC490024C44D0024044A002410B586B031
:1044900000200590049003AA04A905A8FFF76AFD6F
:1044A0000022DDE904101346CDE9002102901EA18F
:1044B0001F48039A00F05EFF1E4908600846006826
:1044C00008B1012400E00024012C02D101F0EAF936
:1044D0000446012C15D100BF502080F31188BFF392
:1044E0004F8FBFF36F8F00BF4FF0FF30124908604E
:1044F00001201249086000201149086000F080F88E
:1045000010E0601C08B1012000E0002050B900BF9D
:10451000502080F31188BFF34F8FBFF36F8F00BF20
:1045200000BFFEE706B010BD49444C450000000046
:10453000C1CB0008204A00241C4A0024084A002459
:10454000004A002402480068401C01490860704786
:10455000244A002410B52548006818B101202449D8
:10456000086042E000202249086022480068006894
:1045700020490968096B884205D81E480168343112
:104580000068FFF70FFD1C4801680CE051B900BF3F
:10459000502080F31188BFF34F8FBFF36F8F00BFA0
:1045A00000BFFEE7491E01EB8100144A52F82000CB
:1045B00008B9012000E000200028E7D101EB8102CA
:1045C0000E4B03EB820042685268426000F1080221
:1045D0004368934202D14268526842604268D2689E
:1045E000044B1A600448016000BF10BD244A002437
:1045F000104A0024EC490024044A0024C44D00243D
:104600001CB5524800685249884201D0012000E0A0
:10461000002050B900BF502080F31188BFF34F8FA6
:10462000BFF36F8F00BF00BFFEE7484800684849EE
:10463000491E884201D0012000E0002050B900BF8F
:10464000502080F31188BFF34F8FBFF36F8F00BFEF
:1046500000BFFEE73F49084600780190FF200A4668
:1046600010700846007800909DF8000000F0F000FF
:104670009DF80020904201D1012000E0002050B9B7
:1046800000BF502080F31188BFF34F8FBFF36F8FAF
:1046900000BF00BFFEE79DF8000000F050002E4A6A
:1046A000107007202D4A106009E02C480068401E59
:1046B0002A4A10609DF800004006000E00909DF808
:1046C000000000F080008028EFD024480068C0F18E
:1046D0000700042801D1012000E0002050B900BFEC
:1046E000502080F31188BFF34F8FBFF36F8F00BF4F
:1046F00000BFFEE7194800680002184A1060104623
:10470000008800F4E0601060124A019810700F48B1
:104710002030006840F470000C49203108600846E1
:10472000006840F070400860FFF70EFD00200C4963
:104730000860EBF7E1FD0B48006840F04040094994
:104740000860EBF7C5FD00201CBD000000ED00E097
:1047500071C20F4100E400E0644A0024684A00246A
:10476000604A002434EF00E010B500BF502080F311
:104770001188BFF34F8FBFF36F8F00BF00F07EFE35
:1047800018B14FF080500449086000BF002080F34A
:10479000118800BF10BD000004ED00E070B50546B3
:1047A0000E460DB1012000E0002050B900BF50209E
:1047B00080F31188BFF34F8FBFF36F8F00BF00BF2F
:1047C000FEE7AE4201D8012000E0002050B900BF52
:1047D000502080F31188BFF34F8FBFF36F8F00BF5E
:1047E00000BFFEE702220021284600F05DF80446E3
:1047F00004B1A663204670BDF8B505460E461746BF
:104800000DB1012000E0002050B900BF502080F31E
:104810001188BFF34F8FBFF36F8F00BF00BFFEE75C
:10482000AE4201D8012000E0002050B900BF502066
:1048300080F31188BFF34F8FBFF36F8F00BF00BFAE
:10484000FEE702203B46002211460090284600F079
:1048500058F8044604B1A6632046F8BD2DE9F0419E
:1048600004460126002722460021012000F01CF802
:1048700005462846F8F7B8F92846BDE8F0812DE945
:10488000F84304460D4601274FF000082B4600224E
:1048900011460120009400F034F806463046F8F73F
:1048A000A3F93046BDE8F8832DE9F84305460E46E6
:1048B00017460DB1012000E0002050B900BF502084
:1048C00080F31188BFF34F8FBFF36F8F00BF00BF1E
:1048D000FEE705FB06F808F15000F8F7D7FC0446A0
:1048E00064B1A14609F15009002084F846003B4616
:1048F0004A46314628460094F8F785F92046BDE837
:10490000F8832DE9F84380460E4617461D46DDF82C
:104910002090B8F1000F01D0012000E0002050B934
:1049200000BF502080F31188BFF34F8FBFF36F8F0C
:1049300000BF00BFFEE70DB1012000E0002050B92C
:1049400000BF502080F31188BFF34F8FBFF36F8FEC
:1049500000BF00BFFEE707B10EB1012000E000205C
:1049600050B900BF502080F31188BFF34F8FBFF3C1
:104970006F8F00BF00BFFEE707B90EB9012000E04E
:10498000002050B900BF502080F31188BFF34F8F33
:10499000BFF36F8F00BF00BFFEE75020009000986C
:1049A000502801D1012000E0002050B900BF502064
:1049B00080F31188BFF34F8FBFF36F8F00BF00BF2D
:1049C000FEE700BF2C464CB1012084F846004B4660
:1049D0003A46314640460094F8F715F92046BDE8BE
:1049E000F883000070B505460E462C4654B900BF4A
:1049F000502080F31188BFF34F8FBFF36F8F00BF3C
:104A000000BFFEE7FFF706FBD4E90F12206801FBA9
:104A10000200A0600020A06320686060E06B401E80
:104A2000226C216800FB0211E160FF2084F8440041
:104A300084F845009EB9206908B9012000E00020F3
:104A4000A8B904F1100000F05FFE80B14FF0805073
:104A500009490860BFF34F8FBFF36F8F07E004F180
:104A60001000FFF7A0FA04F12400FFF79CFAFFF70B
:104A7000FBFA012070BD000004ED00E02DE9FF43CA
:104A800083B0064688461D464FF00009344654B9A7
:104A900000BF502080F31188BFF34F8FBFF36F8F9B
:104AA00000BF00BFFEE7B8F1000F01D1206C08B9CC
:104AB000012000E0002050B900BF502080F3118891
:104AC000BFF34F8FBFF36F8F00BF00BFFEE7022D14
:104AD00002D1E06B012801D1012000E0002050B993
:104AE00000BF502080F31188BFF34F8FBFF36F8F4B
:104AF00000BF00BFFEE700F0A1FC08B9059808B9A7
:104B0000012000E0002050B900BF502080F3118840
:104B1000BFF34F8FBFF36F8F00BF00BFFEE700BF33
:104B2000FFF778FAA06BE16B884201D3022D28D100
:104B30002A4641462046F7F780FF0746606A08B9D3
:104B4000012000E0002068B904F1240000F0DCFD41
:104B500088B14FF0805032490860BFF34F8FBFF3E8
:104B60006F8F08E03FB14FF080502D490860BFF3D0
:104B70004F8FBFF36F8FFFF777FA012007B0BDE8C3
:104B8000F083059818B9FFF76FFA0020F6E7B9F13E
:104B9000000F04D101A8FFF7C3FB4FF00109FFF795
:104BA00063FAFFF7CFFCFFF735FA94F94400401C95
:104BB00010B9002084F8440094F94500401C10B955
:104BC000002084F84500FFF74FFA05A901A800F07E
:104BD00059FBF0B92046F8F72EF9A0B104F1100006
:104BE0000599FFF7AFFB2046F8F709FB00F0D8FD69
:104BF000002895D14FF0805009490860BFF34F8FCE
:104C0000BFF36F8F8CE72046F8F7F9FA00F0C8FD84
:104C100086E72046F8F7F3FA00F0C2FD0020ADE782
:104C200004ED00E02DE9F84F07468A4690461E46FF
:104C30003C4654B900BF502080F31188BFF34F8F1A
:104C4000BFF36F8F00BF00BFFEE7BAF1000F01D1C5
:104C5000206C08B9012000E0002050B900BF5020AE
:104C600080F31188BFF34F8FBFF36F8F00BF00BF7A
:104C7000FEE7022E02D1E06B012801D1012000E005
:104C8000002050B900BF502080F31188BFF34F8F30
:104C9000BFF36F8F00BF00BFFEE7FFF769FA00BFE9
:104CA0005021EFF3118081F31188BFF34F8FBFF3D1
:104CB0006F8F00BF0546A06BE16B884201D3022EC7
:104CC00025D194F945B0A06B00903246514620465C
:104CD000F7F7B3FE0BF1010088B9606A08B901204B
:104CE00000E0002050B904F1240000F00DFD28B1CF
:104CF000B8F1000F02D00120C8F8000004E00BF169
:104D0000010040B284F845004FF0010901E04FF086
:104D1000000900BF85F3118800BF4846BDE8F88F41
:104D20002DE9F04706460F46344654B900BF5020DF
:104D300080F31188BFF34F8FBFF36F8F00BF00BFA9
:104D4000FEE7206C08B9012000E0002050B900BF48
:104D5000502080F31188BFF34F8FBFF36F8F00BFD8
:104D600000BFFEE7206808B9A06808B9012000E08C
:104D7000002050B900BF502080F31188BFF34F8F3F
:104D8000BFF36F8F00BF00BFFEE7FFF7F1F900BF71
:104D90005021EFF3118081F31188BFF34F8FBFF3E0
:104DA0006F8F00BF0546D4F83890E06B48451ED998
:104DB00094F945A009F10100A0630AF1010070B95E
:104DC000606A08B9012000E0002068B904F12400FD
:104DD00000F09AFC40B13FB10120386004E00AF1D4
:104DE000010040B284F845004FF0010801E04FF0A7
:104DF000000800BF85F3118800BF4046BDE8F0877A
:104E000070B505462C4654B900BF502080F3118878
:104E1000BFF34F8FBFF36F8F00BF00BFFEE700F0FF
:104E200007FBA16888420CD1E068401EE060E068A2
:104E300028B900231A4619462046FFF71FFE01260F
:104E400000E00026304670BD2DE9F74183B00546ED
:104E50000E464FF000082C4654B900BF502080F396
:104E60001188BFF34F8FBFF36F8F00BF00BFFEE706
:104E70000EB9206C08B9012000E0002050B900BF35
:104E8000502080F31188BFF34F8FBFF36F8F00BFA7
:104E900000BFFEE700F0D2FA08B9059808B9012072
:104EA00000E0002050B900BF502080F31188BFF30C
:104EB0004F8FBFF36F8F00BF00BFFEE700BFFFF74C
:104EC000A9F8A76BF7B131462046F7F7A1FD781E88
:104ED000A063206908B9012000E0002060B904F156
:104EE000100000F011FC38B14FF080502F490860DD
:104EF000BFF34F8FBFF36F8FFFF7B6F8012006B0F7
:104F0000BDE8F081059818B9FFF7AEF80020F6E784
:104F1000B8F1000F04D101A8FFF702FA4FF0010821
:104F2000FFF7A2F8FFF70EFBFFF774F894F94400BF
:104F3000401C10B9002084F8440094F94500401C3E
:104F400010B9002084F84500FFF78EF805A901A8E4
:104F500000F098F9F0B92046F7F760FFA0B104F12E
:104F600024000599FFF7EEF92046F8F748F900F01C
:104F700017FC0028A3D14FF080500C490860BFF304
:104F80004F8FBFF36F8F9AE72046F8F738F900F09C
:104F900007FC94E72046F8F732F900F001FC2046C0
:104FA000F7F73CFF00288AD00020A8E704ED00E0D6
:104FB0002DE9F05F064689461746344654B900BFCE
:104FC000502080F31188BFF34F8FBFF36F8F00BF66
:104FD00000BFFEE7B9F1000F01D1206C08B9012034
:104FE00000E0002050B900BF502080F31188BFF3CB
:104FF0004F8FBFF36F8F00BF00BFFEE7FFF7B8F81A
:1050000000BF5021EFF3118081F31188BFF34F8F60
:10501000BFF36F8F00BF0546D4F838A0BAF1000F78
:1050200022D094F944B049462046F7F7F1FCAAF1A2
:105030000100A0630BF1010070B9206908B90120DB
:1050400000E0002068B904F1100000F05DFB40B101
:105050003FB10120386004E00BF1010040B284F858
:1050600044004FF0010801E04FF0000800BF85F355
:10507000118800BF4046BDE8F09F00002DE9F341D4
:1050800082B005464FF000082C46002654B900BFF8
:10509000502080F31188BFF34F8FBFF36F8F00BF95
:1050A00000BFFEE7206C08B9012000E0002050B9E5
:1050B00000BF502080F31188BFF34F8FBFF36F8F75
:1050C00000BF00BFFEE700F0B9F908B9039808B9BE
:1050D000012000E0002050B900BF502080F311886B
:1050E000BFF34F8FBFF36F8F00BF00BFFEE700BF5E
:1050F000FEF790FFA76BFFB1781EA063206810B980
:10510000F8F76AF9A060206908B9012000E00020E2
:1051100060B904F1100000F0F7FA38B14FF0805098
:1051200043490860BFF34F8FBFF36F8FFEF79CFFBB
:10513000012004B0BDE8F081039898B90EB90120B0
:1051400000E0002050B900BF502080F31188BFF369
:105150004F8FBFF36F8F00BF00BFFEE7FEF784FFE6
:105160000020E6E7B8F1000F04D16846FFF7D8F851
:105170004FF00108FEF778FFFFF7E4F9FEF74AFF6A
:1051800094F94400401C10B9002084F8440094F9BC
:105190004500401C10B9002084F84500FEF764FF6C
:1051A00003A9684600F06EF840BB2046F7F736FECC
:1051B000F0B1206838B9FEF72DFFA06800F052FA70
:1051C0000646FEF751FF04F124000399FFF7BAF8F1
:1051D0002046F8F714F800F0E3FA002888D14FF0E1
:1051E000805013490860BFF34F8FBFF36F8F7FE785
:1051F0002046F8F704F800F0D3FA79E72046F7F7ED
:10520000FEFF00F0CDFA2046F7F708FE0028EED0AA
:105210005EB1FEF7FFFE2046F7F776FC07463946FB
:10522000A068FFF7CBF8FEF71FFF002081E7000022
:1052300004ED00E02DE9F04106460F46344654B92E
:1052400000BF502080F31188BFF34F8FBFF36F8FE3
:1052500000BF00BFFEE700F0EBF8A168884204D170
:10526000E068401CE060012508E039462046FFF771
:1052700005FF054615B1E068401CE0602846BDE822
:10528000F081000070B505460C4655B900BF5020AE
:1052900080F31188BFF34F8FBFF36F8F00BF00BF44
:1052A000FEE754B900BF502080F31188BFF34F8F41
:1052B000BFF36F8F00BF00BFFEE7FEF7ABFE1248E3
:1052C00002686868131A2068401C08B9002617E0B5
:1052D0000E4928680968884204D06868904201D85D
:1052E00001260DE02068984207D92068C01A206086
:1052F0002846FFF715F8002602E00020206001266E
:10530000FEF7B2FE304670BD004A0024144A002465
:105310002DE9FF4F85B0804689461746DDE912AB7F
:10532000B800F7F7B3FF064656B16020F7F7AEFFB7
:1053300004460CB1266304E03046FEF7B3FE00E0FD
:1053400000248CB1002084F85D00CDE900ABCDE9EC
:1053500002403A4649464046089BF7F769FC20461A
:10536000F7F79CFA012501E04FF0FF35284609B018
:10537000BDE8F08F2DE9F04F85B00746884691468D
:105380009A46DDE90EB6109C0EB1012000E0002027
:1053900050B900BF502080F31188BFF34F8FBFF387
:1053A0006F8F00BF00BFFEE70CB1012000E00020BE
:1053B00050B900BF502080F31188BFF34F8FBFF367
:1053C0006F8F00BF00BFFEE7602003900398602846
:1053D00001D1012000E0002050B900BF502080F32F
:1053E0001188BFF34F8FBFF36F8F00BF00BFFEE781
:1053F00000BFB4B1AEB125462C462E63022085F81D
:105400005D00002004A953464A46CDE900B1CDE92C
:10541000025041463846F7F70BFC2846F7F73EFAAC
:1054200001E000200490049805B0BDE8F08F000072
:105430000149086870470000EC49002405490968E3
:1054400009B9012005E00449096809B9022000E012
:1054500000207047084A0024244A002401490868B3
:1054600070470000004A002470B5FEF781FE002559
:1054700001480468204670BD004A00242DE9F0412F
:105480004FF000084348006800287BD1424800687C
:10549000451C4148056015BB40480068006808B9D4
:1054A000012000E0002050B900BF502080F3118897
:1054B000BFF34F8FBFF36F8F00BF00BFFEE73748CA
:1054C000076837480068354908603548076035483F
:1054D0000068401C33490860F7F7E2FD00BF32481E
:1054E000006885423BD300BF2C480068006808B9BB
:1054F000012000E0002020B14FF0FF302A49086071
:105500002CE026480068C068C4686668B54202D2CC
:105510002548066022E0201DFEF718FDA06A18B19C
:1055200004F11800FEF712FD2049E06A096888427C
:1055300002D91E49E06A0860E16A01EB81011C4A58
:1055400002EB8100211DFEF758FD1A49E06A096847
:10555000C96A8842C8D34FF00108C5E700BF1548A3
:105560000068C06A00EB8000114951F82000012852
:1055700001D94FF001081048006808B14FF0010848
:1055800005E0FFE70D480068401C0C4908604046F4
:10559000BDE8F081244A0024004A0024F049002498
:1055A000F4490024144A00241C4A0024044A00241C
:1055B000C44D0024EC490024104A00240C4A002465
:1055C00070B505462C460026002D43D022480068C1
:1055D000844201D1012000E0002050B900BF5020DA
:1055E00080F31188BFF34F8FBFF36F8F00BF00BFF1
:1055F000FEE7606D50B900BF502080F31188BFF303
:105600004F8FBFF36F8F00BF00BFFEE7606D401E7E
:105610006065216DE06A88421CD0606DD0B9201DA4
:10562000FEF794FC206DE062E06AC0F13800A061F2
:105630000A49E06A0968884202D90849E06A0860B4
:10564000E16A01EB8101064A02EB8100211DFEF7B0
:10565000D4FC0126304670BDEC490024044A0024E5
:10566000C44D002470B505462C460026002D42D0BE
:105670002249E06A0968C96A884235D2A06900F007
:10568000004028B91D480068C06AC0F13800A06118
:10569000E16A01EB81011A4A02EB810160698842EB
:1056A00001D1012000E00020C0B1201DFEF74EFC1A
:1056B00012480068C06AE0621249E06A09688842DC
:1056C00002D91049E06A0860E16A01EB81010C4AE5
:1056D00002EB8100211DFEF790FC03E00748006803
:1056E000C06AE062012606E00449206D0968C96AC3
:1056F000884200D20126304670BD0000EC490024EB
:10570000C44D0024044A002470B50646F068C468FD
:1057100054B900BF502080F31188BFF34F8FBFF3FF
:105720006F8F00BF00BFFEE704F11800FEF70EFC0C
:1057300015480068A0B9201DFEF708FC1349E06A6F
:105740000968884202D91149E06A0860E16A01EB00
:1057500081010F4A02EB8100211DFEF74EFC04E09F
:1057600004F118010B48FEF748FC0B49E06A096890
:10577000C96A884204D9012501200849086000E06F
:105780000025284670BD0000244A0024044A002455
:10579000C44D00244C520024EC490024104A00243B
:1057A00070B5002400263648006850B900BF50206C
:1057B00080F31188BFF34F8FBFF36F8F00BF00BF1F
:1057C000FEE7FEF727FC2E480068401E2C490860C3
:1057D0000846006800284ED12A48006800284AD0B0
:1057E00023E02948C068C46804F11800FEF7AEFB46
:1057F000201DFEF7ABFB2549E06A0968884202D903
:105800002249E06A0860E16A01EB8101204A02EB6B
:105810008100211DFEF7F1FB1E49E06A0968C96A93
:10582000884202D301201C4908601748006808B963
:10583000012000E000200028D3D00CB1F7F730FCA5
:105840001648056865B100BFFFF718FE10B10120CA
:10585000114908606D1E002DF6D100200F49086027
:105860000D48006838B1012630070D490860BFF3C4
:105870004F8FBFF36F8FFEF7F7FB304670BD000010
:10588000244A0024FC4900244C520024044A0024E9
:10589000C44D0024EC490024104A00240C4A002482
:1058A00004ED00E010B586B00024F7F753F8164871
:1058B0000068D0B100200590049003AA04A905A8AF
:1058C000FEF764FB0222DDE904100023CDE900218C
:1058D00002900EA10F48039AFFF74CFD0E49086095
:1058E0000846006800B1012400BF54B900BF502031
:1058F00080F31188BFF34F8FBFF36F8F00BF00BFDE
:10590000FEE7204606B010BD304A0024546D7220D8
:1059100053766300E5D10008344A00242DE9FF479F
:1059200004460D4616461F46DDF830804FF000094C
:1059300054B900BF502080F31188BFF34F8FBFF3DD
:105940006F8F00BF00BFFEE71448006810B30095DA
:1059500001960294062D15DAFFF770FD022808D192
:105960000023424669460D480068FFF787F88146E4
:1059700010E000231A46694608480068FFF77EF8E1
:10598000814607E000233A46694604480068FFF76D
:1059900049F98146484604B0BDE8F087304A002402
:1059A000B85B0108000000000000000000000000DB
:1059B00000000000F80300001800000000000000D4
:1059C00000000000B05B01080000000000000000C3
:1059D00000000000000000000004000008000000BB
:1059E0000000000000000000A05B010800000000B3
:1059F0000000000000000000000000000020000087
:105A000008000000000000000000000020060C005C
:105A1000000000249C49002401000200040006004C
:105A200008000A000C001000200040008000000167
:105A3000010101030701000008040204080101013B
:105A4000000000000000000001020304060708092E
:105A5000FFFFFFFFFFFF0000000000002000040028
:105A6000789600248C4A00249C000500FB960024B4
:105A7000904A00241C0008000A9A0024944A00243A
:105A800010001000ED9A0024984A00242000050020
:105A9000F09B00249C4A002418000F00939C0024D3
:105AA000A04A002410000200FE9D0024A44A002405
:105AB00028000400219E0024A84A002410000800A9
:105AC000C49E0024AC4A002410000800479F002414
:105AD000B04A002410000300CA9F0024B44A0024E6
:105AE00010001000FD9F0024B84A0024600210003E
:105AF00000A10024BC4A00245C5A0108685A01082D
:105B0000745A0108805A01088C5A0108985A0108F1
:105B1000A45A0108B05A0108BC5A0108C85A010821
:105B2000D45A0108E05A0108EC5A01082C5C01081B
:105B3000545C0108745C0108345C0108205C0108B5
:105B4000085C0108145C0108685C0108405C0108FD
:105B5000485C01085C5C01080102030405060707B4
:105B6000070707070703060C18306078D84A002497
:105B7000D44A0024DC4A0024E04A0024FA00000051
:105B800099330108E8030000BD950008E803000010
:105B90002D7A00080300000000000000FFFFFFFF57
:105BA0004C7749505461736B4E616D650000000085
:105BB0006C65645461736B0064656661756C7454E4
:105BC00061736B004C5749505F434F4E53545F43D2
:105BD000415354206E6F7420696D706C656D656EF5
:105BE00074656420636F72726563746C792E2043F0
:105BF0006865636B20796F7572206C7749502070EF
:105C00006F72742E0000000046494E5F57414954A0
:105C10005F31000046494E5F574149545F320000F2
:105C200045535441424C495348454400434C4F531B
:105C30004544000053594E5F524356440000000053
:105C4000434C4F53494E47004C4153545F41434BE3
:105C5000000000004C495354454E000054494D4546
:105C60005F57414954000000434C4F53455F574133
:105C70004954000053594E5F53454E5400000000F4
:105C80007463705F656E71756575655F666C61677D
:105C9000733A206E65656420656974686572205486
:105CA00043505F53594E206F72205443505F464912
:105CB0004E20696E20666C616773202870726F6772
:105CC00072616D6D65722076696F6C6174657320A9
:105CD00041504929000000006E657469662D3E68D8
:105CE00077616464725F6C656E206D757374206299
:105CF00065207468652073616D652061732045546B
:105D0000485F4857414444525F4C454E20666F728D
:105D10002065746861727021000000003C5D01081C
:105D200000000024444B000030050008FC5D010821
:105D3000444B0024C4800000A268000801FF01FF5A
:105D400001FF01FF01FF01FF01FF01FF01FF01FF53
:105D500001FF01FF01FF01FF01FF01FF01FF01FF43
:105D600001FF01FF01FF01FF01FF01FF01FF01FF33
:105D700001FF01FF01FF01FF01FF01FF01FF01FF23
:105D800001FF01FF01FF01FF01FF01FF01FF01FF13
:105D900001FF01FF01FF01FF01FF01FF01FF01FF03
:105DA00001FF01FF01FF01FF01FF01FF01FF01FFF3
:105DB00001FF01FF01FF01FF01FF01FF01FF01FFE3
:105DC00001FF01FF01FF01FF01FF01FF01FF01F5DD
:105DD0001365071B0857041A99041A75041A5B0403
:105DE000011C321042013C90D0030401731AAA0135
:0C5DF0000169021AC00B506E19548100AA
:040000050800029954
:00000001FF
