:020000040800F2
:10000000E85801247103000899BA000805A3000804
:1000100095BA0008FD06000873D000080000000033
:10002000000000000000000000000000B102000815
:100030001D0D0008000000000D030008B9BF0008F6
:100040008F0300088F0300088F0300088F03000848
:100050008F0300088F0300088F0300088F03000838
:100060008F0300088F0300088F03000801070008B2
:1000700011070008210700083107000841070008A0
:1000800051070008610700088F0300085516000893
:100090007516000865160008851600081F1600086A
:1000A0008F030008ADC100088F0300088F0300080C
:1000B000BDC10008CDC10008DDC1000819A30008BA
:1000C00009A300088F0300088F0300084DBE000835
:1000D0008F030008ADCE00088F0300088F030008CF
:1000E0008F0300088F030008000000008F03000842
:1000F0008F0300088F0300088F03000871070008B2
:100100008F0300088F030008EDC100088F0300086B
:10011000D9C30008E9C30008FDC100088F03000827
:100120008107000891070008A10700088F03000855
:100130008F0300088F0300088F0300088F03000857
:1001400000000000000000000000000000000000AF
:100150008F0300088F0300088F0300088F03000837
:100160008F0300088F0300088F0300088F03000827
:100170008F0300088F0300088F03000800000000B1
:100180008F0300088F030008F9C3000809C40008A2
:100190008F0300088F0300088F0300088F030008F7
:1001A0008F0300088F0300088F0300088F030008E7
:1001B0008F0300088F0300088F0300088F030008D7
:1001C0008F0300088F0300088F0300088F030008C7
:1001D0008F0300088F0300088F0300088F030008B7
:1001E0008F0300088F0300088F0300088F030008A7
:1001F0008F0300088F0300088F0300088F03000897
:100200008F0300088F0300088F0300088F03000886
:100210008F0300088F0300088F0300088F03000876
:100220008F0300088F0300088F0300080000000000
:100230008F0300088F0300080000000089050008F4
:100240008F0300088F0300088F0300088F03000846
:100250008F0300088F0300088F0300088F03000836
:100260008F0300088F0300088F0300088F03000826
:100270008F0300088F0300088F03000800000000B0
:100280008F0300088F0300088F03000800000000A0
:10029000000000008F030008DFF810D000F036F9EE
:1002A0000048004775020108AFF30080E8580124B8
:1002B0002C4B19680868B0E8F04F80F30988BFF349
:1002C0006F8F4FF0000080F311887047000000002E
:1002D00008480068006880F308884FF0000080F349
:1002E000148862B661B6BFF34F8FBFF36F8F00DF24
:1002F00000BF00BF08ED00E0DFF80C00016841F42A
:1003000070010160704700BF88ED00E0EFF30980E5
:10031000BFF36F8F134B1A681EF0100F08BF20ED4C
:10032000108A20E9F04F106009B44FF0500080F3BC
:100330001188BFF34F8FBFF36F8F1AF09DFC4FF002
:10034000000080F3118809BC19680868B0E8F04F14
:100350001EF0100F08BFB0EC108A80F30988BFF3BD
:100360006F8F7047A4490024EFF3058070470000A9
:10037000074880470748804707480047FEE7FEE7F1
:10038000FEE7FEE7FEE7FEE7FEE7FEE7FEE7FEE745
:1003900031160008B1C00008990200082DE9F05F8D
:1003A0000546002092469B468846064681464024E4
:1003B0001BE0284641464746224600F097F8534640
:1003C0005A46C01A914110D311461846224600F0F1
:1003D0007EF82D1A67EB01084F46224601200021C6
:1003E00000F075F817EB00094E41201EA4F101043E
:1003F000DFDC484631462A464346BDE8F09F000010
:100400000649074A0868504343F23902104408601D
:10041000400870470149086070470000B84B00244D
:100420006D4EC64110B5431A934209D283188818FD
:1004300003E010F8011D03F8011D521EF9D210BD92
:1004400040EA01039B0703D009E008C9121F08C056
:10045000042AFAD203E011F8013B00F8013B521ED6
:10046000F9D210BDD2B201E000F8012B491EFBD237
:1004700070470022F6E710B513460A4604461946AF
:10048000FFF7F0FF204610BD30B5044600200346BC
:1004900000E05B1C934203D2E05CCD5C401BF8D0D3
:1004A00030BD30B50B46014600202022012409E072
:1004B00021FA02F59D4205D303FA02F5491B04FA1D
:1004C00002F52844151EA2F10102F1DC30BD202AFC
:1004D00004DB203A00FA02F1002070479140C2F19B
:1004E000200320FA03F3194390407047202A04DBCD
:1004F000203A21FA02F00021704721FA02F3D0409D
:10050000C2F120029140084319467047064C074D3E
:1005100006E0E06840F0010394E8070098471034D3
:10052000AC42F6D3FFF7BCFE00C5010820C50108A8
:1005300070B58C1810F8015B15F0070301D110F8A5
:10054000013B2A1106D110F8012B03E010F8016BD2
:1005500001F8016B5B1EF9D12B0705D40023521E55
:100560000DD401F8013BFAE710F8013BCB1A921CBD
:1005700003E013F8015B01F8015B521EF9D5A142BB
:10058000D8D3002070BD000010B5024801F074FC03
:1005900010BD0000C04B002470B504464F492068D0
:1005A000884203D04E492068884208D14D480068EF
:1005B00000F4403008B1012009E0002007E04A487B
:1005C000006800F4403008B1012000E00020B8B11C
:1005D00007F06AFB05466068B0F5803F06D0B0F5CD
:1005E000003F04D0B0F5403F08D105E000BF60688F
:1005F000000CB5FBF0F502E0AD0800E000BF2BE019
:100600004FF40020002105F07DFE05466068C0F330
:100610001101F9B980140C281CD2DFE800F01B0688
:100620000708090A0B111315171900BF00BF00BFF7
:1006300000BF00BF6068800C4000B5FBF0F50AE029
:100640002D0908E06D0906E0AD0904E0ED0902E0BE
:100650002D0A00E000BF00BF05F07CF841F2030165
:10066000884210D82148854206D92068806840F425
:100670008070216888602FE02068806820F4807096
:100680002168886028E06D081948854206D82068EE
:10069000806820F44070216888601DE0154885421C
:1006A00008D82068806820F4407040F48070216889
:1006B000886011E01048854208D82068806820F4DE
:1006C000407040F400702168886005E02068806810
:1006D00040F440702168886070BD00000020024036
:1006E000002102400823024008630258002D310116
:1006F000105E5F0020BCBE0040787D0100BFFEE7B9
:1007000010B5024802F07AFB10BD0000645B0024C3
:1007100010B5024802F072FB10BD0000845900249D
:1007200010B5024802F06AFB10BD00009458002486
:1007300010B5024802F062FB10BD0000745A00249C
:1007400010B5024802F05AFB10BD0000EC5A00241C
:1007500010B5024802F052FB10BD0000FC59002405
:1007600010B5024802F04AFB10BD00000C590024ED
:1007700010B5024802F042FB10BD0000844E002478
:1007800010B5024802F03AFB10BD0000244C0024D2
:1007900010B5024802F032FB10BD0000DC5B002403
:1007A00010B5024802F02AFB10BD0000FC4E0024E8
:1007B0000146374A0868904249D0354A18320868DD
:1007C000904244D0324A3032086890423FD0304A9A
:1007D0004832086890423AD02D4A60320868904208
:1007E00035D02B4A78320868904230D0284A90326F
:1007F000086890422BD0264AA8320868904226D03A
:10080000244A0868904222D0224A1832086890424E
:100810001DD0204A30320868904218D01D4A483214
:100820000868904213D01B4A6032086890420ED08C
:10083000184A78320868904209D0164A90320868FF
:10084000904204D0134AA8320868904201D1012096
:1008500000E00020B0B10A78103A1823B2FBF3F0A0
:1008600000F007020C4B9A5CCA65032805D90A6898
:100870006FF30902121D8A6503E00A686FF309022B
:100880008A6503E0086820F0FF008865886D70477E
:100890001000024010040240E4C0010810B50268D4
:1008A0002B4C0368A34222D0294C14340368A34282
:1008B0001DD0274C28340368A34218D0244C3C3464
:1008C0000368A34213D0224C50340368A3420ED0D5
:1008D0001F4C64340368A34209D01D4C783403686C
:1008E000A34204D01A4C8C340368A34201D10123E3
:1008F00000E000238BB10378083B1424B3FBF4F130
:10090000144B03EB81030366124B8033436601F003
:100910001F040123A340836618E00378103B1824CA
:10092000B3FBF4F10C4B9A4204D80B4BA83B9A4210
:1009300000D30831094B03EB81030366074B803377
:10094000436601F01F040123A340836610BD00002D
:100950000854025800580258B804024000080240E7
:100960000179A9B3082940D8204B02689A4222D0C5
:100970001E4B143302689A421DD01C4B2833026868
:100980009A4218D0194B3C3302689A4213D0174B45
:10099000503302689A420ED0144B643302689A4274
:1009A00009D0124B783302689A4204D00F4B8C3333
:1009B00002689A4201D1012200E000224AB14A1E97
:1009C0000B4B03EB8202C266094A4032026708E021
:1009D0000BE04A1E074B03EB8202C266054A403217
:1009E00002674A1E01239340436770470854025828
:1009F0000059025800090240014600208A69D2B914
:100A00008A6A32B1012A0DD0022A03D0032A10D1FA
:100A10000EE000BFCA6A02F08072B2F1807F00D19E
:100A2000012007E0CA6AB2F1C07F00D1012001E0D5
:100A300000E000BF36E08A69B2F5005F1BD18A6A28
:100A400032B1012A07D0022A03D0032A11D10AE0C9
:100A500000BF01200EE0CA6A02F08072B2F1807F0E
:100A600000D1012006E0CA6AB2F1C07F00D10120A6
:100A700000E000BF16E08A6A32B1012A05D0022ADE
:100A800004D0032A0CD103E000BF00BF012008E01E
:100A9000CA6A02F08072B2F1807F00D1012000E0CA
:100AA00000BF00BF70470000F0B5856D846D984FA2
:100AB0000668BE4270D0964F18370668BE426BD0AB
:100AC000934F30370668BE4266D0914F483706686C
:100AD000BE4261D08E4F60370668BE425CD08C4FFC
:100AE00078370668BE4257D0894F90370668BE42B5
:100AF00052D0874FA8370668BE424DD0854F066852
:100B0000BE4249D0834F18370668BE4244D0814F59
:100B100030370668BE423FD07E4F48370668BE4237
:100B20003AD07C4F60370668BE4235D0794F78376F
:100B30000668BE4230D0774F90370668BE422BD051
:100B4000744FA8370668BE4226D0734F0668BE426F
:100B500022D0714F14370668BE421DD06E4F283721
:100B60000668BE4218D06C4F3C370668BE4213D0B0
:100B7000694F50370668BE420ED0674F643706682B
:100B8000BE4209D0644F78370668BE4204D0624F37
:100B90008C370668BE4201D1012600E000263EB136
:100BA000D0E919767E60C66E16B1D0E91C767E60FB
:100BB000574F0668BE4249D0554F18370668BE42A7
:100BC00044D0534F30370668BE423FD0504F48376D
:100BD0000668BE423AD04E4F60370668BE4235D0F6
:100BE0004B4F78370668BE4230D0494F9037066881
:100BF000BE422BD0464FA8370668BE4226D0454F8E
:100C00000668BE4222D0434F18370668BE421DD048
:100C1000404F30370668BE4218D03E4F483706680E
:100C2000BE4213D03B4F60370668BE420ED0394FEC
:100C300078370668BE4209D0364F90370668BE4204
:100C400004D0344FA8370668BE4201D1012600E027
:100C50000026DEB190F85C6006F01F073F26BE401C
:100C6000AE600668366826F4802607683E6006682F
:100C700073608668402E04D10668B2600668F16031
:100C800044E00668B1600668F2603FE0224F066803
:100C9000BE4222D0204F14370668BE421DD01E4FE0
:100CA00028370668BE4218D01B4F3C370668BE4244
:100CB00013D0194F50370668BE420ED0164F643716
:100CC0000668BE4209D0144F78370668BE4204D089
:100CD000114F8C370668BE4201D1012600E0002684
:100CE000A6B190F85C6006F01F070126BE40666062
:100CF000066873608668402E04D10668B260066894
:100D0000F16003E00668B1600668F260F0BD0000C3
:100D1000100002401004024008540258704710B5F9
:100D2000002210E002EB4204036903EBC40100233C
:100D30000B604B608B60CB600B614B6100F1480333
:100D400043F82210521C042AECD30024C465046624
:100D50008466C46684650324036803F58053C3F87E
:100D60003041036803F580530469C3F81C410369EB
:100D70004833046804F58054C4F8283110BD10B518
:100D800000220EE002EB4204C36803EBC40100231F
:100D90000B604B608B60CB6000F1180343F82210AE
:100DA000521C042AEED3002484620324036803F552
:100DB0008053C3F82C41036803F58053C468C3F81B
:100DC0001441036803F58053C468C3F8204110BD83
:100DD00010B5A2B0044601208DF833000020129017
:100DE0008DF841008DF8430001208DF828008DF822
:100DF00056008DF8320000208DF84C0001208DF84F
:100E0000840040030F9000208DF85C0018908DF84E
:100E100085008DF886004FF4C360169000208DF891
:100E200030000B9001208DF8350000208DF8360041
:100E30008DF840001D901B9014908DF864008DF883
:100E40007A0001208DF842002020209001208DF8AA
:100E5000440000208DF855004FF0405009904FF4A9
:100E600080400E9000208DF8310002201F9000205D
:100E70008DF878008DF879008DF8540001208DF8F8
:100E8000340000201A9001208DF8700009A9204636
:100E900000F0A8FA01208DF80400029000200090D4
:100EA0008DF81C008DF80D008DF80C004FF400102B
:100EB000069000208DF814004FF4001004900020DC
:100EC0008DF81D004FF4067008906946204600F02A
:100ED0002BFA22B010BD0020704710B504F040FC82
:100EE00010BD000010B5024803F076FD002010BDD3
:100EF000E4A5002470B504460D46164633462A463E
:100F00002146044803F060FC10B14FF0FF3070BD83
:100F10000020FCE7E4A5002470B504460D46164603
:100F200033462A462146044803F088FE10B14FF0AC
:100F3000FF3070BD0020FCE7E4A500242DE9F04F50
:100F400006460B46924606F118042269D4F8108032
:100F50004FF0000C54F822109D68E346C86800F07A
:100F60000040B0F1004F04D004F1140050F822000A
:100F700010B10220BDE8F08F187800F00400C8B36B
:100F8000C8686FF30F00D3F824E040EA0E00C86091
:100F9000C86840F48030C8603068006E40F480104B
:100FA000D6F800E0CEF86000187800F0080008B32A
:100FB000B3F82CE088686EF31F408860C86840F47E
:100FC0000030C860C86820F44020D3F830E040EA20
:100FD0000E00C8603068406E40F48010D6F800E023
:100FE000CEF864003068006D40F08060D6F800E014
:100FF000CEF85000187800F0100058B188686FF3F0
:101000000D00D3F818E040EA0E008860C86840F090
:101010008060C860187800F0040018B9187800F0F3
:10102000100078B3C86840F08040C86000BF00BFBF
:1010300000BFBFF35F8F00BF00BF00BFC86840F0B4
:101040000040C86000BF521C042A00D3121F00BF1A
:1010500054F822100CF1010CC86800F00040B0F107
:10106000004F10D154F8281000BF00BF00BFBFF3DD
:101070005F8F00BF00BF00BFC86820F00040C8609D
:10108000022077E7FFE70CF1010C28680860886808
:101090006FF30D00D5F804E040EA0E008860A86800
:1010A00068B1AD68286848608868DFF878E200EACF
:1010B0000E00B5F804E040EA0E40886007E000202A
:1010C00048608868DFF85CE200EA0E008860187803
:1010D00000F01000A0B1C86820F4F000B3F820E0E0
:1010E00040EACE40C860C8686FF31100D3F81CE036
:1010F00040EA0E00C860C86840F48020C8601FE065
:10110000C8686FF30E00D3F804E040EA0E00C86030
:10111000187800F0010038B1C86820F44030D3F8E6
:1011200014E040EA0E00C860187800F0200038B1E2
:10113000C86820F04060D3F810E040EA0E00C860B4
:10114000187800F0040038B1886820F44040D3F8E3
:1011500028E040EA0E008860C86840F00050C8608F
:10116000C86820F08040C86000BF00BF00BFBFF368
:101170005F8F00BF00BF00BFC86840F00040C8607C
:10118000187800F0020038B1C86820F06070D3F819
:101190000CE040EA0E00C86096E0C86820F080507D
:1011A000C86000BF521C042A00D3121F00BF54F8AD
:1011B0002210C86820F00050C860C86800F00040E5
:1011C000B0F1004F04D004F1140050F82200F8B13F
:1011D000424654F822104FF0000915E000BF00BF4E
:1011E00000BFBFF35F8F00BF00BF00BFC86820F023
:1011F0000040C86000BF521C042A00D3121F00BF69
:1012000054F8221009F10109E145E7D30220B1E6C3
:101210000CF1010CAD682868086088686FF30D0058
:10122000D5F804E040EA0E008860A86868B1AD68AF
:10123000286848608868DFF8ECE000EA0E00B5F83E
:1012400004E040EA0E40886007E0002048608868BB
:10125000DFF8D0E000EA0E008860187800F0100097
:1012600060B1C8686FF31100D3F81CE040EA0E00CB
:10127000C860C86840F48020C86013E0C8686FF395
:101280000E00D3F804E040EA0E00C860187800F0C1
:10129000010038B1C86820F44030D3F814E040EAC7
:1012A0000E00C8600BF1010B00BF00BF00BFBFF311
:1012B0005F8F00BF00BF00BFC86840F00040C8603B
:1012C000C86820F08040C860A86800287FF465AF37
:1012D000BAF1000F04D0886840F00040886003E055
:1012E000886820F000408860C86840F08050C8607E
:1012F00004F1140E606A4EF82200226100BFEFF381
:101300001080074600BF012080F3108800BF0BF15A
:10131000010EA06A7044A06200BF87F3108800BF6E
:10132000002027E6FFFF00C010B5036803F58053D7
:101330001B6847F60204A3430C682343046804F5C2
:10134000805423600C798B6843EA04330C7B43EAB6
:10135000C432036803F580535B684DF20104A34374
:101360001343046804F5805463604C7B0B6A43EAC2
:101370000442036803F58053D3F80031164C234030
:101380001343046804F58054C4F800310C7D0B69E4
:1013900043EA04134C7F43EA0432036803F58053A5
:1013A000D3F804310D4C23401343046804F58054F2
:1013B000C4F804310C7F8B6943EAC472036803F5F7
:1013C0008053D3F80831064C23401343046804F5D6
:1013D0008054C4F8083110BD00C0FEFFEFEFC0FF1D
:1013E000FFFFC07F10B50C688B6823430C7943EA7C
:1013F000C4630C7B43EAC4534C7B43EA84538C7B29
:1014000043EA4453CC7B43EA04530C7C0CB90124DB
:1014100000E0002443EAC4434C7C0CB9012400E002
:10142000002443EA44438C7C43EA04434C6923434D
:101430008C6923430C7F43EA04334C7F43EAC42383
:101440008C7F0CB9012400E0002443EA8423CC7F84
:1014500043EA442391F820400CB9012400E0002421
:1014600043EA042351F8244F23430C7943EA04133D
:101470008C6843EA040203681B683D4C2340134315
:10148000046823600B7E5B060C7D43EA04630C7BDF
:1014900043EA84434C7B43EA44438C7B24390CB9B4
:1014A000012400E0002443EA04434C6B43EA0402B5
:1014B00003685B682F4C234013430468636091F812
:1014C00040404B6C43EA04220368DB6840F20F148F
:1014D000A34313430468E36091F854400B6D43EA5F
:1014E000440391F84C400CB9012400E0002443EA85
:1014F000C41331F8484F43EA044203681B6F4FF6A8
:101500000D7423401343046823678B7B4C7B43EAB1
:1015100044020368D3F8903023F0030313430468B4
:10152000C4F890300368D3F8003D23F072030C69CF
:1015300023430468C4F8003D0C7E4B6948390CB95C
:10154000012400E0002443EA841391F8614043EA57
:10155000041391F8624043EAC4020368D3F8303DB3
:1015600023F07B0313430468C4F8303D10BD000032
:10157000838004000080F8C02DE9F8430446002071
:1015800000904FF00109A56E04F1480050F8256065
:10159000E76E24E0306958B9684603F095F9009881
:1015A00010B94FF0000903E00098306100983060F6
:1015B000B9F1000F13D0A06D18B14FF04140F060A9
:1015C00002E04FF00140F06000BF6D1C042D00D31D
:1015D0002D1F00BF04F1480050F825607F1E17B191
:1015E000B9F1000FD6D1E06EB84216D0E81C00F079
:1015F000030800BF00BF00BFBFF35F8F00BF00BF85
:1016000000BF08EB4801206900EBC101206800F52C
:101610008050C0F82811A566E766BDE8F88310B5CC
:10162000802003F07BFF10BD72B600BFFEE7000014
:101630000748006840F002000549086000BF044800
:101640000838006800F400500028F8D07047000007
:101650000C48025810B5024803F034FB10BD0000DE
:101660009C4C002410B5024803F02CFB10BD000078
:101670009C4C002410B5024803F024FB10BD000070
:101680003C4D002410B5024803F01CFB10BD0000C7
:101690003C4D002410B501464A6B0868D0F8840020
:1016A0004FF6FC74A04340EA82000C68C4F8840042
:1016B0000868D0F8840020F47F04088F44EA0040D2
:1016C0000C68C4F88400886B02440868D0F888006D
:1016D0004FF6FC74A04340EA82000C68C4F888000E
:1016E0000868D0F8880020F4FE04888F44EA00409F
:1016F0000C68C4F88800C86B02EB40020868D0F898
:10170000A0004FF6FC74A04340EA82000C68C4F8C5
:10171000A0000868D0F8A00020F4FE044020405A41
:1017200044EA00400C68C4F8A000D1E9104004FB72
:1017300000220868D0F8B0004FF6FC74A04340EADD
:1017400082000C68C4F8B0000868D0F8B00020F43B
:10175000FE04B1F8480044EA00400C68C4F8B00048
:10176000D1E9124004FB00220868D0F8AC004FF623
:10177000FC74A04340EA82000C68C4F8AC00D1E9D4
:10178000144004FB00220868D0F8F0004FF6FC7407
:10179000A04340EA82000C68C4F8F0000868D0F862
:1017A000F00020F47C14B1F8580044EA00400C68C2
:1017B000C4F8F000886D02EB40020868D0F8C00061
:1017C0004FF6FC74A04340EA82000C68C4F8C000E5
:1017D0000868D0F8C00020F47C14B1F85C0044EA3A
:1017E00000400C68C4F8C0000868D0F8C00020F0C1
:1017F0007C5491F8600044EA00600C68C4F8C000B2
:101800002A4C486B04EB8000C866CC6E886B04EBF6
:1018100080040C670C6FC86B04EBC0044C67D1E903
:10182000100460434C6F04EB80048C67D1E9120410
:1018300060438C6F04EB8004CC67D1E914046043EF
:10184000CC6F04EB8004802044504458886D04EB36
:10185000C004842044508C6EC86D60438424645856
:1018600004EB8004882044508C6E086E604388240A
:10187000645804EB80049020445040580C4CA04223
:1018800009D99831486840F020004860032001F8E9
:101890009809012010BDCB6E02E0002018601B1DCE
:1018A000902040589842F8D80020F3E700AC004060
:1018B000FCD3004070477047704770477047000086
:1018C0002DE9F84F04460D464FF0000A0020009025
:1018D00094F83800012800D100E000BFFC49E86816
:1018E000884200D00EE0FB492068884200D100BF4A
:1018F000F9492068884200D100BFF8492068884231
:1019000000D100BF00BF94F85000012802D102208E
:10191000BDE8F88F012084F8500000BF206809F06E
:1019200092F9002870D1286800F00040A8B920681A
:10193000C1692868C0F3130018B92868C0F384602F
:1019400004E0286890FAA0F0B0FA80F000F01F02DE
:101950000120904001432068C1612168D5E9002041
:1019600001F1300CC0F3012B0CEB8B03D3F800C05A
:1019700000F01F0E4FF01F0B0BFA0EFB2CEA0B0CA6
:1019800000F01F0BC2F3846E0EFA0BFE4CEA0E0C35
:10199000C3F800C000BF206809F055F981462068EF
:1019A00009F042F98046B9F1000F78D1B8F1000F83
:1019B000FBD12168AA68286801F1140CC0F3406BC0
:1019C0000CEB8B03D3F800C0C0F3045E4FF0070BA1
:1019D0000BFA0EFB2CEA0B0CC0F3045B02FA0BFBB8
:1019E0004CEA0B0CC3F800C000BFBD48006800F013
:1019F0007040B0F1805F08D168692168C968C1F39F
:101A000082014900884015E013E22068C06800F0B8
:101A1000100038B968692168C968C1F382014900BA
:101A2000884007E068692168C96801F010018908E9
:101A3000490088400746286904283FD020682A6862
:101A4000296900F1600C0CEB8103D3F800C00CF0A5
:101A5000004C02F0F84B4BEA070B4CEA0B0CC3F8B6
:101A600000C000BF20686A7E2969012A01D1D2071F
:101A700000E00022134600F1600C0CEB8102D2F86A
:101A800000C02CF0004C4CEA030CC2F800C000BFB0
:101A900020682B7E2969012B02D1DB0201E045E0A1
:101AA00000231A46036923F4F04301F01F0C02FAE5
:101AB0000CFC43EA0C03036100BF37E02068006EB2
:101AC00000F0F8402978B0EB816F05D12068006EF6
:101AD00020F00040216808662068406E00F0F84061
:101AE0002978B0EB816F05D12068406E20F000406E
:101AF000216848662068806E00F0F8402978B0EBD5
:101B0000816F05D12068806E20F0004021688866D2
:101B10002068C06E00F0F8402978B0EB816F05D1E5
:101B20002068C06E20F000402168C866206809F077
:101B300080F800286FD12068EA682968D0F8C0C012
:101B4000C1F313032CEA030C02F0180B654B23FAC4
:101B50000BF30B404CEA030CC0F8C0C000BF5C495B
:101B6000E868884270D15B4B206898423DD15E4B5B
:101B70002A689A4201D1012276E05C4B2A689A4297
:101B800001D15B4A70E05B4B2A689A4201D15A4A04
:101B90006AE05A4B2A689A4201D1594A64E0594B8B
:101BA0002A689A4201D1584A5EE0584B2A689A4204
:101BB00001D1574A58E0564B2A689A4201D1554AFA
:101BC00052E0544B2A689A4201D1534A4CE0534B9D
:101BD0002A689A4201D1524A46E0524B2A689A42F8
:101BE00001D1514A40E000223EE03B4B22689A423C
:101BF00039D13D4B2A689A4201D1012234E03B4B56
:101C00002A689A4201D13A4A2EE03A4B2A689A420F
:101C100002D1394A28E0B4E0384B2A689A4201D10F
:101C2000374A21E0374B2A689A4201D1364A1BE0F5
:101C3000364B2A689A4201D1354A15E0344B2A685E
:101C40009A4202D1334A0FE023E0324B2A689A428B
:101C500001D1314A08E0334B2A689A4201D1324A15
:101C600002E0002200E000221146C369C1F3130222
:101C700012B9C1F3846203E091FAA1F2B2FA82F2DE
:101C800002F01F0C012202FA0CF21343C36100BFE1
:101C900000BF286800F00040002872D00D4A21687B
:101CA000914203D00C4A2168914201D11F4900E0C2
:101CB0001F490846816801F0E07600BF05492068A9
:101CC000884203D004492068884233D1174832E063
:101CD0000000FF470020024000210240006002583F
:101CE0000010005CFFFF0F000200300404006008D9
:101CF000400020190800900C8000501D1000C010FA
:101D0000000180212000F0140002B0250004002A08
:101D10000008302E00106032002090360000214371
:101D2000000052470000844B0000B84F00230240DF
:101D30000063025845484649884209D1454808F0A1
:101D400078FF8346444808F074FF4BEA000002E045
:101D5000424808F06EFFE8BB41492868884227D115
:101D600006F4000020BB3D492068884267D1394B0A
:101D700022689A4203D0384B22689A4202D1344AF0
:101D800001E032E0314A104646F4000108F069FFF4
:101D9000344800683449B0FBF1F0401C400000902A
:101DA00002E00098401E009000980028F9D146E01B
:101DB0002E492868884219D106F08070B0B92749A9
:101DC000206888423BD1234B22689A4205D0224B9F
:101DD000226800E026E09A4201D11D4A00E01B4A39
:101DE000104646F0807108F03CFF28E02049286842
:101DF000884224D106F4800008BB18492068884234
:101E00001DD1144B22689A4203D0134B22689A4288
:101E100001D10F4A00E00D4A104646F4800108F057
:101E200020FF0CE0606D40F0200060654FF0010A7B
:101E300005E0606D40F0200060654FF0010A00BFD2
:101E4000002084F8500000BF504661E5006302584E
:101E5000002302400020024000210240006002589E
:101E6000000084CB9C490024400D0300000052C7B1
:101E70000000B8CF704770472DE9F84F04460020A6
:101E800000902068056820684668CD4A2168914224
:101E900003D0CC4A2168914201D1CB4900E0CB4923
:101EA000084608F0BCFE074605F00200022811D1E2
:101EB00006F0020002280DD1606D00F0100018B984
:101EC000606D40F4006060652046FFF7F3FC02207F
:101ED0002168086005F00400042803D106F004001E
:101EE000042807D005F0080008285DD106F0080096
:101EF000082859D1606D00F0100018B9606D40F4E9
:101F000000706065206808F0A3FE002846D0AD4947
:101F10002068884201D1AA4800E0206821688842F0
:101F200004D01FB1052F01D0092F03D12068D0F8AC
:101F30000C8009E0A3492068884201D1A04800E054
:101F400020688346DBF80C8008F40050B0F5005F91
:101F500024D02068006800F0080008281ED12068FE
:101F600008F071FE90B92068406820F00C002168EC
:101F70004860606D20F480706065606D00F4805092
:101F800060B9606D40F00100606507E0606D40F091
:101F900010006065A06D40F00100A0652046FFF7CD
:101FA00069FF0C202168086005F02000202803D17B
:101FB00006F02000202807D005F04000402870D10E
:101FC00006F0400040286CD1606D00F0100018B998
:101FD000606D40F4005060652068C16C01F4C07110
:101FE00009B9012100E000218A4600BF206808F0FD
:101FF0002FFE814673492068884201D1704800E075
:1020000020682168884204D01FB1062F01D0072F15
:1020100003D12068D0F80C8009E06A492068884222
:1020200001D1674800E020688346DBF80C80BAF1F4
:10203000000F30D008F0007028B1B9F1000F2AD09D
:1020400008F4005038BB2068006800F040004028C9
:1020500021D108F40010F0B9206808F0E5FD90B92E
:102060002068406820F0600021684860606D20F4BE
:1020700080506065606D00F4807060B9606D40F004
:102080000100606507E0606D40F010006065A06DC4
:1020900040F00100A0652046FFF70DFC602021689C
:1020A000086005F0800080280DD106F080008028AF
:1020B00009D1606D40F480306065204600F0CEF9B3
:1020C00080202168086005F48070B0F5807F0FD112
:1020D00006F48070B0F5807F0AD1606D40F4003066
:1020E00060652046FFF7E9FB4FF4807021680860C7
:1020F00005F40070B0F5007F0FD106F40070B0F564
:10210000007F0AD1606D40F4802060652046FFF7B3
:10211000D5FB4FF400702168086005F0100010280E
:1021200033D106F0100010282FD1206B10B90120F8
:10213000009019E08FB1224A2168914203D0214AD0
:102140002168914201D1204900E02049084608F069
:1021500061FD48B10120009006E02068C06800F0F1
:10216000030008B101200090009801280AD1606D99
:1021700040F480606065A06D40F00200A0652046DC
:10218000FFF779FE10202168086005F48060B0F543
:10219000806F13D106F48060B0F5806F0ED1606D52
:1021A00040F480406065A06D40F00800A0654FF4E9
:1021B0008060216808602046FFF77EFBBDE8F88F4D
:1021C0000020024000210240002302400063025828
:1021D0002DE9F84F04464FF000090020009014B993
:1021E0000120BDE8F88FE06818B1207F012800D1F8
:1021F00000BF606D30B9204600F032F90020A065C4
:1022000084F8500020688168C1F3407131B12068C2
:102210008168874A1140816000BF00BF206808F0D4
:102220000DFDA8B920688168824A114041F08051B3
:10223000816000BF804800688049B0FBF1F0401C1D
:10224000009002E00098401E009000980028F9D10C
:10225000206808F0F3FC48B9606D40F0100060653C
:10226000A06D40F00100A0654FF00109206808F062
:10227000EAFC0646606D00F0100000287ED1002EBA
:10228000FCD1606D20F4807040F002006065206831
:1022900008F0CFFC78BB6A492068884203D06949BE
:1022A0002068884201D1684800E068486649884251
:1022B00009D1634808F0BDFC8246624808F0B9FCC9
:1022C0004AEA000002E0624808F0B3FC98B95C4BAF
:1022D00022689A4203D05B4B22689A4201D15A4A43
:1022E00000E05A4A10466168826822F47C120A4370
:1022F000826000BF00BF03F02DFA41F20301884263
:102300000ED9A06810280BD1607D216B41EA4030C6
:10231000A168084340F00C01207F41EA004508E035
:10232000607D216B41EA4030A1680843217F40EA8B
:102330000145207F012803D1208C401E45EA4045FD
:10234000606A28B1A08C00F47870A16A0843054344
:102350002068C0683F49084028432168C860206859
:1023600008F071FC8046206808F05EFC0746B8F172
:10237000000F3BD1D7BB207DE16A00E050E041EA8D
:1023800080352068C06844F20301884328432168EF
:10239000C86094F83800012817D1606A08B1A06AB3
:1023A00000B900BFA08F401E012141EA0041206C0E
:1023B0000843616C0843A16C084321680969264AF7
:1023C000114008432168086105E02068006920F099
:1023D0000100216808612068006920F07040616B8D
:1023E0000843216808612046FEF7D6F8E068012816
:1023F00009D12068006B20F00F00A169491E084335
:102400002168086305E02068006B20F00F00216858
:102410000863606D20F0020040F00100606505E097
:10242000606D40F0100060654FF001094846D8E645
:10243000C0FFFF5FC0FFFF7F9C490024400D0300E9
:1024400000200240002102400023024000630258A5
:102450000060025803C0F0FF1EF800FC7047000047
:1024600010B5B8B00446142132A8FEF702F8C02116
:1024700002A8FDF7FEFF3C492068884271D14FF465
:1024800000210020CDE9021088102B9002A804F052
:1024900091FB08B1FFF7C8F800BF3448006840F06E
:1024A0008070324908600846006800F08070019032
:1024B00000BF00BF00BF0846006840F02000086071
:1024C0000846006800F02000019000BF00BF00BF78
:1024D0000846006840F0040008600846006800F004
:1024E0000400019000BF00BF4FF4FF603290032052
:1024F00033900020349032A91D4803F01DF80120CC
:102500003290032033900020349032A9194803F010
:1025100013F81948194908607320486000211748CA
:102520008160C1604FF480610161490041618900AF
:1025300081614911C161490201620021416201F0DA
:10254000D9F908B1FFF770F800BF0C48E064846364
:1025500000BF002205217F2003F0F8FA7F2003F05E
:10256000E1FA38B010BD000000600258E0440258A3
:10257000001402580008025810040240244C0024A1
:102580002DE9F041044603F0EBF8804614B9012030
:10259000BDE8F08194F83500022808D080206065FD
:1025A00000BF002084F8340000BF0120F0E7FE499E
:1025B0002068884249D0FC4918312068884244D0BC
:1025C000F9493031206888423FD0F74948312068C6
:1025D00088423AD0F44960312068884235D0F249C7
:1025E00078312068884230D0EF49903120688842A5
:1025F0002BD0ED49A8312068884226D0EB492068CD
:10260000884222D0E9491831206888421DD0E74924
:1026100030312068884218D0E44948312068884227
:1026200013D0E2496031206888420ED0DF4978310A
:102630002068884209D0DD4990312068884204D062
:10264000DA49A8312068884201D1012000E0002049
:1026500068B12068006820F01E00216808602068CA
:10266000406920F0800021684861256806E0206804
:10267000006820F00E00216808602568CA492068BB
:10268000884270D0C8491831206888426BD0C6494A
:1026900030312068884266D0C3494831206888427A
:1026A00061D0C1496031206888425CD0BE49783130
:1026B0002068884257D0BC4990312068884252D067
:1026C000B949A831206888424DD0B849206888426D
:1026D00049D0B64918312068884244D0B3493031D6
:1026E000206888423FD0B1494831206888423AD0BA
:1026F000AE4960312068884235D0AC4978312068D5
:10270000884230D0A9499031206888422BD0A7490F
:10271000A8312068884226D0A5492068884222D066
:10272000A3491431206888421DD0A149283120686E
:10273000884218D09E493C312068884213D09C4979
:102740005031206888420ED099496431206888420F
:1027500009D0974978312068884204D094498C3157
:102760002068884201D1012000E0002028B1206EBD
:10277000006820F48070216E08608B4920688842D0
:1027800049D0894918312068884244D0864930317F
:10279000206888423FD084494831206888423AD036
:1027A000814960312068884235D07F49783120687E
:1027B000884230D07C499031206888422BD07A49B9
:1027C000A8312068884226D078492068884222D0E3
:1027D00076491831206888421DD07449303120680C
:1027E000884218D0714948312068884213D06F4917
:1027F0006031206888420ED06C4978312068884268
:1028000009D06A4990312068884204D06749A831CC
:102810002068884206D12068006820F00100216805
:10282000086005E02068006820F001002168086069
:1028300011E002F095FFA0EB080005280BD920203D
:102840006065032084F8350000BF002084F8340060
:1028500000BF01209CE6286800F001000028E8D1B4
:1028600051492068884249D04F4918312068884230
:1028700044D04D493031206888423FD04A494831E0
:10288000206888423AD0484960312068884235D073
:10289000454978312068884230D0434990312068DA
:1028A00088422BD04049A8312068884226D03F4931
:1028B0002068884222D03D491831206888421DD0C6
:1028C0003A4930312068884218D038494831206868
:1028D000884213D035496031206888420ED0334990
:1028E00078312068884209D0304990312068884288
:1028F00004D02E49A8312068884201D1012000E08F
:10290000002040B1A66D94F85C0000F01F013F204C
:102910008840B06007E0A76D94F85C0000F01F01EC
:1029200001208840786020492068884276D01E497E
:1029300018312068884271D01B49303120688842A4
:102940006CD0194948312068884267D016496031F7
:102950002068884262D014497831206888425DD06E
:10296000114990312068884258D00F49A831206819
:10297000884253D00D49206888424FD00B49183106
:10298000206888424AD0094930312068884245D0C1
:10299000064948312068884240D0044960312068A7
:1029A00088423BD0014905E010000240100402407B
:1029B000085402587831206888422FD02549206871
:1029C00088422BD0234918312068884226D02249DA
:1029D0002068884222D020491431206888421DD0C6
:1029E0001D4928312068884218D01B493C31206895
:1029F000884213D018495031206888420ED01649B9
:102A000064312068884209D01349783120688842AF
:102A100004D011498C312068884201D1012000E0A6
:102A2000002068B1D4E919104860E06E40B1E06E52
:102A3000006820F48070E16E0860D4E91C104860E2
:102A4000012084F8350000BF002084F8340000BF66
:102A500000BF9DE5A00402400854025870B504462A
:102A60000CB9012070BD94F83500022803D08020F5
:102A700060650120F6E7DC492068884249D0DA49E0
:102A800018312068884244D0D749303120688842C4
:102A90003FD0D5494831206888423AD0D249603188
:102AA0002068884235D0D04978312068884230D0BB
:102AB000CD499031206888422BD0CB49A83120687D
:102AC000884226D0C9492068884222D0C749183197
:102AD000206888421DD0C54930312068884218D00E
:102AE000C24948312068884213D0C049603120680B
:102AF00088420ED0BD4978312068884209D0BB4950
:102B000090312068884204D0B849A83120688842B2
:102B100001D1012000E00020F0B3042084F835004A
:102B2000B149206888424BD0AF49183120688842AB
:102B300046D0AD4930312068884241D0AA49483159
:102B4000206888423CD0A84960312068884237D04C
:102B5000A54978312068884232D0A3499031206855
:102B600088422DD0A049A8312068884228D09F49AA
:102B70002068884224D09D491831206888421FD09F
:102B80009A493031206888421AD0984948312068E3
:102B9000884215D0954900E020E0603120688842E5
:102BA0000ED0924978312068884209D08F499031FF
:102BB0002068884204D08D49A8312068884206D117
:102BC0002068006820F001002168086009E12068A1
:102BD000006820F001002168086002E120680068B8
:102BE00020F00E00216808607F492068884249D0A3
:102BF0007D4918312068884244D07B4930312068B3
:102C000088423FD078494831206888423AD0764996
:102C100060312068884235D0734978312068884215
:102C200030D071499031206888422BD06E49A8314C
:102C30002068884226D06D492068884222D06B499E
:102C40001831206888421DD0684930312068884298
:102C500018D0664948312068884213D063496031F2
:102C6000206888420ED0614978312068884209D0B6
:102C70005E4990312068884204D05C49A8312068C0
:102C8000884206D12068006820F0010021680860B1
:102C900005E02068006820F00100216808605249C2
:102CA0002068884270D050491831206888426BD023
:102CB0004D4930312068884266D04B494831206800
:102CC000884261D048496031206888425CD04649DA
:102CD00078312068884257D0434990312068884233
:102CE00052D04149A831206888424DD03F492068E0
:102CF000884249D03D4918312068884244D03B4938
:102D00003031206888423FD03849483120688842B5
:102D10003AD0364960312068884235D0334978311D
:102D20002068884230D031499031206888422BD0C9
:102D30002E49A8312068884226D02D492068884233
:102D400022D02B491431206888421DD028492831CF
:102D50002068884218D026493C312068884213D028
:102D600023495031206888420ED0214964312068BF
:102D7000884209D01E4978312068884204D01C4915
:102D80008C312068884201D1012000E00020D8B1B8
:102D9000206E006820F48070216E0860A56D94F8A4
:102DA0005C0000F01F01012088406860D4E9191020
:102DB0004860E06E40B1E06E006820F48070E16E23
:102DC0000860D4E91C104860012084F8350000BF79
:102DD000002084F8340000BF206D10B12046216D22
:102DE000884700203EE60000100002401004024028
:102DF00008540258014691F8350070472DE9F84F04
:102E0000044600200090FE4800684FF41651B0FBC5
:102E1000F1FAA66DD4F858803768D8F80090F949CF
:102E20002068884249D0F74918312068884244D048
:102E3000F4493031206888423FD0F2494831206857
:102E400088423AD0EF4960312068884235D0ED4958
:102E500078312068884230D0EA4990312068884231
:102E60002BD0E849A8312068884226D0E64920685E
:102E7000884222D0E4491831206888421DD0E249B6
:102E800030312068884218D0DF49483120688842B4
:102E900013D0DD496031206888420ED0DA4978319C
:102EA0002068884209D0D84990312068884204D0EF
:102EB000D549A8312068884201D1012000E00020D6
:102EC00000287DD094F85C0000F01F0108208840A5
:102ED0003840002868D0CB492068884249D0C94989
:102EE00018312068884244D0C64930312068884271
:102EF0003FD0C4494831206888423AD0C149603146
:102F00002068884235D0BF4978312068884230D067
:102F1000BC499031206888422BD0BA49A83120683A
:102F2000884226D0B8492068884222D0B649183154
:102F3000206888421DD0B44930312068884218D0BA
:102F4000B14948312068884213D0AF4960312068C8
:102F500088420ED0AC4978312068884209D0AA490D
:102F600090312068884204D0A749A831206888425F
:102F700004D12068006800F0040003E020680068C5
:102F800000F0080080B12068006820F0040021688B
:102F9000086094F85C0000F01F0108208840B060D1
:102FA000606D40F00100606594F85C0000F01F0166
:102FB000012088403840E8B392492068884200E008
:102FC000B7E24BD08F4918312068884246D08D49EE
:102FD00030312068884241D08A494831206888428F
:102FE0003CD0884960312068884237D085497831A3
:102FF0002068884232D083499031206888422DD0A1
:103000008049A8312068884228D07F4920688842BA
:1030100024D07D491831206888421FD07A49303148
:10302000206888421AD0784948312068884215D0F3
:10303000754900E026E06031206888420ED0724970
:1030400078312068884209D06F49903120688842E1
:1030500004D06D49A8312068884204D120684069B5
:1030600000F0800002E020680068002050B194F871
:103070005C0000F01F0101208840B060606D40F0EE
:103080000200606594F85C0000F01F010420884095
:103090003840E8B35B49206888424BD05949183121
:1030A0002068884246D0574930312068884241D054
:1030B00054494831206888423CD0524960312068E8
:1030C000884237D04F4978312068884232D04D4904
:1030D0009031206888422DD04A49A8312068884222
:1030E00028D049492068884224D0474918312068AF
:1030F00088421FD044493031206888421AD0424962
:1031000048312068884215D03F496031206800E08E
:1031100024E088420ED03C4978312068884209D0AA
:10312000394990312068884204D03749A831206855
:10313000884204D12068006800F0020002E02068A4
:103140000068002050B194F85C0000F01F010420DA
:103150008840B060606D40F00400606594F85C00E9
:1031600000F01F01102088403840E8B3254920684E
:10317000884251D023491831206888424CD02149D7
:1031800030312068884247D01E4948312068884243
:1031900042D01C496031206888423DD019497831BD
:1031A0002068884238D0174990312068884233D04F
:1031B0001449A831206888422ED0134920688842DB
:1031C0002AD0114918312068884225D00E49303163
:1031D0002068884220D00C494831206888421BD0A2
:1031E00009496031206800E04DE0884214D006496A
:1031F0007831206888420FD003499031206805E07B
:103200009C4900241000024010040240884203D070
:10321000FE492068884204D12068006800F0080058
:1032200003E02068006800F0040060B394F85C00DC
:1032300000F01F0110208840B0602068006800F492
:10324000802080B12068006800F4002028B9206C3C
:10325000C8B12046216C884715E0A06C98B1204683
:10326000A16C88470FE02068006800F4807028B9DE
:103270002068006820F0080021680860206C10B108
:103280002046216C884794F85C0000F01F01202044
:103290008840384000287DD0DD492068884249D0E8
:1032A000DB4918312068884244D0D9493031206840
:1032B00088423FD0D6494831206888423AD0D44924
:1032C00060312068884235D0D14978312068884201
:1032D00030D0CF499031206888422BD0CC49A831DA
:1032E0002068884226D0C949A8392068884221D060
:1032F000C6499039206888421CD0C4497839206872
:10330000884217D0C14960392068884212D0BF492D
:103310004839206888420DD0BC493039206888423D
:1033200008D0BA4918392068884203D0B7492068C4
:10333000884204D12068006800F0100003E0206893
:10334000006800F0020028B394F85C0000F01F0150
:1033500020208840B06094F8350004282DD12068E2
:10336000006820F01600216808602068406920F09D
:10337000800021684861206C08B9A06C28B12068E1
:10338000006820F008002168086094F85C0000F0F4
:103390001F0100E03FE03F208840B060012084F83A
:1033A000350000BF002084F8340000BF206D10B14C
:1033B0002046216D8847BDE8F88F2068006800F43A
:1033C000802080B12068006800F4002028B9606C7B
:1033D00008B32046616C88471DE0E06BD8B12046F9
:1033E000E16B884717E02068006800F4807068B9D6
:1033F0002068006820F0100021680860012084F82F
:10340000350000BF002084F8340000BFE06B10B12D
:103410002046E16B8847606D00287AD0606D00F02F
:103420000100E8B3042084F8350079492068884217
:103430004BD0774918312068884246D074493031E2
:103440002068884241D072494831206888423CD087
:103450006F4960312068884237D06D4978312068E3
:10346000884232D06A499031206888422DD068491C
:10347000A8312068884228D06449A8392068884249
:1034800023D062499039206888421ED05F4978393C
:103490002068884219D05D4960392068884200E080
:1034A00040E012D059494839206888420DD0574928
:1034B00030392068884208D0544918392068884239
:1034C00003D052492068884206D12068006820F065
:1034D00001002168086005E02068006820F0010014
:1034E0002168086000BF0098401C0090504500D93A
:1034F00005E02068006800F001000028F3D100BF5B
:103500002068006800F0010020B1032084F8350035
:1035100003E00DE0012084F8350000BF002084F8AE
:10352000340000BFE06C002802D02046E16C8847E0
:10353000D9E138492068884222D0364914312068C0
:1035400088421DD0334928312068884218D031493B
:103550003C312068884213D02E495031206888427F
:103560000ED02C4964312068884209D0294978312D
:103570002068884204D027498C312068884201D1D4
:10358000012000E000200028D2D02068056894F8CF
:103590005C0000F01F010420884000EA0900D8B355
:1035A00005F00400C0B394F85C0000F01F01042093
:1035B0008840C8F8040005F4004080B105F480306C
:1035C00030B9A06C0028B3D02046A16C88478AE1AE
:1035D000206C0028ACD02046216C884783E105F0A0
:1035E0002000E8BB0A492068884253D008491831B6
:1035F000206888424ED0064930312068884249D040
:10360000034948312068884244D006E0B8040240AB
:1036100010000240085402584FE0B449603120685D
:10362000884237D0B14978312068884232D0AF49DA
:103630009031206888422DD0AC49A831206888425A
:1036400028D0AB492068884224D0A9491831206885
:1036500088421FD0A6493031206888421AD000E045
:1036600025E0A34948312068884213D0A049603141
:10367000206888420ED09E4978312068884209D05F
:103680009B4990312068884204D09949A83120682C
:10369000884206D12068006820F008002168086090
:1036A00005E02068006820F0040021680860206CB4
:1036B00010B32046216C884715E194F85C0000F0B7
:1036C0001F010220884000EA0900E8B305F002006B
:1036D000D0B394F85C0000F01F0102208840C8F8C5
:1036E000040005F4004070B105F4803028B9606C26
:1036F00010B12046616C8847F5E0E06BF0B32046DE
:10370000E16B8847EFE005F02000C0BB77492068F7
:1037100088424ED0754918312068884249D0734993
:1037200030312068884244D070494831206888424E
:103730003FD06E496031206888423AD06B49783179
:103740002068884235D000E04EE06849903120681A
:1037500088422ED06549A8312068884229D0644922
:103760002068884225D0624918312068884220D0DC
:103770005F493031206888421BD001E06EE02DE0C7
:103780005B4948312068884213D05949603120682C
:1037900088420ED0564978312068884209D0544971
:1037A00090312068884204D05149A831206888426D
:1037B00006D12068006820F014002168086005E048
:1037C0002068006820F00A0021680860012084F861
:1037D000350000BF002084F8340000BFE06BE8B380
:1037E0002046E16B88477EE094F85C0000F01F0102
:1037F0000820884000EA090080B305F0080068B39B
:103800003A49206888424BD03849183120688842AC
:1038100046D0364930312068884241D0334948315A
:10382000206888423CD0314960312068884237D0D6
:103830002E4978312068884232D02C499031206856
:1038400088422DD02949A8312068884228D02849AB
:103850002068884224D02649183100E043E02068DF
:1038600088421DD0224930312068884218D0204932
:1038700048312068884213D01D4960312068884251
:103880000ED01B4978312068884209D01849903100
:103890002068884204D01649A8312068884206D1A1
:1038A0002068006820F01C002168086005E020689E
:1038B000006820F00E002168086094F85C0000F0B9
:1038C0001F0101208840C8F804000120606584F8C9
:1038D000350000BF002084F8340000BFE06C10B158
:1038E0002046E16C884700BF65E5000010000240FB
:1038F000100402402DE9F041044601F031FF8046FA
:1039000014B90120BDE8F081FE492068884249D001
:10391000FC4918312068884244D0FA493031206887
:1039200088423FD0F7494831206888423AD0F5496B
:1039300060312068884235D0F24978312068884269
:1039400030D0F0499031206888422BD0ED49A83121
:103950002068884226D0EC492068884222D0EA4973
:103960001831206888421DD0E749303120688842EC
:1039700018D0E54948312068884213D0E2496031C7
:10398000206888420ED0E04978312068884209D00A
:10399000DD4990312068884204D0DB49A831206895
:1039A000884201D1012000E00020002873D0606A25
:1039B00000B100BF022084F8350000BF002084F869
:1039C000340000BFCF492068884249D0CD49183122
:1039D0002068884244D0CB493031206888423FD0AB
:1039E000C8494831206888423AD0C64960312068C9
:1039F000884235D0C34978312068884230D0C149E7
:103A00009031206888422BD0BE49A8312068884276
:103A100026D0BD492068884222D0BB491831206891
:103A200088421DD0B84930312068884218D0B64944
:103A300048312068884213D0B349603120688842F9
:103A40000ED0B14978312068884209D0AE49903112
:103A50002068884204D0AC49A8312068884206D149
:103A60002068006820F001002168086005E02068F7
:103A7000006820F00100216808600DE001F070FE90
:103A8000A0EB0800052807D920206065032084F8F2
:103A90003500012036E76AE02068006800F0010088
:103AA0000028EBD12068056898480540D4E9020158
:103AB00008432169084361690843A1690843E16932
:103AC0000843216A08430543606A042803D1D4E906
:103AD0000B01084305438E4800686FF30F00B0F1F7
:103AE000005F1DD36068292802D360682E2811D991
:103AF00060683F2802D3606842280BD96068472875
:103B000002D36068482805D960684F2804D36068EC
:103B1000522801D8012000E0002008B145F48015AA
:103B2000206805602068456925F00705606A05433F
:103B3000606A04280DD1A06A0543E06A48B12046B6
:103B4000FCF75AFF28B140206065012084F8350059
:103B5000D8E6206845612046FCF72AFE064694F820
:103B60005C0000F01F013F208840B0609EE0694982
:103B70002068884222D067491431206888421DD0CD
:103B8000644928312068884218D062493C31206855
:103B9000884213D05F495031206888420ED05D4979
:103BA00064312068884209D05A49783120688842B7
:103BB00004D058498C312068884201D1012000E0AE
:103BC0000020E0B353492068884222D05149143183
:103BD000206888421DD04F4928312068884218D07B
:103BE0004C493C312068884213D04A495031206802
:103BF00088420ED0474964312068884209D045493F
:103C000078312068884204D042498C31206888424B
:103C100001D1012000E0002000B100BF022084F8A3
:103C2000350000BF002084F8340000BF206805681C
:103C300039480540A068402802D1102106E02EE056
:103C4000A068802801D1C10100E00021E06841EABC
:103C5000D001206941EAD001606941EAD001A06940
:103C600041EAD001E06941EAD001206A41EA10103E
:103C700005432068056027492068401A1421B0FBDD
:103C8000F1F08000E0652046FCF792FD074694F8CD
:103C90005C0000F01F0101208840786006E04020B1
:103CA0006065032084F8350001202BE61549206863
:103CB00088427FD013491831206888427AD0114950
:103CC00030312068884275D00E49483120688842DA
:103CD00070D00C496031206888426BD00949783136
:103CE0002068884266D0074990312068884261D0B8
:103CF0000449A831206888425CD003492068884282
:103D000058D00BE010000240100402403F8010FE2B
:103D10000010005C085402580F00FEFF3B491831A8
:103D20002068884246D0394930312068884241D0E5
:103D300036494831206888423CD034496031206897
:103D4000884237D0314978312068884232D02F49B3
:103D50009031206888422DD02C49A83120688842B3
:103D600028D02B492068884224D029491431206862
:103D700088421FD026492831206888421AD0244919
:103D80003C312068884215D0214950312068884252
:103D900010D01F496431206888420BD01C4978310B
:103DA0002068884206D01A498C312068884200E099
:103DB00000E001D1012000E0002000B32046FCF724
:103DC0006DFDA068802801D1002060602079216EFF
:103DD0000860D4E919104860606860B1606808281C
:103DE00009D82046FCF7BCFD0020E16E0860D4E94C
:103DF0001C10486003E00020E06620676067002038
:103E00006065012084F8350000207BE51004024045
:103E1000085402582DE9F04104460D4616461F4647
:103E20004FF0000814B90120BDE8F08100BF94F8FC
:103E30003400012801D10220F6E7012084F8340083
:103E400000BF94F8350001287ED1022084F83500A7
:103E500000206065E4492068884249D0E249183171
:103E60002068884244D0E0493031206888423FD001
:103E7000DD494831206888423AD0DB49603120680A
:103E8000884235D0D84978312068884230D0D64928
:103E90009031206888422BD0D349A83120688842CD
:103EA00026D0D2492068884222D0D04918312068D3
:103EB00088421DD0CD4930312068884218D0CB4986
:103EC00048312068884213D0C84960312068884250
:103ED0000ED0C64978312068884209D0C349903154
:103EE0002068884204D0C149A8312068884206D1A0
:103EF0002068006820F001002168086005E0206863
:103F0000006820F00100216808603B4632462946DF
:103F10002046FCF7C9FDB449206888424BD0B2491D
:103F200018312068884246D0AF4930312068884235
:103F300041D0AD494831206888423CD0AA4960311F
:103F40002068884237D000E042E1A74978312068F4
:103F5000884230D0A4499031206888422BD0A249B1
:103F6000A8312068884226D0A0492068884222D003
:103F70009E491831206888421DD09C493031206804
:103F8000884218D0994948312068884213D097490F
:103F90006031206888420ED0944978312068884288
:103FA00009D0924990312068884204D08F49A831C5
:103FB0002068884201D1012000E0002080B1206803
:103FC000006820F01E0040F0160021680860206C98
:103FD000B0B12068006840F00800216808600FE078
:103FE0002068006820F00E0040F00A002168086098
:103FF000206C28B12068006840F004002168086047
:1040000079492068884270D0774918312068884201
:104010006BD0754930312068884266D0724948318A
:104020002068884261D070496031206888425CD045
:104030006D4978312068884257D06B4990312068AB
:10404000884252D06849A831206888424DD06749DB
:104050002068884249D0654918312068884244D098
:1040600062493031206888423FD060494831206839
:1040700088423AD05D4960312068884235D05B493A
:1040800078312068884230D0584990312068884281
:104090002BD05649A8312068884226D05449206840
:1040A000884222D052491431206888421DD050499C
:1040B00028312068884218D04D493C312068884218
:1040C00013D04B495031206888420ED048496431A2
:1040D0002068884209D0464978312068884204D057
:1040E00043498C312068884201D1012000E0002042
:1040F00090B1206E006800F4803028B1206E006816
:1041000040F48070216E0860E06E28B1E06E0068B7
:1041100040F48070E16E086033492068884249D0DD
:10412000314918312068884244D02F493031206805
:1041300088423FD02C494831206888423AD02A49E9
:1041400060312068884235D027497831206888421C
:1041500030D025499031206888422BD02249A8319F
:104160002068884226D021492068884222D01F49F1
:104170001831206888421DD01C493031206888429F
:1041800018D01A4948312068884213D01749603145
:10419000206888420ED0154978312068884209D0BD
:1041A000124990312068884204D01049A831206813
:1041B000884206D12068006840F00100216808604C
:1041C00010E02068006840F001002168086009E004
:1041D0004FF40060606500BF002084F8340000BF29
:1041E0004FF0010840461FE6100002401004024054
:1041F000085402580146D1F888007047024609B9B0
:10420000012070471068006800F00C00C862106858
:104210000068C0F3001081F828001068006800F002
:104220006000486210680068C0F3002080F0010060
:1042300081F8200010680068C0F34020C87710683B
:104240000068C0F3802080F0010088771068006863
:10425000C0F3C020487710680068C0F300300877CA
:104260001068006800F4005088611068006800F46D
:104270008040486110680068C0F30040887410688E
:104280000068C0F3404080F0010048741068006886
:10429000C0F3C04080F00100087410680068C0F3EB
:1042A0000050C87310680068C0F3405088731068ED
:1042B0000068C0F38050487310680068C0F3C050B5
:1042C00008731068006800F0E0608860106800689B
:1042D000C0F3C06008711068006800F0E04008603A
:1042E00010684068C0F30D00486310684068C0F370
:1042F000004080F0010081F8320010684068C0F38F
:10430000404081F8310010684068C0F3804081F877
:10431000300010684068C0F3006081F83800106811
:104320004068C0F34460C8631068C068C0F30020F0
:1043300081F840001068C06800F00F004864106801
:10434000006FC0F3400081F854001068006FC0F3A4
:10435000C01080F0010081F84C001068006F00F080
:10436000700008651068006F000C88641068D0F851
:10437000900000F0010081F856001068D0F890001D
:10438000C0F3400081F855001068D0F8000D00F02F
:10439000720088651068D0F8300D00F02300C86501
:1043A0001068D0F8300DC0F3C00081F862001068CA
:1043B000D0F8300DC0F3001081F861001068D0F81B
:1043C000300DC0F3801080F0010081F86000002003
:1043D00017E7000038B504460CB9012038BDD4F801
:1043E000840028B92020C4F88400204600F0BAF8E0
:1043F00000BF5748006840F0020055490860084671
:10440000006800F00200009000BF00BF207A18B9D9
:10441000002004F0F7FD03E04FF4000004F0F2FD8B
:104420004C480068206800F58050006840F00101A9
:10443000206800F58050016001F092F905460DE01A
:1044400001F08EF9401BB0F5FA7F07D90420C4F8BB
:104450008800E020C4F884000120BFE7206800F550
:104460008050006800F001000028E9D1204600F0EB
:10447000B3FA03F019FC3849B0FBF1F0401E216893
:10448000C1F8DC002046FCF7A3FC206800F5805052
:10449000D0F8000120F4E01040F40021206800F57D
:1044A0008050C0F80011207D00F0030038B10120D9
:1044B000C4F88800E020C4F8840001208EE720685A
:1044C00000F58050D0F8080147F6FE718843616915
:1044D00040EA4101206800F58050C0F808112046EC
:1044E000FCF74DFC2046FCF71AFC60680079616817
:1044F000497940EA01202168C1F800036068C0786A
:1045000000066168897840EA01406168497840EABC
:1045100001206168097808432168C1F80403206814
:10452000D0F80C070D4908432168C1F80C07206832
:10453000D0F810070A4908432168C1F81007002085
:10454000C4F888001020C4F88400002046E700006A
:10455000F44402580404005840420F006000020C6A
:1045600000C0200C10B586B00446142101A8FBF74A
:1045700080FF5049206888427ED100BF4E480068C5
:1045800040F400404C4908600846006800F40040D0
:10459000009000BF00BF00BF0846006840F48030B4
:1045A00008600846006800F48030009000BF00BF3B
:1045B00000BF0846006840F4003008600846006804
:1045C00000F40030009000BF00BF00BF3A48083040
:1045D000006840F004003849083108600846006867
:1045E00000F00400009000BF00BF00BF0846006854
:1045F00040F0010008600846006800F001000090EB
:1046000000BF00BF00BF0846006840F0020008601D
:104610000846006800F00200009000BF00BF00BF25
:104620000846006840F0400008600846006800F056
:104630004000009000BF00BF322001900220029095
:1046400000200390022004900B20059001A91B4834
:1046500000F072FF8620019002200290002003905B
:10466000022004900B20059001A9154800F064FF7A
:104670004FF40060019000E01AE002200290002058
:104680000390022004900B20059001A90D4800F032
:1046900053FF4FF4405001900220029000200390FD
:1046A000022004900B20059001A9074800F044FF68
:1046B00006B010BD00800240D844025800080258DD
:1046C0000000025800040258001802582DE9F05F5B
:1046D00004460F464FF00008C34647B9D4F8880097
:1046E00040F00100C4F888000120BDE8F09FD4F834
:1046F0008400402801D00120F7E7E66D04F148006E
:1047000050F82650E06EC0F1040A3FE0E86800F07F
:10471000804018B16968A16729686167E86800F09E
:10472000005008B9E06F28B3E86800F0005010B1FD
:10473000002121666166E868C0F30E01606EA1EB9E
:104740000009E86800F0805018B1E96821674FF06F
:10475000010B1FFA89F304F18001081F2A6900F098
:10476000D7F8206E401C2066606E00EB0901616680
:104770000020286100BF761C042E00D3361F00BF26
:1047800004F1480050F8265008F10108E86800F0EC
:10479000004020B9D04502D2BBF1000FB6D0E06E88
:1047A00000EB0801E166E06E10B12046FCF7E4FE84
:1047B000E665BBF1010F05D1E06F38600021E167CC
:1047C000002092E7012090E72DE9F04704460F46CC
:1047D000904699462068D0F8000200F0010010B120
:1047E0000120BDE8F0872068D0F8005225F07870ED
:1047F00040EA475525F4F81040EA084545F00C0515
:1048000045F001052068C0F8005200F0A9FF0646F7
:1048100007E000F0A5FF801BB0F57A7F01D90120E9
:10482000DFE72068D0F8000200F001000028F0D196
:104830002068D0F8040280B2C9F800000020D0E758
:104840002DE9F047064606F11805AF6AEC6A4FF00D
:10485000010831E04FF001097F1E05F1140050F806
:10486000240038B900BF641C042C00D3241F00BFEF
:104870004FF00009B9F1000F1ED004EB4401F068BD
:1048800000EBC100C06800F0004098B905F11401C8
:1048900051F8240000F0CBF9002105F1140040F894
:1048A000241000BF641C042C00D3241F00BFAF627F
:1048B000EC6201E04FF0000817B1B8F1000FC9D168
:1048C0000020BDE8F08700007CB504460D480CF0E0
:1048D000F7FA054685B105F1200020600A482861F5
:1048E0004FF4C06120682B464122CDE90001002130
:1048F00008460DF079FC04E001200449087000200E
:1049000020607CBD04C2010861290108B04A00246E
:104910002DE9F04704460F462146BC460020A2F18F
:10492000200000250560058143810D680DB90860F0
:1049300002E0DCF800502860CCF80000086803E0D2
:1049400005891D44058100680028F9D115461E46D9
:10495000002E29DD05F01F0A0AEB0608A94600BF54
:1049600000BF00BFBFF34F8F00BF00BF00BF00BF3D
:10497000DFF83CA0CAF8009009F12009A8F120084E
:10498000B8F1000FF4DC00BF00BF00BFBFF34F8FD2
:1049900000BF00BF00BF00BF00BF00BFBFF36F8FED
:1049A00000BF00BF00BF00BF00BFBDE8F087000030
:1049B0005CEF00E070B504460D460DB9012070BDF6
:1049C000D4F88400102805D129462046FCF70AFDBA
:1049D0000020F4E70120F2E770B506463068D0F811
:1049E000004224F4706403F05FF9054610488542E4
:1049F00002D244F4007417E00E48854202D244F417
:104A0000407411E00C48854200D20DE00B4885420D
:104A100002D244F4807407E00948854202D244F48B
:104A2000806401E044F4A0643068C0F8004270BDC6
:104A3000C00E16020087930300E1F50580D1F0084F
:104A400080B2E60E10B50446D4F88400102853D185
:104A50002020C4F884000121A1650421E1662046DC
:104A6000FCF78AFD206800F58050D0F8040140F082
:104A70000101206800F58050C0F80411206800F59D
:104A80008050D0F8080140F00101206800F5805006
:104A9000C0F80811206800F58050D0F8600140F49B
:104AA0008171206800F58050C0F860112068D0F84E
:104AB000000D40F001002168C1F8000D2068006879
:104AC00040F00200216808602068006840F00100A2
:104AD00021680860206800F58050D0F834014DF25C
:104AE000C1010843216801F58051C1F8340140201B
:104AF000C4F88400002010BD0120FCE710B5014679
:104B0000D1F8840040284FD12020C1F884000868E3
:104B100000F58050D0F834014DF2C104A0430C6878
:104B200004F58054C4F83401086800F58050D0F8CA
:104B3000040120F00104086800F58050C0F8044129
:104B4000086800F58050D0F8080120F001040868DA
:104B500000F58050C0F808410868006820F00100A6
:104B60000C6820600868D0F8000D40F001000C6867
:104B7000C4F8000D0868006820F002000C6820608E
:104B8000002208E001F1480050F82230D86820F0F7
:104B90008040D860521C042AF4D300248C65102075
:104BA000C1F88400002010BD0120FCE770B5044668
:104BB0000D463DB9D4F8880040F00100C4F88800E3
:104BC000012070BDD4F8840040282ED1696BE163C8
:104BD000012229462046FCF7B1F938B1D4F8880003
:104BE00040F00200C4F888000120EAE700BF00BFDF
:104BF00000BFBFF34F8F00BF00BF00BF00BFA06A60
:104C0000401CA062A06A042802D3A06A001FA06210
:104C100000BF04F11800A16A50F82110206800F5C7
:104C20008050C0F820110020CBE70120C9E710B563
:104C3000044620460DF0C0FD10BD00002DE9F047F0
:104C400005460F46904699462868D0F8000200F0C5
:104C5000010010B10120BDE8F0872868D0F80042BB
:104C600024F0787040EA475424F4F81040EA0844ED
:104C700024F00C00041D44F001041FFA89F00D49D2
:104C800008600D48C0F8004200F06AFD064607E0E3
:104C900000F066FD801BB0F57A7F01D90120DAE7CC
:104CA0002868D0F8000200F001000028F0D100BF11
:104CB000D1E7000004820240008002407047704744
:104CC000704770472DE9F04F8DB00446EF480068FB
:104CD0008707EE48001D006807EA80772068006DAE
:104CE00000F470482068406D00EA08082068006DF4
:104CF00000F00F092068406D00EA09092068006D86
:104D000000F0F00A2068406D00EA0A0A2068006D91
:104D100000F0715B2068406D00EA0B0B2068006DAD
:104D200000F060700C902068406D0C9908400C9069
:104D30002068456D2068066DC5F3002070B1C6F38C
:104D4000002058B100BF4FF4807021680865002032
:104D5000CE49086000BF2046FFF7B3FFC5F38020AF
:104D6000C8B1C6F38020B0B12068D0F8DC000A904A
:104D70002068D0F8E4000A9908400A9000BF4FF478
:104D80008060216808650020C049086000BF204697
:104D90000A9900F0BEFB67B100BFBD4838402168EA
:104DA0000865B80FB949086000BF39462046FFF7CB
:104DB00085FFB8F1000F0ED000BFB54808EA00002B
:104DC000216808654FEA9870B049086000BF414605
:104DD000204600F0A0FBB9F1000F0ED000BFAC4898
:104DE00009EA0000216808654FEA9970A749086040
:104DF00000BF4946204600F084FBBAF1000F0ED0F8
:104E000000BFA3480AEA0000216808654FEA9A70CB
:104E10009E49086000BF5146204600F073FBC5F371
:104E2000C02070B1C6F3C02058B100BF4FF400607D
:104E30002168086500209549086000BF204600F001
:104E40006BFBC5F34020C8B1C6F34020B0B1206869
:104E5000D0F8D8000B902068D0F8E0000B990840FB
:104E60000B9000BF4FF4007021680865002087494F
:104E7000086000BF20460B9900F04CFBC5F3C04012
:104E800070B1C6F3C04058B100BF4FF40020216894
:104E9000086500207D49086000BF204600F030FB17
:104EA000C5F3004070B1C6F3004058B100BF4FF4E5
:104EB00080302168086500207449086000BF2046E2
:104EC00000F026FBC5F3804070B1C6F3804058B1B6
:104ED00000BF4FF480202168086500206B490860FE
:104EE00000BF204600F013FBC5F3404088B1C6F375
:104EF000404070B100BF4FF40030216808650020C9
:104F00006249086000BFD4F89C0040F08000C4F8FB
:104F10009C000C9870B100BF5D490C980840216856
:104F200008650C98800F5949086000BF20460C990D
:104F3000FFF7C6FEBBF1000F10D000BF54480BEACC
:104F40000000216808654FEA9B705049086000BF67
:104F5000D4F89C0040EA0B00C4F89C004D4920683E
:104F600088427DD16068806800F00300002877D017
:104F70006068006A00F00F0009906068406A099953
:104F8000084009906068006A00F03000089060688E
:104F9000406A0899084008906068006A00F4C07090
:104FA00007906068406A0799084007906068006A47
:104FB00000F4FC4006906068406A0699084006903C
:104FC0006068006A00F4F02005906068406A059906
:104FD000084005906068406A02906068006A01902D
:104FE000099830B10998616808622046099900F073
:104FF0008BFA089830B108986168086220460899D1
:1050000000F084FA0298C0F38010A0B10198C0F3B8
:10501000801080B16068C06B000C04906068C06B49
:1050200000F03F0003904020616808622046DDE9FF
:10503000032100F06AFA079830B1079861680862A6
:105040002046079900F05FFA069840B1069861681B
:105050000862D4F89C0006990843C4F89C0000E05C
:105060000AE0059840B1059861680862D4F89C0090
:1050700005990843C4F89C00D4F89C0010B1204660
:10508000FFF71DFE0DB0BDE8F08F000010A8004036
:10509000FFFFCF3F00A0004070B594B004464C2203
:1050A000B34901A8FBF7BEF914B9012014B070BDD3
:1050B000B0492068884203D1206800F580706060A4
:1050C000A068B0F5407F00D100BF206C00B100BFE8
:1050D000A06C00B100BF206D00B100BF206E00B118
:1050E00000BFD4E91710084400B100BF94F898003D
:1050F00028B9002084F89900204600F03DF9206886
:10510000806920F010002168886100F029FB0546C5
:105110000EE000F025FB401B0A2809D9983460688E
:1051200040F001006060032004F898090120BDE709
:105130002068806900F008000828EAD020688069AB
:1051400040F001002168886100F00AFB05460EE08E
:1051500000F006FB401B0A2809D99834606840F02B
:1051600001006060032004F8980901209EE7206890
:10517000806900F001000028EAD02068806940F0D2
:10518000020021688861207C012806D1206880699E
:1051900020F040002168886105E02068806940F0C7
:1051A000400021688861607C012806D12068806900
:1051B00040F480402168886105E02068806920F41F
:1051C000804021688861A07C012806D12068806920
:1051D00020F480502168886105E02068806940F4EF
:1051E0008050216888612068806920F44070A1683F
:1051F0000843216888612068806920F0A400216844
:1052000088612068006920F0100021680861E0686A
:10521000012806D12068806940F004002168886177
:1052200020E0E068F0B1E068022815D020688069CD
:1052300040F08000216888612068006940F010001B
:1052400021680861E06803280CD12068806940F07B
:1052500020002168886105E02068806940F0200016
:1052600021688861207E401E4106E069401E41EAB7
:105270000020216A491E0843A18A491E40EA0140D4
:105280002168C861A068B0F5407F0FD1A06A401EB8
:10529000E16A491E40EA0121206B401E41EA0011EB
:1052A000A08C401E41EA00402168C860206E38B1E1
:1052B0002068D0F8C000616E08432168C1F8C000C2
:1052C000D4E91710084460B12068D0F8C80020F075
:1052D000070001AAA16E52F8211008432168C1F805
:1052E000C800206C60B12068D0F8BC0020F0070036
:1052F00001AA616C52F8211008432168C1F8BC0072
:10530000A06C68B12068D0F8BC0020F0700101AA40
:10531000E06C52F8200041EA00102168C1F8BC009E
:10532000206D68B12068D0F8BC0020F4E06101AACB
:10533000606D52F8200041EA00202168C1F8BC00ED
:105340000C492068884205D16068806820F003001D
:1053500061688860002044F8940FA06001202071EB
:10536000943C2046FCF796F9064630469EE600003F
:10537000FCC0010800A0004010B5B8B004461421DC
:1053800032A8FBF776F8C02102A8FBF772F856495D
:105390002068884251D14FF400410020CDE902102D
:1053A00048031E9002A801F005FC08B1FCF73CF987
:1053B0004E480068401C4D490860084600680128B6
:1053C0000DD100BF4A48006840F480704849086029
:1053D0000846006800F48070019000BF00BF00BF65
:1053E00043480C38006840F0080041490C39086017
:1053F0000846006800F00800019000BF00BF0320CD
:10540000329002203390002034903590092036905D
:1054100032A9384800F090F800220521132000F04E
:1054200095FB132000F07EFB00220521152000F0E3
:105430008DFB152000F076FB54E02F492068884250
:1054400050D14FF400410020CDE9021048031E90D6
:1054500002A801F0AFFB08B1FCF7E6F823480068AA
:10546000401C224908600846006801280DD100BF91
:105470001F48006840F480701D49086008460068B5
:1054800000F48070019000BF00BF00BF18480C38C6
:10549000006840F0020016490C39086008460068B0
:1054A00000F00200019000BF00BF60203290022097
:1054B00033900020349035900920369032A90F485F
:1054C00000F03AF800220521142000F03FFB1420E0
:1054D00000F028FB00220521162000F037FB1620E3
:1054E00000F020FB38B010BD00A000408C49002423
:1054F000EC440258000C025800A40040000402587A
:1055000070477047704770477047704770477047E3
:1055100070477047704770477047704710B5044632
:1055200004480068204020B1024804602046FFF78C
:10553000F4FF10BD88000058F8B502460B46002164
:105540006F4DD7E001278F401E6806EA0704002C44
:1055500072D01E7906F00306012E04D01E7906F0E3
:105560000306022E13D190684F000326BE40B043BD
:105570004F00DE68BE4030439060506801268E4088
:10558000B0431E79C6F300168E40304350601E793A
:1055900006F00306032E09D0D0684F000326BE4054
:1055A000B0434F009E68BE403043D0601E7906F085
:1055B0000306022E13D1CF0802F1200656F8270069
:1055C0004E07F70E0F26BE40B0434F07FF0E1E6971
:1055D000BE403043CF0802F1200646F8270010688D
:1055E0004F000326BE40B0431E7906F003064F006D
:1055F000BE40304310605E6806F44036002E78D01E
:1056000000BF404E366846F002063E4F3E603E46C2
:10561000366806F00206009600BF00BF3A4E8F08BB
:1056200056F827008E07370F0F26BE40B043374E7F
:10563000B24202D100262EE05BE0354EB24201D1EB
:10564000012628E0334EB24201D1022623E0324E39
:10565000B24201D103261EE0304EB24201D10426EF
:1056600019E02F4EB24201D1052614E02D4EB24270
:1056700001D106260FE02C4EB24201D107260AE0E6
:105680002A4EB24201D1082605E0294EB24201D18C
:10569000092600E00A268F073F0FBE4030431A4E0E
:1056A0008F0846F827004FF0B0463068A0435E6888
:1056B00006F4801606B120434FF0B04630607068A3
:1056C000A0435E6806F4001606B120434FF0B046D2
:1056D00070606868A0435E6806F4003606B1204337
:1056E00068602868A0435E6806F4803606B12043EF
:1056F0002860491C1E68CE40002E7FF423AFF8BD01
:1057000080000058F4440258080400580000025871
:105710000004025800080258000C025800100258F9
:105720000014025800180258001C025800200258A9
:105730000024025810B5426921EA020302EA01047A
:1057400043EA0443836110BD0AB1816101E00B04A7
:105750008361704701480068000C70470010005CCE
:1057600001480068704700009049002410B50446C5
:105770000CB9012010BDD4F8880078B9002084F855
:105780008400204607F042F8D4F8C40010B91B4842
:10579000C4F8C4002046D4F8C41088472420C4F8B4
:1057A00088002068006820F0010021680860A06A75
:1057B00010B1204606F05CFE204607F05BF8012899
:1057C00000D1D7E72068406820F490402168486005
:1057D0002068806820F02200216888602068806846
:1057E00040F00800216888602068006840F00100EF
:1057F00021680860204606F0B7FEBBE70D9D000853
:10580000704770472DE9F04104462068856920689B
:105810000668C5F3002050B1C6F3C01038B1606C03
:1058200040F0010060644FF480702168C861C5F3E6
:10583000802050B1C6F3C01038B1606C40F0080051
:1058400060644FF480602168C861C5F3402050B1A6
:10585000C6F3C01038B1606C40F0020060644FF4D1
:1058600000702168C861676C07F00B0018B13946F9
:10587000204604F01DFEBDE8F08170B504462068A6
:10588000856920680668606B20B13246294620464B
:10589000636B984770BD704770477047704770B52D
:1058A00004460CB9012070BD4CF6CC40216808605C
:1058B00045F2555021680860D4E90010486021681D
:1058C000A0688860FFF74CFF05460DE0FFF748FF32
:1058D000401B41F60101884206D92068C06800F0EB
:1058E000070008B10320DEE72068C06800F0070069
:1058F0000028EBD120680169E068814203D021686B
:10590000E068086103E04AF6AA20216808600020E8
:10591000C9E70000034800680349097808440149C1
:1059200008607047904900249849002410B503206E
:1059300000F04AF902F002FA10490968C1F30321A4
:105940000F4A515C01F01F0120FA01F40B48006876
:1059500000F00F001146085C00F01F0024FA00F070
:105960000849086008480460002000F00FF808B1FA
:10597000012010BD00F0BEF80020FAE718440258DC
:1059800070C10108A04900249C490024F0B58BB0E7
:105990000446102C0AD2002221461D2000F0D6F821
:1059A0001D2000F0BFF81C48046002E001200BB08D
:1059B000F0BD00BF1948006840F0020017490860B8
:1059C0000846006800F00200019000BF00BF02A975
:1059D00003A802F033F9089E1EB902F08BF90546C0
:1059E00002E002F087F945000D48B5FBF0F0471ED4
:1059F0000C480D49086040F2E7310B48C160476030
:105A000000210161816003F071FB18B9064803F0C1
:105A10005DFCCCE70120CAE794490024E844025821
:105A200040420F0000040040545C00244178154AB5
:105A3000116014490831096821F00101114A083246
:105A40001160121F41681160017B0907C27A41EAA7
:105A50000261827A41EAC241427B41EA8241827B11
:105A600041EA4241C27B41EA0241427A41EA0221D3
:105A7000027A41EA420102781143024A0832116077
:105A80007047000098ED00E000BF00BF00BFBFF30B
:105A90005F8F00BF00BF00BF0548006820F4803062
:105AA0000349086000200249703108607047000017
:105AB00024ED00E040F001010D4A11600C497039FD
:105AC000096841F480310A4A703A116000BF00BF92
:105AD00000BFBFF34F8F00BF00BF00BF00BF00BFBC
:105AE00000BFBFF36F8F00BF00BF00BF7047000053
:105AF00094ED00E008B500BF0948006840F00200DE
:105B0000074908600846006800F00200009000BFE6
:105B100000BF00220F21901E00F018F808BD000001
:105B2000F44402580146084600280DDB00BF00BFC0
:105B300000F01F0301229A4043099B0003F1E02378
:105B4000C3F8002100BF00BF00BF70472DE9F05F20
:105B500080460D46164607F09FFA074639462A4604
:105B6000334601F00700C0F1070ABAF1040F02D969
:105B70004FF0040A01E0C0F1070AD14600F1040A1F
:105B8000BAF1070F02D24FF0000A01E0A0F1030AB8
:105B9000D4464FF0010A0AFA09FAAAF1010A0AEA00
:105BA000020A0AFA0CFA4FF0010B0BFA0CFBABF1EC
:105BB000010B0BEA030B4AEA0B042146404607F0AF
:105BC00073FABDE8F09F000000BF00F00702064B2B
:105BD00019684FF6FF031940044B0B4343EA0221B7
:105BE000014B196000BF70470CED00E00000FA05A2
:105BF00070B5044615480068C0F3800048B91348E2
:105C0000006800F00700A04201D0012070BD002014
:105C1000FCE70E48006820F0070020430B490860AD
:105C2000FFF79EFD054607E0FFF79AFD401BB0F524
:105C30007A7F01D90120E9E7044808380068C0F3F9
:105C400040300028F0D00020E0E700000C48025867
:105C500010B502F029F805490968C1F30211044A98
:105C6000515C01F01F01C84010BD000020440258E3
:105C700070C1010870B50146844D2D6805F003031D
:105C8000824D2D68C5F30510804D2D1D2D6805F042
:105C900001047E4D0C352D68C5F3CC0515FB04F5CC
:105CA00001EE105AB8EE411AF0EE410A00286FD00A
:105CB00023B1012B4ED0022B6BD16BE0734D283DED
:105CC0002D68C5F340153DB3704D283D2D68C5F3D3
:105CD000C1066F4D25FA06F201EE102AF8EE411AC0
:105CE00001EE100AB8EE411A81EE812A9FED691A81
:105CF000C0EE811A654D08352D68C5F3080501EE23
:105D0000105AB8EE411A31EE811AF7EE001A31EE50
:105D1000211A22EE010A1CE001EE100AB8EE411A27
:105D2000DFED5D1A81EE812A9FED5A1AC0EE811ACD
:105D3000564D08352D68C5F3080501EE105AB8EE2A
:105D4000411A31EE811AF7EE001A31EE211A22EED5
:105D5000010A5BE001EE100AB8EE411ADFED4F1ABE
:105D600081EE812A9FED4B1AC0EE811A474D08350E
:105D70002D68C5F3080501EE105AB8EE411A31EE50
:105D8000811AF7EE001A31EE211A22EE010A3DE0E7
:105D900077E01DE001EE100AB8EE411A9FED402AAF
:105DA000C2EE011A9FED3B1A80EE812A374D08356D
:105DB0002D68C5F3080501EE105AB8EE411A32EE0F
:105DC000011AB7EE002A31EE021A21EE810A1DE017
:105DD00001EE100AB8EE411ADFED2F1A81EE812A8A
:105DE0009FED2C1AC0EE811A284D08352D68C5F399
:105DF000080501EE105AB8EE411A31EE811AF7EE9D
:105E0000001A31EE211A22EE010A00BF00BF1F4D19
:105E100008352D68C5F3462501EE105AB8EE411A33
:105E2000F7EE001A31EE211AC0EE011ABCEEE11AAB
:105E300081ED001A154D08352D68C5F3064501EEB4
:105E4000105AB8EE411AF7EE001A31EE211AC0EEE0
:105E5000011ABCEEE11A81ED011A0C4D08352D68CE
:105E6000C5F3066501EE105AB8EE411AF7EE001AB6
:105E700031EE211AC0EE011ABCEEE11A81ED021AD0
:105E800003E000250D604D608D6070BD2844025810
:105E90000090D003000000460024744C0024744A93
:105EA00020BCBE4B70B50146844D2D6805F0030340
:105EB000824D2D68C5F30530804D2D1D2D68C5F32D
:105EC00000147E4D14352D68C5F3CC0515FB04F583
:105ED00001EE105AB8EE411AF0EE410A00286FD0D8
:105EE00023B1012B4ED0022B6BD16BE0734D283DBB
:105EF0002D68C5F340153DB3704D283D2D68C5F3A1
:105F0000C1066F4D25FA06F201EE102AF8EE411A8D
:105F100001EE100AB8EE411A81EE812A9FED691A4E
:105F2000C0EE811A654D10352D68C5F3080501EEE8
:105F3000105AB8EE411A31EE811AF7EE001A31EE1E
:105F4000211A22EE010A1CE001EE100AB8EE411AF5
:105F5000DFED5D1A81EE812A9FED5A1AC0EE811A9B
:105F6000564D10352D68C5F3080501EE105AB8EEF0
:105F7000411A31EE811AF7EE001A31EE211A22EEA3
:105F8000010A5BE001EE100AB8EE411ADFED4F1A8C
:105F900081EE812A9FED4B1AC0EE811A474D1035D4
:105FA0002D68C5F3080501EE105AB8EE411A31EE1E
:105FB000811AF7EE001A31EE211A22EE010A3DE0B5
:105FC00077E01DE001EE100AB8EE411A9FED402A7D
:105FD000C2EE011A9FED3B1A80EE812A374D103533
:105FE0002D68C5F3080501EE105AB8EE411A32EEDD
:105FF000011AB7EE002A31EE021A21EE810A1DE0E5
:1060000001EE100AB8EE411ADFED301A81EE812A56
:106010009FED2C1AC0EE811A284D10352D68C5F35E
:10602000080501EE105AB8EE411A31EE811AF7EE6A
:10603000001A31EE211A22EE010A00BF00BF1F4DE7
:1060400010352D68C5F3462501EE105AB8EE411AF9
:10605000F7EE001A31EE211AC0EE011ABCEEE11A79
:1060600081ED001A154D10352D68C5F3064501EE7A
:10607000105AB8EE411AF7EE001A31EE211AC0EEAE
:10608000011ABCEEE11A81ED011A0C4D10352D6894
:10609000C5F3066501EE105AB8EE411AF7EE001A84
:1060A00031EE211AC0EE011ABCEEE11A81ED021A9E
:1060B00003E000250D604D608D6070BD28440258DE
:1060C0000090D003000000460024744C0024744A61
:1060D00020BCBE4B70B50146844D2D6805F003030E
:1060E000824D2D68C5F30550804D2D1D2D68C5F3DB
:1060F00000247E4D1C352D68C5F3CC0515FB04F539
:1061000001EE105AB8EE411AF0EE410A00286FD0A5
:1061100023B1012B4ED0022B6BD16BE0734D283D88
:106120002D68C5F340153DB3704D283D2D68C5F36E
:10613000C1066F4D25FA06F201EE102AF8EE411A5B
:1061400001EE100AB8EE411A81EE812A9FED691A1C
:10615000C0EE811A654D18352D68C5F3080501EEAE
:10616000105AB8EE411A31EE811AF7EE001A31EEEC
:10617000211A22EE010A1CE001EE100AB8EE411AC3
:10618000DFED5D1A81EE812A9FED5A1AC0EE811A69
:10619000564D18352D68C5F3080501EE105AB8EEB6
:1061A000411A31EE811AF7EE001A31EE211A22EE71
:1061B000010A5BE001EE100AB8EE411ADFED4F1A5A
:1061C00081EE812A9FED4B1AC0EE811A474D18359A
:1061D0002D68C5F3080501EE105AB8EE411A31EEEC
:1061E000811AF7EE001A31EE211A22EE010A3DE083
:1061F00077E01DE001EE100AB8EE411A9FED402A4B
:10620000C2EE011A9FED3B1A80EE812A374D1835F8
:106210002D68C5F3080501EE105AB8EE411A32EEAA
:10622000011AB7EE002A31EE021A21EE810A1DE0B2
:1062300001EE100AB8EE411ADFED301A81EE812A24
:106240009FED2C1AC0EE811A284D18352D68C5F324
:10625000080501EE105AB8EE411A31EE811AF7EE38
:10626000001A31EE211A22EE010A00BF00BF1F4DB5
:1062700018352D68C5F3462501EE105AB8EE411ABF
:10628000F7EE001A31EE211AC0EE011ABCEEE11A47
:1062900081ED001A154D18352D68C5F3064501EE40
:1062A000105AB8EE411AF7EE001A31EE211AC0EE7C
:1062B000011ABCEEE11A81ED011A0C4D18352D685A
:1062C000C5F3066501EE105AB8EE411AF7EE001A52
:1062D00031EE211AC0EE011ABCEEE11A81ED021A6C
:1062E00003E000250D604D608D6070BD28440258AC
:1062F0000090D003000000460024744C0024744A2F
:1063000020BCBE4B2DE9F04389B006460F464FF442
:10631000807186EA0100384370D1F748006800F0C8
:106320000709B9F1050F65D2DFE809F00312216210
:106330003000F1485038006800F00070B0F1007F84
:1063400004D106A8FFF796FC079C00E0002453E068
:10635000E9485038006800F00060B0F1006F04D1E7
:1063600003A8FFF79FFD039C00E0002444E0E248FF
:106370005038006800F00050B0F1005F04D168466A
:10638000FFF7A8FE009C00E0002435E0DA48001F7B
:10639000006800F04055D8485038006800F004000C
:1063A000042809D145B9D44850380068C0F3C10168
:1063B000D24820FA01F41AE0CF485038006800F4BF
:1063C0008070B0F5807F04D1B5F1805F01D1CC4CF5
:1063D0000DE0C9485038006800F40030B0F5003FC7
:1063E00004D1B5F1005F01D1C64C00E0002403E008
:1063F000C54C01E0002400BFD4E3FFE74FF4007177
:1064000086EA010038437AD1BB48006800F4E0799D
:10641000B9F1800F2CD006DCB9F1000F0AD0B9F128
:10642000400F69D115E0B9F1C00F63D0B9F5807F95
:1064300062D12CE0B0485038006800F00070B0F134
:10644000007F04D106A8FFF715FC079C00E000249C
:1064500054E0A9485038006800F00060B0F1006FC7
:1064600004D103A8FFF71EFD039C00E0002445E0D3
:10647000A1485038006800F00050B0F1005F04D12E
:106480006846FFF727FE009C00E0002436E09A48AB
:10649000001F006800F0405597485038006800F031
:1064A0000400042809D145B9934850380068C0F366
:1064B000C101924820FA01F41BE08F48503800686F
:1064C00000F48070B0F5807F04D1B5F1805F01D118
:1064D0008B4C0EE088485038006800F40030B0F56E
:1064E000003F05D1B5F1005F02D1864C01E006E026
:1064F000002403E0844C01E0002400BF52E34FF489
:10650000806186EA010038437BD17B48083000680F
:1065100000F46009B9F5800F2CD006DCB9F1000F4A
:106520000AD0B9F5001F69D115E0B9F5C00F63D0E5
:10653000B9F5000F62D12CE06F485038006800F0C8
:106540000070B0F1007F04D106A8FFF793FB079C11
:1065500000E0002454E068485038006800F0006013
:10656000B0F1006F04D103A8FFF79CFC039C00E08E
:10657000002445E060485038006800F00050B0F159
:10658000005F04D16846FFF7A5FD009C00E00024F1
:1065900036E05948001F006800F040555648503812
:1065A000006800F00400042809D145B95248503869
:1065B0000068C0F3C101514820FA01F41BE04E48C5
:1065C0005038006800F48070B0F5807F04D1B5F1D8
:1065D000805F01D14A4C0EE047485038006800F413
:1065E0000030B0F5003F05D1B5F1005F02D1454C58
:1065F00001E006E0002403E0434C01E0002400BF7A
:10660000D0E24FF4006186EA0100384373D13A4882
:106610000830006800F0E069B9F1007F2CD006DC9A
:10662000B9F1000F0AD0B9F1807F75D115E0B9F149
:10663000407F6FD0B9F1806F6ED12CE02E4850387A
:10664000006800F00070B0F1007F04D106A8FFF7E9
:1066500011FB079C00E0002460E0274850380068E8
:1066600000F00060B0F1006F04D103A8FFF71AFC3E
:10667000039C00E0002451E01F485038006800F0FF
:106680000050B0F1005F04D16846FFF723FD009C85
:1066900000E0002442E01848001F006800F0405568
:1066A00015485038006800F00400042809D145B9A5
:1066B000114850380068C0F3C101104820FA01F4B5
:1066C00027E00D485038006800F48070B0F5807FF6
:1066D00004D1B5F1805F01D1094C1AE00648503869
:1066E000006800F40030B0F5003F11D1B5F1005F53
:1066F0000ED1044C0DE012E0504402580090D0033B
:1067000000093D0040787D010080BB0004E001E00D
:10671000002403E0F74C01E0002400BF42E24FF404
:10672000805186EA010038437AD1F348006800F4CA
:10673000E048B8F5005F2CD006DCB8F1000F0AD0B5
:10674000B8F5805F69D115E0B8F5405F63D0B8F562
:10675000804F62D12CE0E8485038006800F00070AB
:10676000B0F1007F04D106A8FFF784FA079C00E08F
:10677000002454E0E0485038006800F00060B0F1B8
:10678000006F04D103A8FFF78DFB039C00E00024F9
:1067900045E0D9485038006800F00050B0F1005F83
:1067A00004D16846FFF796FC009C00E0002436E028
:1067B000D148001F006800F04055CF4850380068AD
:1067C00000F00400042809D145B9CB4850380068CE
:1067D000C0F3C101C94820FA01F41BE0C648503893
:1067E000006800F48070B0F5807F04D1B5F1805F5F
:1067F00001D1C34C0EE0C0485038006800F40030AE
:10680000B0F5003F05D1B5F1005F02D1BD4C01E00C
:1068100006E0002403E0B74C01E0002400BFC1E122
:106820004FF4005186EA0100384367D1B24800684E
:1068300000F4E028B8F5403F33D009DCB8F1000F90
:106840000DD0B8F5803F0ED0B8F5003F53D119E018
:10685000B8F5802F37D0B8F5A02F4CD13FE001F02C
:1068600049FA044649E0A4485038006800F0006046
:10687000B0F1006F04D103A8FFF714FB049C00E003
:1068800000243AE09C485038006800F00050B0F115
:10689000005F04D16846FFF71DFC019C00E0002466
:1068A0002BE095485038006800F00400042808D117
:1068B000914850380068C0F3C101904820FA01F4B3
:1068C00000E0002419E08C485038006800F4807023
:1068D000B0F5807F01D18A4C00E000240DE08648AD
:1068E0005038006800F40030B0F5003F01D1854C0D
:1068F00000E0002401E0002400BF53E14FF4002138
:1069000086EA0100384361D17B480830006800F412
:106910004038B8F1000F06D0B8F5803F12D0B8F576
:10692000003F50D11DE074485038006800F000600E
:10693000B0F1006F04D103A8FFF7B4FA039C00E0A4
:10694000002442E06C485038006800F00050B0F17C
:10695000005F04D16846FFF7BDFB029C00E0002405
:1069600033E06548001F006800F040556248503829
:10697000006800F00400042809D145B95E48503889
:106980000068C0F3C1015D4820FA01F41AE05A48DA
:106990005038006800F48070B0F5807F04D1B5F104
:1069A000805F01D1564C0DE053485038006800F428
:1069B0000030B0F5003F04D1B5F1005F01D1514C7A
:1069C00000E0002401E0002400BFEBE04FF4803140
:1069D00086EA010038432CD14748001F006800F4C4
:1069E0008038B8F1000F03D0B8F5803F1ED10EE01B
:1069F00041485038006800F00070B0F1007F04D1C9
:106A000006A8FFF737F9079C00E0002410E03A4899
:106A10005038006800F00060B0F1006F04D103A8A6
:106A2000FFF740FA059C00E0002401E0002400BFCD
:106A3000B8E04FF4804186EA0100384372D12E4815
:106A40000830006800F0E048B8F1405F33D009DC5E
:106A5000B8F1000F0DD0B8F1805F0ED0B8F1005F33
:106A60005DD119E0B8F1804F37D0B8F1A04F56D1C1
:106A70004AE0FFF7EDF8044653E01F48503800683D
:106A800000F00060B0F1006F04D103A8FFF70AFA2C
:106A9000049C00E0002444E017485038006800F0EF
:106AA0000050B0F1005F04D16846FFF713FB019C72
:106AB00000E0002435E010485038006800F0040081
:106AC000042808D10C4850380068C0F3C1010B48B5
:106AD00020FA01F400E0002423E007485038006861
:106AE00000F48070B0F5807F01D1054C00E00024F7
:106AF00017E017E00080BB00504402580090D0031C
:106B000000093D0040787D012848006800F400300D
:106B1000B0F5003F01D1264C00E0002401E0002444
:106B200000BF3FE04FF4004186EA0100384338D10E
:106B30001E485030006800F04058B8F1000F06D0F1
:106B4000B8F1805F0ED0B8F1005F27D118E0174888
:106B5000006800F40030B0F5003F01D1144C00E0B3
:106B600000241DE01148006800F00070B0F1007FC3
:106B700004D106A8FFF77EF8079C00E000240FE090
:106B80000A48006800F00060B0F1006F04D103A86B
:106B9000FFF788F9049C00E0002401E0002400BF16
:106BA00000E00024204609B0BDE8F083004402580C
:106BB00040787D012DE9F04104460025A8464FF0BC
:106BC0000062D4E9001011400020134659404040B3
:106BD000014331D1A06E48B1B0F5801F0DD0B0F5A2
:106BE000001F11D0B0F5401F16D114E0F94800681D
:106BF00040F40030F749086010E0022104F1080079
:106C000004F060FF054609E0022104F1280005F0C8
:106C10000BF8054602E001E0012500BF00BF55B9B1
:106C2000EC482430006820F44010A16E0843E94984
:106C30002431086000E0A8464FF48073D4E90010C6
:106C4000194000205940404001432ED1A06D052835
:106C50001BD2DFE800F0030A11181900DD480068B4
:106C600040F40030DB49086011E0002104F1080025
:106C700004F028FF05460AE0002104F1280004F092
:106C8000D3FF054603E002E001E0012500BF00BF9D
:106C900055B9D0482430006820F00700A16D0843A2
:106CA000CC492431086000E0A8464FF40073D4E9D1
:106CB00000101940002059404040014334D1E06D9C
:106CC000802818D003DC40B140281DD10CE0C0283A
:106CD00018D0B0F5807F17D115E0BE48006840F4A9
:106CE0000030BC49086011E0002104F1080004F004
:106CF000E9FE05460AE0002104F1280004F094FFB3
:106D0000054603E002E001E0012500BF00BF55B9E0
:106D1000B0482430006820F4E070E16D0843AD49CC
:106D20002431086000E0A8464FF48063D4E90010E5
:106D30001940002059404040014339D1D4F8A800FF
:106D4000B0F5800F1AD004DC50B1B0F5001F1ED191
:106D50000DE0B0F5C00F18D0B0F5000F17D115E059
:106D60009C48006840F400309A49086011E0002116
:106D700004F1080004F0A6FE05460AE0002104F133
:106D8000280004F051FF054603E002E001E0012580
:106D900000BF00BF5DB98F482C30006820F4600050
:106DA000D4F8A81008438B492C31086000E0A846AD
:106DB0004FF40062D4E900101140002013465940FE
:106DC0004040014339D1D4F8AC00B0F1007F1AD073
:106DD00004DC50B1B0F1807F1ED10DE0B0F1407FF6
:106DE00018D0B0F1806F17D115E07A48006840F4F0
:106DF00000307849086011E0002104F1080004F037
:106E000061FE05460AE0002104F1280004F00CFFB1
:106E1000054603E002E001E0012500BF00BF5DB9C7
:106E20006C482C30006820F0E060D4F8AC100843C7
:106E300068492C31086000E0A8464FF00073D4E99F
:106E400000011840002158404940084328D1E06C17
:106E5000A8B1102804D0202809D0302810D10DE086
:106E60005C48006840F400305A4908600AE002219A
:106E700004F1080004F026FE054603E002E001E00C
:106E8000012500BF00BF55B952482030006820F0EE
:106E90003000E16C08434F492031086000E0A8460B
:106EA0004FF48053D4E9001019400020594040406D
:106EB000014337D1206EB0F5005F1AD004DC50B129
:106EC000B0F5805F1ED10DE0B0F5405F18D0B0F591
:106ED000804F17D115E03F48006840F400303D492D
:106EE000086011E0002104F1080004F0EBFD054604
:106EF0000AE0002104F1280004F096FE054603E0B4
:106F000002E001E0012500BF00BF55B9314824303F
:106F1000006820F4E040216E08432E4924310860C7
:106F200000E0A8464FF40053D4E9001019400020B7
:106F300059404040014335D1606EB0F5403F1ED00E
:106F400007DC68B1B0F5803F0BD0B0F5003F19D138
:106F50000EE0B0F5802F13D0B0F5A02F12D110E0C5
:106F600012E0012104F1080004F0ACFD05460BE03D
:106F7000012104F1280004F057FE054604E003E077
:106F800002E001E0012500BF00BF55B911482430DF
:106F9000006820F4E020616E08430E492431086047
:106FA00000E0A8464FF48043D4E9000118400021D6
:106FB00058404940084337D1D4F8B000B0F1405FA1
:106FC00020D009DC78B1B0F1805F0DD0B0F1005F66
:106FD0001BD110E02C440258B0F1804F13D0B0F117
:106FE000A04F12D110E012E0012104F1080004F0DA
:106FF00069FD05460BE0012104F1280004F014FEB0
:10700000054604E003E002E001E0012500BF00BF07
:107010004DB9FE48006820F0E040D4F8B0100843B5
:10702000FA49086000E0A8464FF40042D4E9001095
:1070300011400020134659404040014329D1206FA0
:10704000B0B1B0F1805F03D0B0F1005F11D108E0C2
:10705000EE482C38006840F40030EC492C390860C8
:1070600009E0012104F1080004F02CFD054602E0CE
:1070700001E0012500BF00BF55B9E44808380068A9
:1070800020F04050216F0843E0490839086000E0D3
:10709000A8464FF08072D4E900101140002013463A
:1070A0005940404001432AD1A06CB8B1012804D016
:1070B00002280BD0032812D10FE0D4482C380068E6
:1070C00040F40030D1492C3908600AE0022104F173
:1070D000080004F0F7FC054603E002E001E00125AA
:1070E00000BF00BF55B9C9480C38006820F0030044
:1070F000A16C0843C5490C39086000E0A8464FF46C
:107100008002D4E900011040002113465840494054
:1071100008437DD1BE48006840F48070BC490860D7
:10712000FEF71EFB064606E0FEF71AFB801B6428EE
:1071300001D9032505E0B648006800F480700028F6
:10714000F2D000BF85BBB1481830006800F4407031
:10715000B4F8B41001F44071884213D0AB48183031
:10716000006820F44077A9481830006840F4803067
:10717000A649183108600846006820F4803008608D
:1071800008460760D4F8B400B0F5807F15D1FEF74B
:10719000E7FA064609E0FEF7E3FA801B41F2883180
:1071A000884202D9032507E038E098481830006883
:1071B000C0F340000028EED000BF55BB00BFB4F8BC
:1071C000B40000F44070B0F5407F0ED18F484838CD
:1071D000006820F47C518F4AD4F8B400104041EA92
:1071E00010108A494839086007E088484838006824
:1071F00020F47C508549483908608448183000687C
:10720000B4F8B410C1F30B0108438049183101E010
:1072100005E001E0086002E0A84600E0A84601227F
:10722000D4E900011040002113465840494008436A
:1072300030D1E06F18281AD005DC48B1082808D0F2
:10724000102817D10CE0202812D0282812D110E0E5
:1072500012E0012104F1080004F034FC05460BE0C3
:10726000012104F1280004F0DFFC054604E003E0FE
:1072700002E001E0012500BF00BF55B96348001FCF
:10728000006820F03800E16F08436049091F08607A
:1072900000E0A8460222D4E9000110400021134674
:1072A00058404940084329D1A06F062816D2DFE88C
:1072B00000F003040B12131412E0012104F1080082
:1072C00004F000FC05460BE0012104F1280004F065
:1072D000ABFC054604E003E002E001E0012500BF4D
:1072E00000BF55B94948001F006820F00700A16F92
:1072F00008434649091F086000E0A8460423D4E972
:1073000000101940002059404040014329D1D4F8D1
:107310009400062816D2DFE800F003040B121314C1
:1073200012E0012104F1080004F0CCFB05460BE05B
:10733000012104F1280004F077FC054604E003E095
:1073400002E001E0012500BF00BF4DB92F480068F1
:1073500020F00700D4F8941008432C49086000E09E
:10736000A8462023D4E90001184000215840494094
:10737000084337D1D4F89000B0F1405F1ED007DC4D
:1073800068B1B0F1805F0BD0B0F1005F19D10EE0B1
:10739000B0F1804F13D0B0F1A04F12D110E012E045
:1073A000002104F1080004F08DFB05460BE00221EA
:1073B00004F1280004F038FC054604E003E002E094
:1073C00001E0012500BF00BF5DB91048001F006843
:1073D00020F0E040D4F8901008430C49091F0860E1
:1073E00000E0A8464023D4E900101940002059408D
:1073F000404001433CD1D4F89C00B0F5406F25D00B
:107400000EDCA0B1B0F5806F12D005E058440258F0
:1074100000480258FFFCFF0FB0F5006F19D10EE0D5
:10742000B0F5805F13D0B0F5A05F12D110E012E08C
:10743000002104F1080004F045FB05460BE00221A1
:1074400004F1280004F0F0FB054604E003E002E04C
:1074500001E0012500BF00BF4DB9FE48006820F4DF
:10746000E050D4F89C100843FA49086000E0A846B0
:107470008023D4E9001019400020594040400143C6
:1074800035D1D4F8A000B0F5C04F1ED007DC68B1EC
:10749000B0F5005F0BD0B0F5804F19D10EE0B0F51C
:1074A000004F13D0B0F5204F12D110E012E00021B0
:1074B00004F1080004F006FB05460BE0022104F18C
:1074C000280004F0B1FB054604E003E002E001E01F
:1074D000012500BF00BF4DB9DE48006820F46040C0
:1074E000D4F8A0100843DB49086000E0A846082350
:1074F000D4E900101940002059404040014317D101
:10750000D4F88400B0F5805F07D1022104F128008F
:1075100004F08AFB08B14FF00108CE48001F006854
:1075200020F44050D4F884100843CA49091F086069
:107530001023D4E900101940002059404040014375
:1075400015D1D4F89800B0F5807F07D1022104F15D
:10755000280004F069FB08B14FF00108BD4800683D
:1075600020F44070D4F898100843BA4908604FF4EA
:107570000022D4E900011040002113465840494040
:10758000084327D1D4F8A40030B1B0F5803F0AD029
:10759000B0F5003F0FD10DE0002104F1080004F028
:1075A00091FA054609E0022104F1280004F03CFBB1
:1075B000054602E001E0012500BF00BF4DB9A54826
:1075C000006820F44030D4F8A4100843A1490860B2
:1075D00000E0A8464FF48023D4E9000118400021C0
:1075E0005840494008432DD1D4F88800B0F5801F99
:1075F00006D0B0F5001F0CD0B0F5401F11D10FE040
:1076000094482C38006840F4003092492C390860C6
:1076100009E0012104F1280004F006FB054602E020
:1076200001E0012500BF00BF5DB98A48001F006866
:1076300020F44010D4F8881008438649091F0860D8
:1076400000E0A8464FF48032D4E900011040002148
:10765000134658404940084325D1206D18B1B0F574
:10766000803F10D108E07B482C38006840F400309F
:1076700078492C39086008E0022104F1080004F080
:1076800021FA054601E0012500BF00BF55B9714848
:107690000C38006820F48030216D08436D490C39A6
:1076A000086000E0A8464FF00052D4E900101140F5
:1076B0000020134659404040014307D1022104F104
:1076C000280004F0B1FA08B14FF001084FF400337C
:1076D000D4E900011840002158404940084329D10D
:1076E000D4F88000A0B1B0F5807F06D0B0F5007F5F
:1076F0000CD0B0F5407F0CD109E056482C3800681A
:1077000040F4003053492C39086004E003E002E003
:1077100001E0012500BF00BF5DB94E48001F0068B1
:1077200020F44070D4F8801008434A49091F0860CB
:1077300000E0A8464FF48012D4E900101140002068
:10774000134659404040014309D142480838006877
:1077500020F00040616F08433E49083908604FF04F
:107760008052D4E900101140002013465940404097
:1077700001430AD137484838006820F48040D4F8E3
:10778000B81008433349483908604FF40012D4E96F
:10779000001011400020134659404040014309D1D8
:1077A0002C480838006820F08070E16E08432949B1
:1077B000083908604FF08042D4E9001011400020E1
:1077C000134659404040014311D100BF2148483879
:1077D000006820F400401F494839086008460068E6
:1077E000D4F8BC1008431B494839086000BF4FF06B
:1077F0000042D4E900101140002013465940404097
:10780000014309D113480C38006820F04050616DE5
:10781000084310490C3908604FF40002D4E9001005
:107820001140002013465940404001430AD1094805
:10783000001F006820F44000D4F88C10084305496C
:10784000091F086001230021606818400122494097
:10785000504001E058440258014306D104F10800A9
:1078600004F030F9054605B1A846022200216068FF
:10787000104049405040014307D1012104F1080064
:1078800004F020F9054605B1A846042300206168EC
:107890001940042240405140084307D1022104F11D
:1078A000080004F00FF9054605B1A8460823002199
:1078B00060681840082249405040014306D104F155
:1078C000280004F0B1F9054605B1A84610220021B0
:1078D0006068104049405040014307D1012104F144
:1078E000280004F0A1F9054605B1A8462022002091
:1078F0006168114040405140084307D1022104F122
:10790000280004F091F9054605B1A846B8F1000F2A
:1079100002D10020BDE8F0810120FBE72DE9F04114
:1079200004460D4614B90120BDE8F081BD48006849
:1079300000F00F00A8420ED2BA48006820F00F00F5
:107940002843B84908600846006800F00F00A842C4
:1079500001D00120E8E7207800F0040004280ED1CF
:10796000B1492069096801F07001884207D9AE4821
:10797000006820F0700021690843AB490860207856
:1079800000F00800082811D1A749091D606909689D
:1079900001F07001884209D9A348001D006820F059
:1079A000700061690843A049091D0860207800F053
:1079B0001000102811D19C49091DA069096801F423
:1079C000E061884209D99848001D006820F4E06011
:1079D000A16908439449091D0860207800F020003F
:1079E000202811D190490831E069096801F070013F
:1079F000884209D98C480830006820F07000E1699D
:107A00000843894908310860207800F00200022804
:107A10000ED18549E068096801F00F01884207D955
:107A20008148006820F00F00E16808437E49086043
:107A3000207800F00100002850D07B48006820F436
:107A40007060A1680843784908606068022807D11F
:107A5000754818380068C0F34040F8B9012063E762
:107A60006068032807D1704818380068C0F3406088
:107A7000A0B9012058E76068012807D16A48183882
:107A80000068C0F3002048B901204DE76648183867
:107A90000068C0F3800008B9012045E76248083853
:107AA000006820F00700616808435F4908390860F2
:107AB000FDF756FE064608E0FDF752FE801B41F238
:107AC0008831884201D903202EE7574808380068DA
:107AD00000F038006168B0EBC10FEDD1207800F004
:107AE000020002280ED15049E068096801F00F0138
:107AF000884207D24C48006820F00F00E168084334
:107B0000494908604748006800F00F00A8420ED9B4
:107B10004448006820F00F002843424908600846A6
:107B2000006800F00F00A84201D00120FCE6207898
:107B300000F0040004280ED13B492069096801F0D7
:107B40007001884207D23848006820F0700021692F
:107B5000084335490860207800F00800082811D152
:107B60003149091D6069096801F07001884209D234
:107B70002D48001D006820F07000616908432A4903
:107B8000091D0860207800F01000102811D1264946
:107B9000091DA069096801F4E061884209D2224800
:107BA000001D006820F4E060A16908431E49091D1A
:107BB0000860207800F02000202811D11A490831EF
:107BC000E069096801F07001884209D2164808305E
:107BD000006820F07000E16908431349083108602B
:107BE00000F0ACF810490968C1F303210F4A515C59
:107BF00001F01F0120FA01F70B48006800F00F00A8
:107C00001146085C00F01F0027FA00F008490860E0
:107C10000848076008480068FDF7B8FE80464046FF
:107C200082E60000002000521844025870C101088A
:107C3000A04900249C490024944900243F2202606A
:107C4000174A126802F007024260154A08321268A9
:107C500002F470628260124A0832126802F00F0267
:107C6000C2600F4A0832126802F0700202610C4AC8
:107C70000C32126802F070024261094A0C3212683A
:107C800002F4E0628261064A1032126802F0700269
:107C9000C261044A126802F00F020A6070470000D5
:107CA000104402580020005210B500F047F80D496A
:107CB0000968C1F303210C4A515C01F01F0120FA4D
:107CC00001F40848006800F00F001146085C00F05D
:107CD0001F0024FA00F005490860054804600846C2
:107CE000006810BD1844025870C10108A049002462
:107CF0009C49002400B5FFF7D7FF05490968C1F387
:107D00000211044A515C01F01F01C84000BD00008F
:107D10001C44025870C1010800B5FFF7C5FF0549B2
:107D20000968C1F30221044A515C01F01F01C840F7
:107D300000BD00001C44025870C10108F0B5824E1D
:107D4000366806F0380636B1082E15D0102E15D03C
:107D5000182E7DD114E07C4E103E3668C6F34016D6
:107D600046B1794E103E3668C6F3C107774E26FA03
:107D700007F000E07548E5E07548E3E07548E1E0AC
:107D8000714E1836366806F003046F4E18363668A2
:107D9000C6F305116C4E1C36366806F001056A4EB6
:107DA00024363668C6F3CC0616FB05F601EE106ADB
:107DB000B8EE410A002971D024B1012C50D0022C18
:107DC0006DD16DE0604E103E3668C6F340163EB38E
:107DD0005D4E103E3668C6F3C1075C4E26FA07F3C7
:107DE00001EE103AF8EE411A01EE101AB8EE411AFF
:107DF00081EE812A9FED581AC0EE011A524E2036AC
:107E00003668C6F3080601EE106AB8EE411A31EE84
:107E1000811AF7EE001A31EE211A62EE010A1EE015
:107E200001EE101AB8EE411ADFED4C1A81EE812AEC
:107E30009FED491AC0EE011A434E20363668C6F34C
:107E4000080601EE106AB8EE411A31EE811A00E020
:107E500076E0F7EE001A31EE211A62EE010A5BE0DD
:107E600001EE101AB8EE411A9FED3D2AC2EE011A3A
:107E70009FED391A80EE012A334E20363668C6F35C
:107E8000080601EE106AB8EE411A32EE011AB7EE9A
:107E9000002A31EE021A61EE810A3DE04EE01DE05B
:107EA00001EE101AB8EE411ADFED2E1A81EE812A8A
:107EB0009FED291AC0EE011A234E20363668C6F30C
:107EC000080601EE106AB8EE411A31EE811AF7EE9B
:107ED000001A31EE211A62EE010A1DE001EE101ABD
:107EE000B8EE411A9FED1E2AC2EE011A9FED1A1A32
:107EF00080EE012A144E20363668C6F3080601EEDD
:107F0000106AB8EE411A32EE011AB7EE002A31EECD
:107F1000021A61EE810A00BF00BF0B4E20363668A0
:107F2000C6F34626721C01EE102AB8EE411AC0EEC6
:107F3000811ABCEEE11A11EE100A00E0002001E007
:107F4000034800BF00BFF0BD104402580090D003AA
:107F500000093D0040787D01000000460024744C7B
:107F60000024744A20BCBE4B2DE9F047044614B9E6
:107F70000120BDE8F087207800F00100002870D0D3
:107F8000FA48006800F03808F8481830D0F8009037
:107F9000B8F1100F06D0B8F1180F0FD109F0030097
:107FA00002280BD1F14810380068C0F34040002887
:107FB0006AD06068002867D10120DAE700BF6068F6
:107FC000B0F5803F08D1E9481038006840F48030AF
:107FD000E649103908602EE0606868B9E348103857
:107FE000006820F48030E1491039086008460068D4
:107FF00020F4802008601EE06068B0F5A02F0DD14D
:10800000DA481038006840F48020D84910390860F8
:108010000846006840F4803008600CE0D34810380F
:10802000006820F48030D1491039086008460068A3
:1080300020F48020086000BF606898B1FDF790FBD5
:10804000054606E0FDF78CFB401B642801D90320A0
:108050008FE7C64810380068C0F340400028F1D0D0
:1080600012E012E0FDF77CFB054606E0FDF778FB29
:10807000401B642801D903207BE7BC481038006806
:10808000C0F340400028F1D100BF207800F002008A
:10809000022874D1B548006800F03808B348183099
:1080A000D0F80090B8F1000F05D0B8F1180F56D1F4
:1080B00009F00300D0BBAD4810380068C0F3800061
:1080C00018B1E06808B9012053E7A84810380068E3
:1080D00020F01900E1680843A44910390860FDF751
:1080E0003FFB054606E0FDF73BFB401B022801D99C
:1080F00003203EE79D4810380068C0F38000002848
:10810000F1D000BFFDF726FB41F2030188421AD8E7
:10811000206940280BD195480C38006820F47C3049
:1081200040F4003091490C39086017E017E08F489F
:108130000C38006820F47C30216940EA01308B491A
:108140000C3908600AE089480C38006820F0FE40CD
:10815000217C40EA016085490C39086066E0E068EE
:1081600088B382481038006820F01900E16808439D
:108170007E4910390860FDF7F3FA054607E056E03E
:10818000FDF7EEFA401B022801D90320F1E67748FB
:1081900010380068C0F380000028F1D000BFFDF760
:1081A000D9FA41F2030188421AD8206940280BD13C
:1081B0006E480C38006820F47C3040F400306B4985
:1081C0000C39086017E017E068480C38006820F4A4
:1081D0007C30216940EA013064490C3908600AE0CA
:1081E00062480C38006820F0FE40217C40EA0160C3
:1081F0005E490C39086019E05C481038006820F0CE
:1082000001005A4910390860FDF7AAFA054606E050
:10821000FDF7A6FA401B022801D90320A9E653481E
:1082200010380068C0F380000028F1D100BF20782A
:1082300000F0100010287CD14C48006800F038088D
:108240004A481830D0F80090B8F1080F06D0B8F1BD
:10825000180F3DD109F00300012839D143481038E7
:108260000068C0F3002020B1E069802801D001201F
:108270007FE600BFFDF76EFA41F2030188421AD88B
:10828000206A20280AD139480C38006820F0F840CC
:1082900040F0804035490C39086018E033480C380C
:1082A000006820F0F84094F8201040EA81602F49DF
:1082B0000C3908600BE02D48001F006820F07C504E
:1082C00094F8201040EA01602849091F086066E020
:1082D000E06978B325481038006840F080002349F1
:1082E00010390860FDF73CFA054606E0FDF738FA5C
:1082F000401B022801D903203BE61C4810380068C7
:10830000C0F300200028F1D000BFFDF723FA41F2AE
:10831000030188421CD8206A20280CD113480C384D
:10832000006820F0F84040F0804010490C390860A7
:108330001AE035E01CE00D480C38006820F0F840E9
:1083400094F8201040EA816008490C3908600BE07D
:108350000648001F006820F07C5094F8201040EA86
:1083600001600249091F086019E00000104402582A
:10837000FA48006820F08000F8490860FDF7F0F93D
:10838000054606E0FDF7ECF9401B022801D9032061
:10839000EFE5F2480068C0F300200028F2D100BFEA
:1083A000207800F00800082836D16069D0B1EB4889
:1083B0007430006840F00100E84974310860FDF74E
:1083C000CFF9054606E0FDF7CBF9401B022801D99D
:1083D0000320CEE5E14874300068C0F34000002877
:1083E000F1D019E0DD487430006820F00100DB496D
:1083F00074310860FDF7B4F9054606E0FDF7B0F901
:10840000401B022801D90320B3E5D448743000682A
:10841000C0F340000028F1D1207800F0200020288F
:1084200030D1A069B8B1CD48006840F48050CB4944
:108430000860FDF795F9054606E0FDF791F9401B48
:10844000022801D9032094E5C4480068C0F34030F5
:108450000028F2D016E0C148006820F48050BF49DF
:108460000860FDF77DF9054606E0FDF779F9401B48
:10847000022801D903207CE5B8480068C0F34030E9
:108480000028F2D1207800F0040004287DD1B448FF
:10849000006840F48070B2490860FDF761F9054654
:1084A00006E0FDF75DF9401B642801D9032060E573
:1084B000AB48006800F480700028F2D000BFA068CC
:1084C000012808D1A5487030006840F00100A34998
:1084D000703108602DE0A06868B9A048703000686D
:1084E00020F001009D49703108600846006820F0C6
:1084F000040008601DE0A06805280DD19748703081
:10850000006840F004009549703108600846006832
:1085100040F0010008600CE090487030006820F0E6
:1085200001008E49703108600846006820F00400A0
:10853000086000BFA068A0B1FDF712F9054608E089
:10854000FDF70EF9401B41F28831884201D9032022
:108550000FE5824870300068C0F340000028EFD07B
:1085600013E0FDF7FDF8054608E0FDF7F9F8401BBC
:1085700041F28831884201D90320FAE4774870300B
:108580000068C0F340000028EFD1606A00287DD069
:1085900072481030006800F03800182877D0606A00
:1085A000022875D16D48006820F080706B49086022
:1085B000FDF7D6F8054606E0FDF7D2F8401B022885
:1085C00001D90320D5E465480068C0F34060002865
:1085D000F2D100BFD4E90A1041EA00105F49283106
:1085E000096840F2F332914308435C49283108603E
:1085F000208E401EC0F30800616B491E4FF47E427E
:1086000002EA41210843218F491ED20102EA0141B9
:1086100008433C21095D491E120202EA0161084338
:108620004E493031086000BF081F006820F001008B
:10863000091F08604948343000684FF6F8718843D4
:10864000A16C40EAC10045493431086043482C30F0
:10865000006820F00C00216C084340492C31086070
:108660000846006820F00200616C08433B492C3149
:1086700008600846006840F48030086008460068DA
:1086800040F4003008600846006802E093E038E0FB
:108690001FE040F4802008600846006840F00100B8
:1086A00008602E48006840F080702C490860FDF793
:1086B00057F8054606E0FDF753F8401B022801D99C
:1086C000032056E425480068C0F340600028F2D03B
:1086D00071E02248006820F0807020490860FDF7B2
:1086E0003FF8054606E0FDF73BF8401B022801D99C
:1086F00003203EE419480068C0F340600028F2D12E
:1087000059E0164828300768144830300668606A17
:10871000012821D007F00301A06A81421CD1C7F3D0
:108720000511E06A884217D1C6F30801206B401E8C
:10873000814211D1606B401EC6F3462188420BD1A5
:10874000A06B401EC6F30641884205D1E06B401E77
:10875000C6F30661884205D001200AE400440258AD
:108760000048025815480068C0F3CC07A06CB84216
:1087700021D012480838006820F001000F4908395C
:108780000860FCF7EDFF054600BFFCF7E9FF401B62
:10879000FBD00A4800684FF6F8718843A16C40EAA4
:1087A000C1000649086005480838006840F001002B
:1087B00002490839086000204AE4000034440258A5
:1087C00070B504460125002C51D094F8210028B939
:1087D000002084F82000204600F04EF8022084F8A3
:1087E00021002068C068C0F3001000283AD100BF03
:1087F000CA202168486253202168486200BF204691
:1088000003F0D2FA0546CDB92068806819490840BE
:1088100021688860216960680843A169084321686C
:1088200089680843216888602089E16841EA00403E
:1088300021680861204603F0D9FA05466DB9206821
:10884000C06C20F003002168C8646169E0690843D6
:108850002168C96C08432168C86400BFFF202168F3
:10886000486200E0002515B9012084F8210028465F
:1088700070BD0000BFFF8FFF10B5B0B00446C0212F
:108880006846F7F7F6FD0C492068884211D10102CD
:108890000020CDE9001048132D906846FEF78AF9B4
:1088A00008B1F8F7C1FE0548006840F400400349EC
:1088B000086030B010BD00000040005870440258FD
:1088C0002DE9F04705460C46174600BF95F82000F5
:1088D000012802D10220BDE8F087012085F82000A0
:1088E00000BF022085F821004FB9607800F0100029
:1088F000102804D1607800F0EF000A30607097B95A
:10890000E07803F043FA4FEA0049607803F03EFA5A
:1089100049EA0029A07803F039FA49EA00092078E9
:1089200049EA403809E0E0780004617840EA012033
:10893000A1780843217840EA413800BFCA2029685D
:10894000486253202968486200BF284603F02CFA89
:10895000064646B90C4808EA0000296848602846DF
:1089600003F044FA064600BFFF202968486200BFB2
:1089700016B9012085F8210000BF002085F82000ED
:1089800000BF3046A7E700003FFFFF002DE9F0479A
:1089900004460D46904600BF94F82000012802D1FD
:1089A0000220BDE8F087012084F8200000BF0220EB
:1089B00084F8210000BFCA20216848625320216842
:1089C000486200BF204603F0EFF90646002E47D16B
:1089D000B8F1000F1BD12068806800F0400000B1A2
:1089E00002E00020E87000BF287803F0CFF94FEADA
:1089F0000049687803F0CAF949EA0029A87803F029
:108A0000C5F949EA0009E87849EA805712E0206888
:108A1000806800F0400000B102E00020E87000BF74
:108A200028780004697840EA0120A9780843E978A9
:108A300040EA815712483840216808602068806801
:108A400020F4802021688860D5E90301084321686B
:108A50008968084321688860204603F0C7F9064604
:108A600000BFFF202168486200BF16B9012084F8CA
:108A7000210000BF002084F8200000BF304690E7AE
:108A80007F7F7F0070B504460B482168C860FCF703
:108A900067FE054607E0FCF763FE401BB0F57A7FF2
:108AA00001D9032070BD2068C06800F020000028B4
:108AB000F1D00020F6E700005FFF030070470000E0
:108AC0002DE9F05F0446206807692068D0F814801B
:108AD00007EA08052068D0F808904FF0000A94F8DB
:108AE0008160206800F1300B08F40060B0F5006F81
:108AF0000ED107F0080008280AD12068806940F4E8
:108B0000006021688861204600F06FFABDE8F09FA0
:108B100005F0400070B905F0200058B905F00400D8
:108B2000042807D12046616F88472046216F884777
:108B30004FF0010A05F0400050B905F0010038B1CE
:108B400005F0040020B92046216F88474FF0010A44
:108B500005F0200058B905F00200022807D105F001
:108B6000040020B92046616F88474FF0010ABAF12E
:108B7000000F00D0CAE705F00800082863D120687C
:108B8000806940F00800216888612068806940F0B1
:108B90001000216888612068806940F400602168C5
:108BA00088612068006920F0080021680861206859
:108BB000806800F4404038BB22E0E0680F2807D905
:108BC0002068006B616E0860606E001D606612E0D8
:108BD000E068072807D9BBF80000616E0880606E66
:108BE000801C606607E0206890F83000616E0870B5
:108BF000606E401C6066B4F86A00401EA4F86A000B
:108C0000B4F86A000028D8D1204603F027F90120E3
:108C100084F88100D4F8840018B12046FFF74EFF95
:108C200074E7052E03D1204600F0E1F90AE0042E96
:108C300003D1204600F0D8F904E0032E02D12046EB
:108C400000F0D4F962E705F4587000287DD005F0F3
:108C5000400058B1D4F8840040F00400C4F8840007
:108C60002068806940F040002168886105F4007048
:108C700058B1D4F8840040F00100C4F884002068A2
:108C8000806940F400702168886105F4807058B1F3
:108C9000D4F8840040F00800C4F88400206880699B
:108CA00040F480702168886105F0200058B1D4F844
:108CB000840040F08000C4F884002068806940F09F
:108CC000200021688861D4F88400A8B32068006877
:108CD00020F00100216808602068006940F26B31D3
:108CE00088432168086109F44040B0F5404F25D120
:108CF0002068806820F4404021688860E06F60B19F
:108D00001348E16F0865E06FF9F7A8FE28B1D4F8C1
:108D1000840040F04000C4F88400A06F60B10C48AB
:108D2000A16F0865A06FF9F799FE28B1D4F8840007
:108D300040F04000C4F8840006E006E0012084F81A
:108D400081002046FFF7BAFEE0E600BFDEE6000045
:108D500033BF000870B504460CB9012070BD606ACD
:108D600000B900BF0021A1626349206888420CD08D
:108D700062492068884208D061492068884204D04E
:108D8000E0680F2801D90120E8E7204603F0DFF86A
:108D9000054659492068884209D0584920688842C8
:108DA00005D057492068884201D0082D0DD8524976
:108DB0002068884207D051492068884203D0504932
:108DC0002068884203D1102D01D90120C6E794F80C
:108DD000810028B9002084F88000204600F092F835
:108DE000022084F881002068006820F001002168DA
:108DF00008602068806800F4F816A069B0F1806F00
:108E000011D16068B0F5800F01D1A06B28B1606806
:108E100048B9A06BB0F1805F05D12068006840F4CC
:108E2000805021680860606800F48000B0F5800F11
:108E30000BD1E068072808D32068006820F4807010
:108E4000216D08432168086005E02068006820F46F
:108E5000807021680860A16AE06908433043E16BD3
:108E60000843E168084321688860616A606B0843D1
:108E7000A16B0843A169084321690843616908435C
:108E8000216A084361680843E16C0843A16808430C
:108E9000A16C0843A16D08432168C860606878B977
:108EA0002068806820F4C05040F400602168886029
:108EB0002068806820F4C06040F480602168886089
:108EC0002068006D20F0010021680865606800F4EA
:108ED0008000B0F5800F07D12068C06820F0004006
:108EE000616D08432168C8600020C4F88400012037
:108EF00084F88100002031E7003001400038004054
:108F0000003C004010B5B8B00446142132A8F7F771
:108F1000B0FAC02102A8F7F7ACFA2F4920688842BE
:108F200058D181140020CDE902101A9002A8FDF753
:108F300041FE08B1F8F778FB00BF2848006840F40C
:108F40008050264908600846006800F4805001906F
:108F500000BF00BF00BF21481038006840F0080083
:108F60001E49103908600846006800F008000190AA
:108F700000BF00BF00BF0846006840F04000086026
:108F80000846006800F04000019000BF00BF80204C
:108F90003290022033900020349035900520369096
:108FA00032A90F48FCF7C8FA4FF420603290022033
:108FB00033900020349035900520369032A909482E
:108FC000FCF7BAFA002205212320FCF7BFFD23207D
:108FD000FCF7A8FD38B010BD00300140F044025845
:108FE000000C0258001802587047704770477047CD
:108FF000034A126882430A43014B1A60704700001B
:10900000040400580349096821F460010143014A3E
:1090100011607047040400587047704770477047EC
:1090200030B502460B4600BF92F83C00012801D142
:10903000022030BD012082F83C0000BF022082F8EF
:109040003D001068416810688468214D1068A8428E
:1090500003D0204D1068A84203D121F47001586854
:10906000014321F070011868014310684160184DF8
:109070001068A8421BD01068B0F1804F17D0164D71
:109080001068A84213D0154D1068A8420FD0144D97
:109090001068A8420BD00F4D1068A84207D0114DA0
:1090A0001068A84203D0104D1068A84205D124F0E2
:1090B00080049868044310688460012082F83D00B1
:1090C00000BF002082F83C0000BF00BFB1E70000F5
:1090D000000001400004014000040040000800407E
:1090E000000C0040001800400040014010B504464C
:1090F0000CB9012010BD94F83D0060B9002084F83F
:109100003C00204603F004F9E06C08B91648E0641E
:109110002046E16C8847022084F83D00211D20682C
:1091200003F074F8012084F8480000BF84F83E0082
:1091300001213F2001554020015541200155422089
:1091400001554320015500BF00BF012084F84400B1
:1091500045200155462001554720015500BF0120FB
:1091600084F83D000020C5E76D91000838B504463D
:1091700050492068884216D100BF4F48006840F02F
:1091800001004D4908600846006800F001000090A9
:1091900000BF00BF002205211920FCF7D7FC1920D1
:1091A000FCF7C0FC85E02068B0F1804F18D100BF0B
:1091B00041480838006840F001003F49083908601C
:1091C0000846006800F00100009000BF00BF0022C8
:1091D00005211C20FCF7BAFC1C20FCF7A3FC68E06E
:1091E00036492068884218D100BF334808380068E3
:1091F00040F004003049083908600846006800F073
:109200000400009000BF00BF002205211E20FCF7D3
:109210009DFC1E20FCF786FC4BE029492068884213
:1092200018D100BF24480838006840F008002249DF
:10923000083908600846006800F00800009000BF88
:1092400000BF002205213220FCF780FC3220FCF711
:1092500069FC2EE01B492068884218D100BF1648DF
:109260000838006840F010001349083908600846C3
:10927000006800F01000009000BF00BF0022052130
:109280003620FCF763FC3620FCF74CFC11E00E495D
:10929000206888420DD100BF0748006840F00200F6
:1092A000054908600846006800F00200009000BF11
:1092B00000BF38BD00000140F044025800080040E3
:1092C000000C00400010004000040140014691F8ED
:1092D0003D00012801D001207047022081F83D00A7
:1092E0000868C06840F001000B68D8601C4B086833
:1092F00098421BD00868B0F1804F17D0194B08680E
:10930000984213D0184B086898420FD0174B086842
:1093100098420BD0164B0868984207D0154B086846
:10932000984203D0144B0868984210D108688068AE
:10933000124B00EA0302062A0FD0B2F5803F0CD090
:109340000868006840F001000B68186005E00868D4
:10935000006840F001000B6818600020BCE70000C6
:10936000000001400004004000080040000C0040E4
:1093700000040140001800400040014007000100C7
:109380002DE9F04104460D46002700BF94F83C004B
:10939000012802D10220BDE8F081012084F83C00C0
:1093A00000BF022084F83D002068866840480640DF
:1093B00026F47F46206886602868702826D00CDC5A
:1093C00000F00F01002966D10011072863D2DFE801
:1093D00000F0555657584B374100B0F1101F52D08E
:1093E00009DCB0F5805F10D0B0F5005F1BD0B0F5A0
:1093F000801F50D146E0A0F580102038002843D0CF
:10940000102842D0202846D140E046E0D5E902139A
:109410006A68206802F064FF2068866846F0770674
:109420002068866039E0D5E902136A68206802F096
:1094300057FF2068806840F48040216888602CE0F5
:10944000EA686968206802F09FFF5021206802F0F6
:1094500053FF22E0EA686968206802F0A8FF6021F3
:10946000206802F049FF18E0EA686968206802F0A5
:109470008BFF4021206802F03FFF0EE000BF00BFDD
:1094800000BF00BF00BF00BF00BF00BF2968206849
:1094900002F032FF01E0012700BF00BF012084F885
:1094A0003D0000BF002084F83C0000BF384672E752
:1094B00088FFCEFF70477047704770B5044620683C
:1094C000C6682068056905F0020002281CD106F074
:1094D0000200022818D1401F21680861012020776E
:1094E0002068806900F0030020B12046D4F8941071
:1094F000884707E02046D4F89C1088472046D4F8D7
:10950000A01088470020207705F0040004281CD113
:1095100006F00400042818D1C04321680861022025
:1095200020772068806900F4407020B12046D4F88C
:109530009410884707E02046D4F89C1088472046BE
:10954000D4F8A01088470020207705F008000828EC
:109550001CD106F00800082818D1C0432168086112
:10956000042020772068C06900F0030020B1204665
:10957000D4F89410884707E02046D4F89C10884718
:109580002046D4F8A01088470020207705F010006E
:1095900010281CD106F01000102818D1C0432168F3
:1095A0000861082020772068C06900F4407020B16D
:1095B0002046D4F89410884707E02046D4F89C1041
:1095C00088472046D4F8A01088470020207705F06F
:1095D000010050B106F0010038B16FF001002168C0
:1095E00008612046D4F88410884705F08000802860
:1095F00004D005F40050B0F5005F0BD106F08000F8
:10960000802807D16FF40250216808612046D4F801
:10961000B410884705F48070B0F5807F0BD106F058
:109620008000802807D16FF480702168086120468F
:10963000D4F8B810884705F0400040280AD106F059
:109640004000402806D1C043216808612046D4F874
:109650008C10884705F0200020280AD106F0200051
:10966000202806D1C043216808612046D4F8AC10F8
:10967000884770BD704770477047000010B50446BA
:1096800003492068884201D1FCF744F910BD00006D
:1096900000040040704770477047014600BF91F8D2
:1096A0008400012801D102207047012081F8840044
:1096B00000BF2420C1F888000868026808680068B4
:1096C00020F001000B68186022F00052002048666C
:1096D000086802602020C1F8880000BF002081F8DF
:1096E000840000BF00BFDFE77047704770B50446D5
:1096F0000D4600BF94F88400012801D1022070BDFE
:10970000012084F8840000BF2420C4F88800206869
:1097100006682068006820F0010021680860206861
:10972000806820F06060284321688860204602F04D
:1097300073FE206806602020C4F8880000BF002067
:1097400084F8840000BF00BFD9E770B504460D4619
:1097500000BF94F88400012801D1022070BD0120CF
:1097600084F8840000BF2420C4F8880020680668BC
:109770002068006820F00100216808602068806887
:1097800020F06040284321688860204602F044FEB3
:10979000206806602020C4F8880000BF002084F8FC
:1097A000840000BF00BFD9E770477047704770471B
:1097B000704770472DE9F04704462068C569206866
:1097C00006682068876840F60F0005EA0009B9F1CD
:1097D000000F0FD105F0200060B106F0200010B995
:1097E00007F0805030B1606F10B12046616F88473C
:1097F000BDE8F087B9F1000F7ED0FB48384018B9BA
:10980000FA4830400028F7D005F0010058B106F4BE
:10981000807040B1012021680862D4F8900040F0C7
:109820000100C4F8900005F0020058B107F00100F3
:1098300040B1022021680862D4F8900040F0040092
:10984000C4F8900005F0040058B107F0010040B1E1
:10985000042021680862D4F8900040F00200C4F8A7
:10986000900005F0080070B106F0200010B9DE4845
:10987000384040B1082021680862D4F8900040F0D8
:109880000800C4F8900005F4006060B106F0806044
:1098900048B14FF4006021680862D4F8900040F0AD
:1098A0002000C4F89000D4F89000002855D005F0AE
:1098B000200050B106F0200010B907F0805020B110
:1098C000606F10B12046616F8847D4F890A020687F
:1098D000806800F04000402802D00AF0280078B3E9
:1098E000204602F023FF2068806800F040004028F6
:1098F00027D100BF00BF00E030E02168083151E807
:10990000001F21F040002168083141E80002002AD0
:10991000F1D100BFD4F8800068B1B548D4F8801008
:109920000865D4F88000F9F799F8B0B1D4F8800050
:10993000016D884711E02046D4F8A41088470CE058
:1099400004E02046D4F8A410884706E02046D4F866
:10995000A41088470020C4F8900049E7E06E012871
:109960007ED105F0100000287AD006F01000002803
:10997000FAD01020216808622068806800F040005A
:1099800040286ED1D4F8800000689A4988426BD094
:10999000D4F88000006897491831884264D0D4F820
:1099A000800000689349303188425DD0D4F880004F
:1099B000006890494831884256D0D4F88000006849
:1099C0008C49603188424FD0D4F8800000688949C2
:1099D0007831884248D0D4F88000006885499031B9
:1099E000884241D0D4F8800000688249A83188427A
:1099F0003AD0D4F8800000687F49884234D0D4F847
:109A0000800000687C49183188422DD0D4F880004D
:109A1000006879493031884226D0D4F88000006847
:109A20007549483188421FD0D4F8800000687249D7
:109A30006031884218D0D4F8800000686E497831CF
:109A4000884211D0D4F8800000686B499031884278
:109A50000AD0D4F8800000686749A831884202E043
:109A6000CCE07BE000E004D1D4F8800000684068DE
:109A700003E0D4F88000006840681FFA80F8B8F16D
:109A8000000F58D0B4F85C00404554DDA4F85E8067
:109A9000D4F88000C069B0F5807F40D000BF00BF1F
:109AA000216851E8001F21F48070226842E800011B
:109AB0000029F5D100BF00BF00BF2168083151E87F
:109AC000001F21F001002168083141E80002002A4E
:109AD000F3D100BF00BF00BF2168083151E8001F6B
:109AE00021F040002168083141E80002002AF3D14A
:109AF00000BF2020C4F88C000020E06600BF00BF3B
:109B0000216851E8001F21F01000226842E800019E
:109B10000029F5D100BFD4F88000F8F731FD02200C
:109B20005C34606120886388C01A81B2626E5C3CDC
:109B30002046904711E0B4F85C0040450DD1D4F8C0
:109B40008000C069B0F5807F07D102202067B4F89B
:109B50005C102046D4F8C020904749E634F85C0FEA
:109B60006188401A1FFA80F860885C3CD0B3B8F175
:109B7000000F37D000BF00BF216851E8001F21F45B
:109B80009070226842E800010029F5D100BF00BFB3
:109B900000BF2168083151E8001F134AD24301EA8F
:109BA00002002168083141E80002002AF1D100BF1B
:109BB0002020C4F88C000020E066606700BF00BF72
:109BC000216851E8001F21F01000226842E80001DE
:109BD0000029F5D100BF0220206741462046D4F875
:109BE000C020904704E6000001000010200100049E
:109BF00053C60008100002401004024005F4801013
:109C000058B107F4800040B14FF480102168086219
:109C10002046D4F8B4108847EAE505F0800058B132
:109C200006F0800010B907F4000028B1A06F10B151
:109C30002046A16F8847DBE505F0400030B106F013
:109C4000400018B1204602F0A7FDD1E505F4000060
:109C500038B106F0804020B12046D4F8BC108847C7
:109C6000C6E505F0807038B106F0004020B120460E
:109C7000D4F8B8108847BBE500BFB9E510B5044675
:109C80000CB9012010BDA06900B100E000BFD4F8FC
:109C9000880078B9002084F88400204602F0B6FDE0
:109CA000D4F8C40010B91848C4F8C4002046D4F849
:109CB000C41088472420C4F888002068006820F079
:109CC000010021680860A06A10B1204602F0D0FBB4
:109CD000204602F0CFFD012800D1D3E7206840687C
:109CE00020F49040216848602068806820F02A00B5
:109CF000216888602068006840F0010021680860E1
:109D0000204602F031FCBDE70D9D000810B5B8B04B
:109D10000446142132A8F6F7ACFBC02102A8F6F7DE
:109D2000A8FBFE49206888427FD102210020CDE9AE
:109D30000210209002A8FCF73DFF08B1F7F774FC71
:109D400000BFF748006840F40020F5490860084665
:109D5000006800F40020019000BF00BF00BFF04881
:109D60000838006840F00400ED49083908600846EA
:109D7000006800F00400019000BF00BF4FF4406095
:109D80003290022033900020349002203590082039
:109D9000369032A9E348FBF7CFFBE348E34908607C
:109DA000402048604021E14881600021C1604FF4BB
:109DB00080610161002141618161C1610162416293
:109DC000F9F798FD08B1F7F72FFC00BFD748E06717
:109DD000846300BFD4486030D54908603F204860A4
:109DE0000021D3488160C1604FF48061016100218E
:109DF00041618161C1614FF44031016200214162E2
:109E0000F9F778FD08B1F7F70FFC00BFC848C4F8B0
:109E10008000846300BF002205213420FBF796FEFA
:109E20003420FBF77FFE0BE2FFE7C249206888423F
:109E30007ED102210020CDE90210209002A8FCF77B
:109E4000B9FE08B1F7F7F0FB00BFB548006840F471
:109E50008010B34908600846006800F48010019043
:109E600000BF00BF00BFAE480838006840F00400E3
:109E7000AB49083908600846006800F0040001900A
:109E800000BF00BF00BF0846006840F0080008603F
:109E90000846006800F00800019000BF00BF4FF4C2
:109EA0008050329002203390002034900220359070
:109EB0000820369032A99B48FBF73EFB04203290E5
:109EC00002203390002034900220359008203690F4
:109ED00032A99948FBF730FB934818389749086036
:109EE000422048604021954881600021C1604FF4C4
:109EF00080610161002141618161C1614FF44031A4
:109F0000016200214162F9F7F5FC08B1F7F78CFB1B
:109F100000BF8A48E067846300BF834848308849AF
:109F2000086041204860002185488160C16000E0F0
:109F30001FE04FF480610161002141618161C161D5
:109F40004FF44031016200214162F9F7D3FC08B1BE
:109F5000F7F76AFB00BF7A48C4F88000846300BF4B
:109F6000002205213520FBF7F1FD3520FBF7DAFD56
:109F700066E17449206888427CD102210020CDE945
:109F80000210209002A8FCF715FE08B1F7F74CFB71
:109F900000BF6348006840F080406149086008469F
:109FA000006800F08040019000BF00BF00BF5C4827
:109FB0000838006840F01000594908390860084620
:109FC000006800F01000019000BF00BF4FF4C070A7
:109FD0003290022033900020349035900720369044
:109FE00032A95948FBF7A8FA4F481830574908607A
:109FF0004F204860002155488160C1604FF4806166
:10A000000161002141618161C16101624162F9F731
:10A0100071FC08B1F7F708FB00BF4C48C4F880009A
:10A02000846300BF40483030494908605020486090
:10A030004021474881600021C1604FF48061016187
:10A04000002141618161C16101624162F9F752FC05
:10A0500008B1F7F7E9FA00BF3D48E067846300BF45
:10A06000002205215220FBF771FD5220FBF75AFD1B
:10A07000E6E0FFE73749206888424ED10221002000
:10A08000CDE90210209002A8FCF794FD08B1F7F783
:10A09000CBFA00BF2248006840F000402049086029
:10A0A0000846006800F00040019000BF00BF00BFFC
:10A0B0001B480838006840F010001949083908604A
:10A0C0000846006800F01000019000BF00BF0320A8
:10A0D00032900220339000203490022035900820E6
:10A0E000369032A91848FBF727FA0F4830381A493A
:10A0F0000860522048604021174881600021C160FB
:10A100004FF480610161002141618161C16101629F
:10A110004162F9F7EFFB18B320E04CE0004C00403F
:10A12000E8440258000802584000024094580024B5
:10A130000C59002400500040000C0258845900249F
:10A14000FC5900240078004000100258745A002482
:10A15000EC5A0024007C0040645B0024F7F764FAAA
:10A1600000BF3848E067846300BF3748374908605C
:10A1700051204860002135488160C1604FF4806102
:10A180000161002141618161C16101624162F9F7B0
:10A19000B1FB08B1F7F748FA00BF2C48C4F88000BB
:10A1A000846300BF002205215320FBF7CFFC53201E
:10A1B000FBF7B8FC44E026492068884240D10120E2
:10A1C0000021CDE902010020219002A8FCF7F2FC59
:10A1D00008B1F7F729FA00BF1E48006840F01000E8
:10A1E0001C4908600846006800F01000019000BF9C
:10A1F00000BF00BF17481038006840F00100154943
:10A20000103908600846006800F00100019000BFA6
:10A2100000BF4FF400703290122033900120349030
:10A22000002035900720369032A90B48FBF784F9BF
:10A23000002205212520FBF789FC2520FBF772FC75
:10A2400038B010BD645B002428040240DC5B0024AD
:10A2500000100140F0440258000002587047704757
:10A2600070B504460E461546D4F8880020283FD124
:10A2700006B10DB9012070BD44F8506FA580E5808E
:10A28000002020642120A063E06A503CE0B119481E
:10A29000E16FC8631848E16F08641848E16FC8644B
:10A2A0000020E16F0865236803F128022B46216D29
:10A2B000E06FF9F7AFFD38B11020C4F8900020200E
:10A2C000C4F888000120D6E740202168086200BF5A
:10A2D00000BF2168083151E8001F41F0800021686B
:10A2E000083141E80002002AF3D100BF0020C2E794
:10A2F0000220C0E7C7C600081DC7000869C60008DD
:10A300007047704700BFFEE710B50248FBF77AFAC6
:10A3100010BD0000DC4D002410B50248FBF7ADFA7B
:10A3200010BD0000DC4D002470B50546AC6BA06B81
:10A3300010B10020A16B0865E06B10B10020E16B4B
:10A340000865204600F049FC70BD10B502460020AB
:10A3500001F001034BB140F0420092F8413003F0AC
:10A360002803282B01D040F0B00001F00203022B9B
:10A3700009D140F0440092F8413003F02803282B23
:10A3800001D040F0B00001F40043B3F5004F01D11B
:10A3900040F0B800102901D140F09000202901D1EF
:10A3A00040F02000402901D140F0400013681B68B4
:10A3B00083431468236010BD01688969C1F34001BB
:10A3C00011B10021026891620168896901F00101FF
:10A3D00029B90168896941F00101026891617047FA
:10A3E0002DE9F0470446894694F8410000F0280022
:10A3F000282852D120688069C0F30047206880690E
:10A4000000F47E00050C20688068C0F3090620680F
:10A41000C06800F0FE08E06802282ED105F00600B2
:10A42000062101EAE611884216D13546A06C401C8F
:10A43000A064A06C022838D10020A0640820216804
:10A44000C86100BF002084F8400000BF2A4639469A
:10A450002046FBF7D6F928E045464FF40041204658
:10A46000FFF773FF00BF002084F8400000BF2A46BA
:10A4700039462046FBF7C5F917E04FF40041204666
:10A48000FFF763FF00BF002084F8400000BF2A46AA
:10A4900039462046FBF7B5F907E008202168C86176
:10A4A00000BF002084F8400000BFBDE8F087000036
:10A4B0002DE9F04104460F4694F84160002084F8ED
:10A4C00042004D48E06200206085606C3843606463
:10A4D000282E03D0292E01D02A2E09D1032120466F
:10A4E000FFF733FF282084F841004448606324E0EC
:10A4F00048F203012046FFF728FF2046FFF75CFFE4
:10A5000094F84100602816D0202084F8410020688B
:10A510008069C0F3401070B120688069C0F30010FA
:10A5200030B110202168C861606C40F004006064A4
:10A5300020202168C86100206063256BA06B48B3B0
:10A54000112D01D0212D25D12068006800F4804014
:10A55000B0F5804F05D12068006820F48040216864
:10A560000860A06BF8F746FC01280FD02448A16BC7
:10A57000086500BF002084F8400000BFA06BF8F71A
:10A580006DFA70B3A06B016D884732E0204600F091
:10A5900024FB2EE0E06B48B3122D01D0222D25D1F3
:10A5A0002068006800F40040B0F5004F05D1206835
:10A5B000006820F4004021680860E06BF8F71AFC9E
:10A5C00001280FD00E48E16B086500BF002084F819
:10A5D000400000BFE06BF8F741FA10B1E06B016D8D
:10A5E000884706E0204600F0F8FA02E0204600F036
:10A5F000F4FABDE8F08100000000FFFF91AA000816
:10A6000029A3000870B504460D461948E0620020F1
:10A610002063202084F84100002084F84200606319
:10A62000C5F3800090B12068406A616A0870606A72
:10A63000401C6062208D48B1208D401E2085608DB9
:10A64000401E6085606C40F00400606448F20301C5
:10A650002046FFF77AFE10202168C86100BF002065
:10A6600084F8400000BF2046FBF716F970BD0000DB
:10A670000000FFFF2DE9F047044689462068D0F826
:10A6800000804E46E76A94F8415020202168C86156
:10A69000212D01D0292D07D148F201012046FFF7D5
:10A6A00054FE2120206314E0222D01D02A2D07D151
:10A6B00048F202012046FFF748FE2220206308E00E
:10A6C000282D06D148F203012046FFF73EFE002068
:10A6D00020632068406840F400402168486020689A
:10A6E0004068C4490840216848602046FFF764FE7E
:10A6F000C8F38030002870D02068006820F48040C3
:10A7000021680860A06B002865D0A06B0068BA497A
:10A71000884258D0A06B0068B7491831884252D09F
:10A72000A06B0068B449303188424CD0A06B0068FF
:10A73000B1494831884246D0A06B0068AE496031CB
:10A74000884240D0A06B0068AB49783188423AD04B
:10A75000A06B0068A8499031884234D0A06B006893
:10A76000A549A83188422ED0A06B0068A349884231
:10A7700029D0A06B0068A1491831884223D0A06B72
:10A7800000689E49303188421DD0A06B00689B490B
:10A790004831884217D0A06B0068984960318842E0
:10A7A00011D0A06B00689549783188420BD0A06B1E
:10A7B000006892499031884205D0A06B00688F49AB
:10A7C000A831884203D1A06B0068406802E0A06B0A
:10A7D00000684068608573E0FFE7C8F3C030002878
:10A7E0006ED02068006820F4004021680860E06BAB
:10A7F000002865D0E06B00687F49884258D0E06B44
:10A8000000687D491831884252D0E06B00687A496F
:10A81000303188424CD0E06B00687749483188423B
:10A8200046D0E06B006874496031884240D0E06BEC
:10A8300000687149783188423AD0E06B00686E490F
:10A840009031884234D0E06B00686B49A83188426F
:10A850002ED0E06B00686949884229D0E06B00681F
:10A8600066491831884223D0E06B00686349303173
:10A8700088421DD0E06B006860494831884217D09B
:10A88000E06B00685D496031884211D0E06B006880
:10A890005A49783188420BD0E06B006857499031B3
:10A8A000884205D0E06B00685449A831884203D142
:10A8B000E06B0068406802E0E06B0068406860851B
:10A8C000C6F3800080B126F004062068406A616A01
:10A8D0000870606A401C6062208D28B1208D401E87
:10A8E0002085608D401E6085608D18B1606C40F0E1
:10A8F00004006064C6F3001000B3C8F30010E8B1B0
:10A90000608D00BB94F84100282807D1B7F1007F83
:10A9100004D131462046FFF775FE23E094F841004C
:10A9200029280CD117F5803F09D010202168C86173
:10A930002046FFF741FD204600F064F812E01020A9
:10A940002168C8610EE010202168C861606C40F089
:10A950000400606417B1B7F1807F03D1616C2046B9
:10A96000FFF7A6FD002084F842006063606C60B1D0
:10A97000616C2046FFF79CFD94F84100282837D1F0
:10A9800031462046FFF73EFE32E0E06A10F5803F98
:10A9900011D0204600F036F81948E062202084F8F3
:10A9A00041000020206300BF84F8400000BF204623
:10A9B000FAF772FF1CE094F8410022280CD1202005
:10A9C00084F841000020206300BF84F8400000BFED
:10A9D0002046FAF762FF0BE0202084F841000020B7
:10A9E000206300BF84F8400000BF2046FAF756FFFE
:10A9F000BDE8F08700E800FE1000024010040240AD
:10AA00000000FFFF70B5044620680568002084F848
:10AA10004200C5F3803030B12068006820F48040E7
:10AA20002168086008E0C5F3C03028B120680068DC
:10AA300020F400402168086094F84100292811D1D1
:10AA4000282084F841002120206301212046FFF7BF
:10AA50007CFC00BF002084F8400000BF2046FAF7CD
:10AA60001DFF14E094F841002A2810D1282084F812
:10AA700041002220206302212046FFF766FC00BF30
:10AA8000002084F8400000BF2046FAF706FF70BDA2
:10AA90002DE9F041044688461646E56A474600BF60
:10AAA00094F84000012802D10220BDE8F081012085
:10AAB00084F8400000BFC7F3401038B1C6F340101F
:10AAC00020B139462046FFF7D5FD7FE0C7F30010DF
:10AAD000A8B3C6F3001090B3608D00BB94F841009A
:10AAE000282807D1B5F1007F04D139462046FFF769
:10AAF00089FD6BE094F8410029280CD115F5803FC1
:10AB000009D010202168C8612046FFF755FC204677
:10AB1000FFF778FF5AE010202168C86156E0102046
:10AB20002168C861606C40F00400606415B1B5F143
:10AB3000807F4BD1616C2046FFF7BAFC46E0FFE70F
:10AB4000C7F38000D0B1C6F38000B8B1608D60B1AA
:10AB50002068406A616A0870606A401C6062208DEB
:10AB6000401E2085608D401E6085608D30BB15F5D0
:10AB7000803F2BD02046FFF745FF27E0C7F3C000FA
:10AB800038B1C6F3C00020B139462046FFF728FC93
:10AB90001CE0C7F3400088B1C6F3400070B1608D7F
:10ABA00068B1606A007821688862606A401C6062EF
:10ABB000608D401E6085208D401E208506E0B5F129
:10ABC000807F00D015B92046FFF71CFF00BF002092
:10ABD00084F8400000BF00BF67E710B5044694F852
:10ABE000410060280CD1202084F84100002020631F
:10ABF00000BF84F8400000BF2046FAF701FE08E0DD
:10AC00000020206300BF84F8400000BF2046FAF710
:10AC100042FE10BD0146886800F44040704701467E
:10AC2000886800F01F00704701468868C0F3C000C4
:10AC300070470146886800F0010070470146886847
:10AC4000C0F30070704701468868C0F38000704709
:10AC50000146C86800F4406008B901207047002030
:10AC6000FCE7826822F0E0720A43826070470000CD
:10AC70001FB500200090019002900390FAF704FFA6
:10AC800001208DF8000000208DF801001748019088
:10AC90000E208DF8080000208DF8090001208DF8A5
:10ACA0000A0003208DF80B0001208DF80C00002015
:10ACB0008DF80D008DF80E008DF80F006846FAF73C
:10ACC000B5FE01208DF8010007208DF80800002056
:10ACD0008DF80A0001208DF80D008DF80F006846F0
:10ACE000FAF7A4FE0420FAF7E5FE1FBD00000430C9
:10ACF00000B587B01C216846F5F7BBFB4D484E49AF
:10AD000008604FF43010486000214B4881600121F9
:10AD1000C1600821016100210175012141750921EE
:10AD2000816100210177416281620121C1620903D1
:10AD300001630021416380F838100121C163F7F7F6
:10AD400047FA08B1F6F770FC3C48009006200190E5
:10AD50000220029040F2FF70039004200490002033
:10AD600005908DF8190069463348F6F7A9FD08B13A
:10AD7000F6F75AFC324800900C20019069462E48A4
:10AD8000F6F79EFD08B1F6F74FFC2E480090122012
:10AD9000019069462848F6F793FD08B1F6F744FCA0
:10ADA000294800901820019069462348F6F788FD4D
:10ADB00008B1F6F739FC254800904FF480700190F7
:10ADC00069461D48F6F77CFD08B1F6F72DFC2048D2
:10ADD00000904FF48370019069461748F6F770FDB4
:10ADE00008B1F6F721FC1B4800904FF486700190E3
:10ADF00069461148F6F764FD08B1F6F715FC1648E8
:10AE000000904FF48970019069460B48F6F758FDA1
:10AE100008B1F6F709FC114800904FF48C700190CE
:10AE200069460548F6F74CFD08B1F6F7FDFB07B09B
:10AE300000BD000000600258C04B002400018021CA
:10AE40000800900C2000F0140002B0251000C01083
:10AE5000400020190004002A8000501D04006008F2
:10AE600008B500BF3948006840F001003749086064
:10AE70000846006800F00100009000BF00BF00BF5E
:10AE80000846006840F0020008600846006800F0CC
:10AE90000200009000BF00BF002205210B20FAF73E
:10AEA00055FE0B20FAF73EFE002205210C20FAF792
:10AEB0004DFE0C20FAF736FE002205210D20FAF790
:10AEC00045FE0D20FAF72EFE002205210E20FAF78E
:10AED0003DFE0E20FAF726FE002205210F20FAF78C
:10AEE00035FE0F20FAF71EFE002205211020FAF78A
:10AEF0002DFE1020FAF716FE002205211120FAF788
:10AF000025FE1120FAF70EFE002205212F20FAF768
:10AF10001DFE2F20FAF706FE002205213820FAF741
:10AF200015FE3820FAF7FEFD002205213920FAF738
:10AF30000DFE3920FAF7F6FD002205213A20FAF736
:10AF400005FE3A20FAF7EEFD08BD0000D84402588D
:10AF500010B51D481D4908600020886000211B486D
:10AF6000C1600174417481740A21416101218161D0
:10AF70000D21C161022101620A2141620121816228
:10AF80000D21C16202210163002141638163C1631C
:10AF90002021016404214164002181640421C164F1
:10AFA000002101650421416500218165C1652021E1
:10AFB00001660021416604218166FAF76DF808B147
:10AFC000F6F732FB10BD000000A000409C4C0024AE
:10AFD00010B51D481D4908600020886000211B48ED
:10AFE000C160017441748174052141610121816155
:10AFF0000D21C161022101620521416201218162AD
:10B000000D21C16202210163490241630021816374
:10B01000C163202101640421416400218164042171
:10B02000C164002101650421416500218165C1657C
:10B03000202101660021416604218166FAF72CF87F
:10B0400008B1F6F7F1FA10BD00A400403C4D002411
:10B0500010B5074A0221102006F032FC05490860AD
:10B06000054A0021054806F037FE0549086010BD75
:10B07000CCC0010888490024A8C0010869BF0008A5
:10B080008449002400B587B0142102A8F5F7F1F92E
:10B0900000BFC048006840F01000BE490860084684
:10B0A000006800F01000019000BF00BF00BF08461C
:10B0B000006840F0040008600846006800F00400E2
:10B0C000019000BF00BF00BF0846006840F02000AC
:10B0D00008600846006800F02000019000BF00BF33
:10B0E00000BF0846006840F080000860084600681D
:10B0F00000F08000019000BF00BF00BF084600685C
:10B1000040F0010008600846006800F0010001906E
:10B1100000BF00BF00BF0846006840F002000860A2
:10B120000846006800F00200019000BF00BF00BFA9
:10B130000846006840F0400008600846006800F0DB
:10B140004000019000BF00BF00BF0846006840F00B
:10B15000080008600846006800F00800019000BF81
:10B1600000BF012278218C48FAF7EEFA0122510340
:10B170008A48FAF7E9FA002240F604018848FAF70B
:10B18000E3FA00224FF472718448FAF7DDFA0022E4
:10B1900048F278018348FAF7D7FA002241F20361B6
:10B1A0008148FAF7D1FA00224FF472417A48FAF74F
:10B1B000CBFA002248F270517C48FAF7C5FA002217
:10B1C0004FF445417A48FAF7BFFA4FF278200290DF
:10B1D0000120039000200490059002A96E48FAF720
:10B1E000ABF942F2C82002900120039000200490A5
:10B1F000059002A96948FAF79FF940F60400029009
:10B200000120039000200490059002A96448FAF7F9
:10B2100093F948F2780002900120039000200490F6
:10B22000059002A95F48FAF787F941F2036002909E
:10B230000120039000200490059002A95A48FAF7D3
:10B240007BF90420029002200390002004900590D6
:10B250000920069002A95448FAF76EF94FF44050BD
:10B26000029000200390049002A94D48FAF764F977
:10B270004FF440400290122003900020049005906B
:10B280000420069002A94648FAF756F93F2002909A
:10B2900000200390049002A94548FAF74DF94FF4B5
:10B2A0004060029000200390049002A93A48FAF707
:10B2B00043F948F27050029001200390002004905E
:10B2C000059002A93948FAF737F94FF40070029057
:10B2D0004FF4481003900020049002A93348FAF775
:10B2E0002BF94FF4C05002900220039000200490EC
:10B2F00005900920069002A92C48FAF71DF94FF491
:10B300008040029000200390049002A92748FAF799
:10B3100013F9402002900220039000200490059031
:10B320000A20069002A92248FAF706F98020029026
:10B330004FF4441003900020049002A91C48FAF72F
:10B34000FBF84FF445400290012003900020049048
:10B35000059002A91648FAF7EFF84FF480700290B2
:10B3600001200390002004900320059002A90B48BF
:10B37000FAF7E2F800214FF00060FDF739FE0022F5
:10B3800005211720FAF7E2FB1720FAF7CBFB07B0ED
:10B3900000BD0000E04402580010025800080258A6
:10B3A000001402580000025800040258000C025811
:10B3B0000018025810B5094809490860062048607D
:10B3C00040F6FF710648C16040F69F718160FAF750
:10B3D00066FA08B1F6F728F910BD000000480058D9
:10B3E000744F00240EB5C02088490870A82048700A
:10B3F0000A208870C870FF208549087048708870DE
:10B400000020C870C02083490870A82048700A2016
:10B4100088700120C870002108460EF0B1FC7B48FE
:10B42000007800067949497840EA014077498978EF
:10B4300040EA01207549C97808430206734800783C
:10B4400000067249497840EA01407049897840EA2B
:10B4500001206E49C978084300F47F4042EA002287
:10B460006A48007800066949497840EA014167481E
:10B47000807841EA00206549C978084300F47F00DC
:10B4800042EA10226148007801066048407841EAAB
:10B4900000415E48807841EA00205C49C978084351
:10B4A00042EA10605C490860594800780006584933
:10B4B000497840EA01405649897840EA01205449D8
:10B4C000C978084302065248007800065049497876
:10B4D00040EA01404E49897840EA01204C49C97848
:10B4E000084300F47F4042EA002249480078000601
:10B4F0004749497840EA01414548807841EA0020BF
:10B500004349C978084300F47F0042EA10224048CA
:10B51000007801063E48407841EA00413C48807886
:10B5200041EA00203A49C978084342EA10603B49A1
:10B5300008603848007800063649497840EA0140FA
:10B540003449897840EA01203249C9780843020623
:10B550003048007800062F49497840EA01402D49DB
:10B56000897840EA01202B49C978084300F47F40DC
:10B5700042EA00222748007800062649497840EA36
:10B5800001412448807841EA00202249C9780843D3
:10B5900000F47F0042EA10221E48007801061D4890
:10B5A000407841EA00411B48807841EA002019496F
:10B5B000C978084342EA10601949086019481A49D5
:10B5C0000022174BCDE900210290144A1249174876
:10B5D00005F0C2FC154805F031FF144806F06EF87E
:10B5E0001349124805F096FF24211248F4F741FF51
:10B5F00011A0104908604FF48060486110208861F4
:10B600000A460A490E4806F067FB0EBDDC4A0024D4
:10B61000E04A0024E44A0024D04A0024D44A00240A
:10B62000D84A0024799F010851E60008ECA60024BE
:10B6300075E4000820A700244574684C696E6B000F
:10B6400079E4000800B587B0142102A8F4F711FFCF
:10B65000002001901C481D490860002048607F219F
:10B660001A488160FF21C160002101618161C161CF
:10B670004161FDF7A5F808B1F5F7D6FF00208DF878
:10B6800008008DF809008DF80A0005900690012247
:10B6900002A90E48FDF77AF908B1F5F7C5FF0120B8
:10B6A0008DF804008DF805008DF8060000208DF857
:10B6B0000700012201A90548FDF702F908B1F5F7D5
:10B6C000B3FF07B000BD000000400058844F0024C5
:10B6D00010B51748174908604FF4800048600021F2
:10B6E000144881600721C1600021016141614FF070
:10B6F00080618161C900C161002101624162816292
:10B70000C1624FF08041416300218163C1630164E4
:10B7100041648164C16401654FF0004141650021CD
:10B720008165FDF717FB08B1F5F77EFF10BD00003E
:10B7300000300140A84F002400B587B000200390DE
:10B7400004900590069000900190029014481549CD
:10B750000860132048600021124881600921C160FF
:10B760000021016141618161FDF7C0FC08B1F5F77D
:10B770005BFF4FF48050039003A90A48FDF700FED9
:10B7800008B1F5F751FF0020009001900290694642
:10B790000448FDF745FC08B1F5F746FF07B000BDCA
:10B7A000000001403050002400B587B00020039015
:10B7B0000490059006900090019002904FF0804018
:10B7C0001349086040F2CF70486000211048816042
:10B7D0006321C160002101618161FDF787FC08B12F
:10B7E000F5F722FF4FF48050039003A90848FDF7B6
:10B7F000C7FD08B1F5F718FF0020009002906946D8
:10B800000348FDF70DFC08B1F5F70EFF07B000BDCA
:10B81000EC50002400B587B0002003900490059000
:10B82000069000900190029014481549086040F27B
:10B83000CF7048600021124881606321C1600021FF
:10B8400001618161FDF752FC08B1F5F7EDFE4FF49F
:10B850008050039003A90A48FDF792FD08B1F5F75F
:10B86000E3FE00200090029069460548FDF7D8FBF2
:10B8700008B1F5F7D9FE07B000BD00000008004090
:10B88000A851002400B587B00020039004900590D3
:10B89000069000900190029014481549086040F20B
:10B8A000CF7048600021124881606321C16000218F
:10B8B00001618161FDF71AFC08B1F5F7B5FE4FF49F
:10B8C0008050039003A90A48FDF75AFD08B1F5F727
:10B8D000ABFE00200090029069460548FDF7A0FBF2
:10B8E00008B1F5F7A1FE07B000BD0000000C004054
:10B8F000645200240EB500200090019002900F4881
:10B900000F49086044F61F60486000210C488160C0
:10B9100042F20F71C16000218161FDF7E7FB08B1C0
:10B92000F5F782FE00200090029069460448FDF77A
:10B9300077FB08B1F5F778FE0EBD0000001000405F
:10B940002053002400B587B0002003900490059098
:10B95000069000900190029015481649086000205A
:10B9600048600021134881604FF6FF71C1600021DB
:10B97000016141618161FDF7B9FB08B1F5F754FE42
:10B980004FF48050039003A90A48FDF7F9FC08B171
:10B99000F5F74AFE002000900190029069460548A4
:10B9A000FDF73EFB08B1F5F73FFE07B000BD000014
:10B9B00000040140DC53002410B5194819490860FF
:10B9C0004FF416504860002116488160C160016143
:10B9D0000C21416100218161C1614FF4006101626C
:10B9E0000021416200200F4988620846FEF746F9AF
:10B9F00008B1F5F719FE00210A48FDF7A6FE08B1C7
:10BA0000F5F712FE00210748FDF770FE08B1F5F7C3
:10BA10000BFE0448FDF741FE08B1F5F705FE10BD29
:10BA2000005000406455002410B5184818490860BB
:10BA30004FF4E1304860002115488160C160016128
:10BA40000C21416100218161C161016241620020DC
:10BA50000F4988620846F9F789FE08B1F5F7E4FD59
:10BA600000210B48FDF771FE08B1F5F7DDFD00215F
:10BA70000748FDF73BFE08B1F5F7D6FD0448FDF792
:10BA80000CFE08B1F5F7D0FD10BD0000001001401C
:10BA9000C857002400BFFEE700BFFEE700B5B1B005
:10BAA000C0216846F4F7E5FC4FF000410020CDE9E5
:10BAB000001015906846FBF77DF808B1F5F7B4FD66
:10BAC00031B000BD2DE9F04104460E46002755482F
:10BAD000006800F00300032802D10120BDE8F081D6
:10BAE00050482838006820F080604E4928390860A6
:10BAF000F9F736FE054606E0F9F732FE401B02284C
:10BB000001D90320EAE7474828380068C0F3C0603D
:10BB10000028F1D100BF4348006820F47C30216840
:10BB200040EA01303F490860A088401EC0F3080089
:10BB3000A168491E4FF47E4202EA41210843A189CF
:10BB4000491ED20102EA01410843217C491E12022A
:10BB500002EA0161084333491031086000BF3148EF
:10BB6000001D006820F0C000616908432D49091DCF
:10BB700008600846006820F02000A16908432949B0
:10BB8000091D08600846006820F01000086025487C
:10BB9000143000684FF6F8718843E16940EAC1004B
:10BBA0002049143108601F48001D006840F0100053
:10BBB0001C49091D08602EB90846006840F40020A1
:10BBC000086012E0012E08D11648001D006840F4FC
:10BBD00080101449091D086007E01248001D006824
:10BBE00040F400100F49091D08600E48283800680D
:10BBF00040F080600B4928390860F9F7B1FD05462F
:10BC000006E0F9F7ADFD401B022801D9032065E7E6
:10BC1000044828380068C0F3C0600028F1D03846D6
:10BC20005CE70000284402582DE9F04104460E4626
:10BC300000275548006800F00300032802D10120C6
:10BC4000BDE8F08150482838006820F080504E4907
:10BC500028390860F9F784FD054606E0F9F780FD0C
:10BC6000401B022801D90320EAE74748283800682A
:10BC7000C0F340700028F1D100BF4348006820F0B5
:10BC80007C70218840EA01503F490860A088401E2E
:10BC9000C0F30800A168491E4FF47E4202EA412128
:10BCA0000843A189491ED20102EA01410843217CCF
:10BCB000491E120202EA0161084333491831086043
:10BCC00000BF3148001D006820F4406061690843EE
:10BCD0002D49091D08600846006820F40070A1691C
:10BCE00008432949091D08600846006820F480704F
:10BCF000086025481C3000684FF6F8718843E169F8
:10BD000040EAC10020491C3108601F48001D00683E
:10BD100040F480701C49091D08602EB9084600686F
:10BD200040F48000086012E0012E08D11648001D82
:10BD3000006840F400001449091D086007E012483B
:10BD4000001D006840F080700F49091D08600E4812
:10BD50002838006840F080500B4928390860F9F70E
:10BD6000FFFC054606E0F9F7FBFC401B022801D961
:10BD7000032065E7044828380068C0F340700028B5
:10BD8000F1D038465CE70000284402580246002300
:10BD9000114603E05B1CA1F10A00C1B20A29F9D2E5
:10BDA000180741EA1060704770B504460026206805
:10BDB000C06800F04000B8B9701E2168C860F9F78B
:10BDC000CFFC054609E0F9F7CBFC401BB0F57A7FC4
:10BDD00003D90326032084F821002068C06800F0FE
:10BDE000400008B9032EEED1304670BD70B5044650
:10BDF00000251548C06820F080001349C860084637
:10BE0000806800F0200040B92046FCF73BFEC0B13E
:10BE1000032084F82100032513E00B48806820F0FC
:10BE20002000094988602046FCF72CFE18B1032049
:10BE300084F8210003250448806840F0200002496E
:10BE40008860284670BD00000040005810B50248C8
:10BE5000FCF736FE10BD0000A84F002402685169AF
:10BE60000268926942F0080203689A610268926966
:10BE700042F0100203689A610268126822F001021F
:10BE800003681A600268126940F26F339A430368CC
:10BE90001A610268926822F4404203689A6090F83E
:10BEA0008120042A0ED001F020025AB1D0F884205B
:10BEB00042F08002C0F884200268926942F02002B9
:10BEC00003689A6190F88120032A0ED001F04002A5
:10BED0005AB1D0F8842042F00402C0F884200268ED
:10BEE000926942F0400203689A6101F400725AB10B
:10BEF000D0F8842042F00102C0F8842002689269E0
:10BF000042F4007203689A6101F480725AB1D0F869
:10BF1000842042F00802C0F884200268926942F44A
:10BF2000807203689A610022A0F86220A0F86A205B
:10BF3000704770B50546AC6B0020623420812080CC
:10BF40000120E077623C2046FCF7B8FD70BD10B5DB
:10BF500001460124C86B04EB5013C868421CD01D75
:10BF6000C20802FB03F010BDFFF73CFA00BFFEE77A
:10BF700000BF4FF400510448F9F7DCFB4FF47A702E
:10BF800005F0FCFBF5E700000008025800BF4FF485
:10BF90007A7005F0F3FBFAE700BF14220449054864
:10BFA000FEF75EF94FF47A7005F0E8FBF5E7000064
:10BFB000304A00246455002410B54FF0E020006999
:10BFC0000FF0C0FD012801D00EF052FF10BD00009F
:10BFD00000B59DB04C210AA8F4F74BFA202102A825
:10BFE000F4F747FA0220F9F703FE00BF00200190A2
:10BFF0002D48006820F001002B49086008460068C1
:10C0000000F0010001902948006840F440402749B1
:10C0100008600846006800F44040019000BF00BF7F
:10C0200000BF2248006800F40050B0F5005FF8D16E
:10C030000B200A904FF480300B9001200D9040208F
:10C040000E9001200F90022013900221149115915F
:10C05000402116910221179128211891042119914C
:10C060000C211A9100211B911C910AA8FBF77CFF5F
:10C0700008B1F5F7D9FA3F20029003200390002081
:10C080000490082005904020069007900001089039
:10C0900040200990022102A8FBF740FC08B1F5F707
:10C0A000C3FA1DB000BD00002C0400581848025807
:10C0B0003448006840F47000324908603248006833
:10C0C00000F00F00072806D22F48006820F00F006C
:10C0D000C01D2D4908602D48006840F001002B4923
:10C0E0000860002029491031086028480068284964
:10C0F0000840264908602448006800F00F0007281F
:10C1000006D92148006820F00F00C01D1E490860B4
:10C1100000201E4918310860091D0860091D0860CB
:10C120001C481A49283108601B48091D08601B4833
:10C13000091D08600020091D08601848091D0860D5
:10C140000020091D08601548091D08600020091D10
:10C1500008600E48006820F480200C490860002028
:10C160000A49603108600E4800686FF30F00B0F1B3
:10C17000005F02D201200B49086043F2D2000A4955
:10C180000860704788ED00E000200052004402582B
:10C190007FEDF6EA000202020000FF0180020101C9
:10C1A0000010005C088100510040005210B50248A8
:10C1B000FDF783F910BD00003050002410B502488F
:10C1C000FDF77BF910BD0000EC50002410B50248CB
:10C1D000FDF773F910BD0000545C002410B502484F
:10C1E000FDF76BF910BD0000A851002410B50248FE
:10C1F000FDF763F910BD00006452002410B5024839
:10C20000FDF75BF910BD00002053002410B5026853
:10C210002B4B98420ED0B0F1804F0BD0294B984257
:10C2200008D0294B984205D0284B984202D0284B81
:10C23000984203D122F070024B681A43204B984277
:10C2400017D0B0F1804F14D01E4B984211D01E4B26
:10C2500098420ED01D4B98420BD01D4B984208D0EF
:10C260001C4B984205D01C4B984202D01B4B984265
:10C2700003D122F44072CB681A4322F080034C6948
:10C2800043EA04028B68C3620B6883620C4B9842DA
:10C290000BD00F4B984208D00E4B984205D00E4B56
:10C2A000984202D00D4B984201D10B690363036899
:10C2B00043F00403036001234361026010BD0000EA
:10C2C000000001400004004000080040000C004055
:10C2D000000401400040014000440140004801408A
:10C2E00030B50C46816821F47F4142EA032525439D
:10C2F0002943816030BD00000A468168034B194024
:10C3000042F0070319438160704700008FFFCFFFA1
:10C310000F4940F8841F0F4941600F4981600F4960
:10C32000C1600F4901610F4941610F4981610F49A6
:10C33000C1610F4901620F4941620F4981620F4992
:10C34000C1620F4901630F4941638438704700009F
:10C350007D96000895960008979600089996000823
:10C36000B7940008B99400087596000877960008FD
:10C3700079960008B59400081D9000081F900008E9
:10C380001B9000081990000830B50B461446026A4D
:10C39000056A25F001050562816921F0F00141EA95
:10C3A000041122F00A021A438161026230BD30B5E5
:10C3B0000B461446026A056A25F01005056281697C
:10C3C00021F4704141EA043122F0A00242EA031252
:10C3D0008161026230BD000010B50248FDF7EAF944
:10C3E00010BD00009854002410B50248FDF7E2F992
:10C3F00010BD00006455002410B50248FDF7DAF9BD
:10C4000010BD00003056002410B50248FDF7D2F9E7
:10C4100010BD0000FC56002470B5456E2DB90125F5
:10C42000A0F86A50A0F868501CE01023102405689A
:10C43000AD68C5F342610568AD686A0F0A4DAD5C31
:10C4400015FB04F5094EB65C95FBF6F5A0F86A50AD
:10C45000054D6D5C15FB03F5044E765C95FBF6F51A
:10C46000A0F8685070BD000060C1010868C10108F3
:10C4700090F8281001F00801082907D101684968DF
:10C4800021F40041826B11430268516090F828103A
:10C4900001F0010139B10168496821F40031C26A33
:10C4A00011430268516090F8281001F0020102293E
:10C4B00007D10168496821F48031026B1143026899
:10C4C000516090F8281001F00401042907D1016897
:10C4D000496821F48021426B11430268516090F851
:10C4E000281001F01001102907D10168896821F492
:10C4F0008051C26B11430268916090F8281001F0DE
:10C500002001202907D10168896821F40051026CBB
:10C5100011430268916090F8281001F04001402911
:10C5200013D10168496821F48011426C11430268FB
:10C530005160416CB1F5801F07D10168496821F451
:10C54000C001826C11430268516090F8281001F01C
:10C550008001802907D10168496821F40021C26C5B
:10C56000114302685160704738B504460020C4F892
:10C570009000F9F7F5F805462068006800F008001B
:10C58000082821D16FF07E402B4600224FF4001185
:10C590000090204600F034FCB0B100BF00BF21681D
:10C5A00051E8001F21F08000226842E800010029C4
:10C5B000F5D100BF2020C4F8880000BF002084F817
:10C5C000840000BF032038BD2068006800F004002C
:10C5D000042830D16FF07E402B4600224FF48001BA
:10C5E0000090204600F00CFC28B300BF00BF21687B
:10C5F00051E8001F21F49070226842E800010029F0
:10C60000F5D100BF00BF00BF2168083151E8001F0D
:10C6100021F001002168083141E80002002AF3D12D
:10C6200000BF2020C4F88C0000BF002084F88400E4
:10C6300000BF0320C7E72020C4F88800C4F88C009E
:10C640000020E066206700BF84F8840000BF00BFC0
:10C65000B9E770B50546AC6B0020A4F85E00204633
:10C66000D4F8A410884770BD2DE9F0410546AC6BA5
:10C67000D4F88860D4F88C702068806800F080005E
:10C68000802807D1212E05D10020A4F8560020468D
:10C6900000F09BF82068806800F04000402807D137
:10C6A000222F05D10020A4F85E00204600F03EF8BD
:10C6B00054F8900F40F0100020606169903C2046D3
:10C6C0008847BDE8F08170B50546AC6BE869B0F508
:10C6D000807F1ED00020A4F8560000BF00BF216854
:10C6E000083151E8001F21F080002168083141E83D
:10C6F0000002002AF3D100BF00BF00BF216851E84B
:10C70000001F41F04000226842E800010029F5D1F5
:10C7100003E02046D4F89810884770BD70B50446F1
:10C72000A56B2846D5F89410884770BD00BF00BFA0
:10C73000026852E8002F22F49071036843E8001267
:10C74000002AF5D100BF00BF00BF0268083252E8DE
:10C75000002F104B02EA03010268083242E800137E
:10C76000002BF2D100BFC16E01290CD100BF00BF68
:10C77000026852E8002F22F01001036843E800121B
:10C78000002AF5D100BF2021C0F88C100021C1661D
:10C7900041677047FEFFFFEF10B5044600BF00BFC2
:10C7A000216851E8001F21F04000226842E80001A2
:10C7B0000029F5D100BF2020C4F888000020A06720
:10C7C0002046D4F89810884710BD00BF00BF02680B
:10C7D00052E8002F22F0C001036843E80012002A4B
:10C7E000F5D100BF00BF00BF0268083252E8002F39
:10C7F00022F400010268083242E80013002BF3D152
:10C8000000BF2021C0F88810704700000D4940F893
:10C81000941F0D4941600D4981600D49C1600D496A
:10C8200001610D4941610D4981610D49C1610D49A8
:10C8300001620D4941620D4981620D49C16294381E
:10C840007047000003A3000801A300085FA20008CE
:10C850005DA20008B3970008AD970008B1970008E3
:10C86000AF970008AB970008EB960008A99700085F
:10C87000E99600082DE9F04F89B0054600200890A0
:10C88000F8492868884200D100E000BF2969A868FB
:10C89000084369690843E96940EA010828680068B3
:10C8A000F149084040EA08002968086028684068A3
:10C8B00020F44050E968084329684860D5F818809A
:10C8C000E8492868884202D0286A40EA08082868AF
:10C8D0008068E649084040EA0800296888602868BE
:10C8E000C06A20F00F00696A08432968C86200BF67
:10C8F000DF492868884220D1DE48006800F038000F
:10C90000182811D005DC48B1082809D0102811D109
:10C9100008E020280AD028280CD109E001240BE0E7
:10C92000042409E0082407E0102405E0202403E0A3
:10C93000402401E0802400BFF8E0CF492868884205
:10C9400019D1CC48006800F00700062810D2DFE8B3
:10C9500000F0030507090B0D00240BE0042409E097
:10C96000082407E0102405E0202403E0402401E02F
:10C97000802400BFDAE0C1492868884219D1BD4847
:10C98000006800F00700062810D2DFE800F0030579
:10C9900007090B0D00240BE0042409E0082407E03C
:10C9A000102405E0202403E0402401E0802400BF9F
:10C9B000BCE0B3492868884219D1AE48006800F04D
:10C9C0000700062810D2DFE800F0030507090B0D69
:10C9D00000240BE0042409E0082407E0102405E00B
:10C9E000202403E0402401E0802400BF9EE0A5490C
:10C9F0002868884219D19F48006800F0070006287F
:10CA000010D2DFE800F0030507090B0D00240BE04E
:10CA1000042409E0082407E0102405E0202403E0B2
:10CA2000402401E0802400BF80E0974928688842C4
:10CA300020D19048006800F03800182811D005DC9B
:10CA400048B1082809D0102811D108E020280AD0C0
:10CA500028280CD109E001240BE0042409E0082473
:10CA600007E0102405E0202403E0402401E08024B6
:10CA700000BF5BE085492868884219D17D4800687D
:10CA800000F00700062810D2DFE800F003050709D0
:10CA90000B0D00240BE0042409E0082407E0102417
:10CAA00005E0202403E0402401E0802400BF3DE0B5
:10CAB00077492868884219D16E48006800F007005D
:10CAC000062810D2DFE800F0030507090B0D00244B
:10CAD0000BE0042409E0082407E0102405E02024EA
:10CAE00003E0402401E0802400BF1FE05D49286886
:10CAF00088421AD15F48001D006800F00700062830
:10CB000010D2DFE800F0030507090B0D02240BE04B
:10CB1000042409E0082407E0102405E0202403E0B1
:10CB2000402401E0802400BF00E0802400BF4D4984
:10CB3000286888427DD1102C1AD006DC022C09D03E
:10CB4000042C0BD0082C29D10DE0202C21D0402C16
:10CB500024D120E0F9F77CF8064623E005A8F9F790
:10CB6000A1F9069E1EE002A8F9F7B4FA039E19E0A7
:10CB7000404854380068C0F3401040B13D48543834
:10CB80000068C0F3C101434820FA01F600E0414EBD
:10CB900008E0414E06E04FF4004603E00026012085
:10CBA000089000BF00BF002E10D03C49686A31F8E1
:10CBB0001000B6FBF0F9686800EB4000484503D868
:10CBC00068680003484502D20120089003E1334918
:10CBD000686A31F810C06246002330461946F3F700
:10CBE000DDFB4FF4807300228446ACFB030B01FB9A
:10CBF00003B10CFB021C69684908034659184CEB49
:10CC00000200CDE90010D5F804C0624600230846B2
:10CC10000199F3F7C3FB0746B7F5407F06D3B7F595
:10CC2000801F03D22868C760D5E002E00120089089
:10CC3000D1E0E869B0F5004F7BD1082C39D005DC94
:10CC40005CB1012C2CD0042C4CD12DE0102C35D013
:10CC5000202C42D0402C45D141E0FBF74BF8064652
:10CC600044E00000000C0058F369FFCFFFF4FF110F
:10CC70000010014054440258004400400048004065
:10CC8000004C00400050004000140140007800407B
:10CC9000007C00400090D00300093D0048C101081D
:10CCA000FBF73AF8064621E005A8F9F7FBF8069EDF
:10CCB0001CE002A8F9F70EFA039E17E04C48006842
:10CCC000C0F3401038B14A480068C0F3C101494878
:10CCD00020FA01F600E0474E08E0474E06E04FF428
:10CCE000004603E000260120089000BF00BFFEB10F
:10CCF0004249686A31F81000B6FBF0F040006968FC
:10CD000000EB5100B0FBF1F7102F0FD3B7F5803FC8
:10CD10000CD24FF6F07007EA000AC7F342004AEA65
:10CD2000000A2868C0F80CA055E002E00120089035
:10CD300051E0082C1AD005DC5CB1012C0DD0042C7C
:10CD40002DD10EE0102C16D0202C23D0402C26D133
:10CD500022E0FAF7CFFF064625E0FAF7DDFF0646A8
:10CD600021E005A8F9F79EF8069E1CE002A8F9F755
:10CD7000B1F9039E17E01E480068C0F3401038B1B7
:10CD80001B480068C0F3C1011A4820FA01F600E010
:10CD9000184E08E0184E06E04FF4004603E0002667
:10CDA0000120089000BF00BFAEB11449686A31F895
:10CDB0001000B6FBF0F0696800EB5100B0FBF1F732
:10CDC000102F06D3B7F5803F03D2B8B22968C860E8
:10CDD00001E0012008900120A5F86A00A5F868008C
:10CDE00000206867A867089809B0BDE8F08F0000C8
:10CDF000004402580090D00300093D0048C10108DA
:10CE00002DE9F04104460D4617469846069E41E03E
:10CE1000701C00283ED0F8F7A3FCA0EB0800B0423D
:10CE200000D816B90320BDE8F0812068006800F042
:10CE3000040070B3802D2DD0402D2BD02068C06908
:10CE4000C0F3C00078B10820216808622046FFF7CF
:10CE50006DFC0820C4F8900000BF002084F8840016
:10CE600000BF0120DFE72068C069C0F3C02080B1A7
:10CE70004FF40060216808622046FFF757FC20202D
:10CE8000C4F8900000BF002084F8840000BF032095
:10CE9000C9E7FFE72068C0692840A84201D1012006
:10CEA00000E00020B842B3D00020BCE710B5024833
:10CEB000FCF780FC10BD0000C8570024F8B50446FC
:10CEC000002000906A460121636920689847002885
:10CED00002DA6FF00400F8BD6A4601216369206838
:10CEE0009847002802DA6FF00400F4E7009800F099
:10CEF000040008B90120EEE76A4600216369206852
:10CF00009847002802DA6FF00400E4E7009800F484
:10CF10008050B0F5805F1FD0009800F40050B0F54D
:10CF2000005F07D1009800F48070B0F5807F01D1D8
:10CF30000220D0E7009800F40050B0F5005F01D166
:10CF40000320C8E7009800F48070B0F5807F01D11D
:10CF50000420C0E70520BEE76A4601216369206816
:10CF60009847002802DA6FF00400B4E7009800F058
:10CF7000200008B90620AEE76A46042163692068EC
:10CF80009847002802DA6FF00400A4E7009886B200
:10CF90006A460521636920689847002802DA6FF025
:10CFA000040098E7009887B206EA070505F4807048
:10CFB000B0F5807F01D102208DE705F08000802848
:10CFC00001D1032087E705F04000402801D104206B
:10CFD00081E705F02000202801D105207BE7012012
:10CFE00079E7F8B504460020009000250026606827
:10CFF00030BBA06808B1A0688047202020600025D1
:10D0000013E06A460221284663699847002802DA3D
:10D010006FF0040608E04FF6FF710098884202D0D6
:10D020002560002603E000BF6D1C1F2DE9D900BF5D
:10D0300020681F2801D96FF002060EB90120606038
:10D040003046F8BD02462AB1C86818B1886808B1F0
:10D05000086910B94FF0FF307047086890604B685E
:10D06000D360CB6853618B6813610B6993610020B7
:10D07000F2E700BFFEE700000FB4054B10B503A9AF
:10D08000044A029800F036F810BC5DF814FB00006A
:10D0900029E70008BC4B002402480068C0F30220C6
:10D0A000704700000CED00E010B5002804DB0A0713
:10D0B000130E054A135406E00A07140E034A00F043
:10D0C0000F031B1FD45410BD00E400E018ED00E076
:10D0D000EFF30580704702E008C8121F08C1002A5C
:10D0E000FAD170477047002001E001C1121F002AE9
:10D0F000FBD170472DE9FF4F8BB09A460F4605468E
:10D10000002606E025280BD052460D9990476D1C4D
:10D11000761C28780028F5D10FB03046BDE8F08F96
:10D120000024A0460122604900E0044315F8013FB5
:10D13000203B02FA03F00842F7D128782E2817D1B5
:10D1400015F8010F44F004042A280ED06FF02F02C6
:10D150002878A0F1300109290AD808EB880102EBF0
:10D16000410100EB01086D1CF2E757F8048B6D1CC0
:10D17000287869283ED006DC0028CDD063280BD063
:10D18000642804D136E0732810D075284BD052465D
:10D190000D999047761C85E017F8040B8DF8000078
:10D1A00000208DF80100E946012003E057F8049BB8
:10D1B0004FF0FF3061074FF0000401D40AE0641C17
:10D1C00044450DDA8442FADB19F804100029F6D13F
:10D1D00006E0641C8442FCDB19F804100029F8D135
:10D1E000264404E019F8010B52460D999047641E3D
:10D1F000F8D257E001CF4FF00A0B002802DA404284
:10D200002D2102E0210504D52B218DF824100121C8
:10D2100003E0E10705D02021F7E70DF1200908918F
:10D220000CE00021F9E701CF4FF00A0BF9E759466E
:10D23000F3F737F901F1300209F8012D0028F6D192
:10D24000ADEB090000F1200B600701D44FF001089D
:10D25000D84502DDA8EB0B0000E00020804600244A
:10D2600006E009A85246005D0D999047641C761CA3
:10D2700008988442F5DB04E0302052460D9990472F
:10D28000761CB8F10001A8F10108F5DC05E019F8F9
:10D29000010B52460D999047761CBBF10001ABF192
:10D2A000010BF4DC6D1C34E70928010010B5FEF712
:10D2B00083FB154A0021154804F00EFD144908604F
:10D2C000144A0021144804F007FD14490860144A68
:10D2D0000021144804F000FD13490860134A02219C
:10D2E000102004F0EDFA12490860012211021148E1
:10D2F000F8F72AFAC82210491048FCF7B1FF08B124
:10D30000F4F792F910BD000080C1010871BF000858
:10D31000244A0024A4C1010899BF0008284A002417
:10D32000C8C101088DBF00082C4A0024ECC10108C7
:10D33000A84A002400080258304A002464550024FA
:10D340002DE9F04104460D4600BF05F0030000281A
:10D3500008D000BF0BA34FF4B67216A11DA0FFF7B3
:10D360008BFE00BF00BF2E4606F014FC0746A068E7
:10D3700000683060A0680660384606F017FCBDE81B
:10D38000F08100002E2E2F4D6964646C6577617208
:10D3900065732F54686972645F50617274792F4CA1
:10D3A0007749502F7372632F636F72652F6D656DB0
:10D3B000702E63006D656D705F667265653A206DF5
:10D3C000656D2070726F7065726C7920616C696731
:10D3D0006E656400417373657274696F6E202225F7
:10D3E0007322206661696C6564206174206C696ECB
:10D3F0006520256420696E2025730A0070B50546F6
:10D4000006F0C8FB0646A8680468002C16D0206801
:10D41000A968086000BF04F00300002808D000BF1E
:10D4200009A34FF48C7214A11CA0FFF725FE00BFC6
:10D4300000BF304606F0BAFB204670BD304606F00D
:10D44000B5FB0020F9E700002E2E2F4D6964646CB7
:10D450006577617265732F54686972645F50617299
:10D4600074792F4C7749502F7372632F636F7265F5
:10D470002F6D656D702E63006D656D705F6D616CF5
:10D480006C6F633A206D656D702070726F7065729D
:10D490006C7920616C69676E656400004173736527
:10D4A0007274696F6E2022257322206661696C6533
:10D4B00064206174206C696E6520256420696E208B
:10D4C00025730A0070B50546002411E004EB440002
:10D4D000094901EBC000067D4EB104EB440001EBAD
:10D4E000C0008068A84202D1204600F087F9641C81
:10D4F0000A2CEBDB70BD0000F8D700242DE9FF5F9C
:10D500000646894617464FF00A0AD346D0460024FD
:10D510000A200390002002900190009000BF73E069
:10D5200004EB4400764901EBC000057DB8F10A0F19
:10D5300002D10DB9A04665E0002D63D000BF012DDA
:10D540000AD0022D08DA00BF6EA340F223127BA19D
:10D550008AA0FFF791FD00BF00BFAEB104EB44010C
:10D56000674A02EBC1013068496888420CD13FB17B
:10D5700004EB4400114601EBC0008068B84203D1BF
:10D58000204604B0BDE8F09F012D28D104EB4400F3
:10D590005B4951F8300080B104EB440001EBC0005E
:10D5A000418A029881422DDB039404EB44005449E4
:10D5B00001EBC000408A029024E004EB4400504993
:10D5C00001EBC000418A019881421BDBA24604EBBB
:10D5D00044004B4901EBC000408A019012E0022D4B
:10D5E00010DB04EB4400464901EBC000418A00987F
:10D5F000814207DBA34604EB4400414901EBC00034
:10D60000408A0090601C04B20A2C89DB09F00200F9
:10D6100028B9B8F10A0F05D109F0010010B94FF08F
:10D62000FF30AEE7B8F10A0F01DA444631E0BBF152
:10D630000A0F11DA5C4600BF04EB4400304951F890
:10D64000300040B100BF2FA340F26D1255A14BA096
:10D65000FFF712FD00BF0CE0BAF10A0F01DA5446E1
:10D6600007E003980A2801DA039C02E04FF0FF303C
:10D6700087E700BF0A2C08DB00BF22A340F27F121D
:10D680004EA13EA0FFF7F8FC00BF00BF204600F00F
:10D69000B5F800BF0A2C08DB00BF1AA340F28312C2
:10D6A00046A136A0FFF7E8FC00BF00BF00BF04EBB7
:10D6B0004400134901EBC000007D40B100BF11A33D
:10D6C0004FF4C27242A12DA0FFF7D6FC00BF00BFED
:10D6D00036B104EB44010A4A02EBC10130684860EC
:10D6E000002004EB4401064A02EBC101488204EB2E
:10D6F0004400114601EBC0008760204641E700006E
:10D70000F8D700242E2E2F4D6964646C6577617202
:10D7100065732F54686972645F50617274792F4C1D
:10D720007749502F7372632F636F72652F6970761C
:10D73000342F6574686172702E63000073746174B5
:10D7400065203D3D204554484152505F535441545B
:10D75000455F50454E44494E47207C7C20737461A0
:10D760007465203E3D204554484152505F5354411A
:10D7700054455F535441424C45000000417373656A
:10D780007274696F6E2022257322206661696C6550
:10D7900064206174206C696E6520256420696E20A8
:10D7A00025730A006172705F7461626C655B695D0C
:10D7B0002E71203D3D204E554C4C000069203C20F0
:10D7C0004152505F5441424C455F53495A45000015
:10D7D0006172705F7461626C655B695D2E73746108
:10D7E0007465203D3D204554484152505F5354419B
:10D7F00054455F454D5054590000000010B5044693
:10D8000004EB44000C4951F8300060B104EB4401D2
:10D81000094A52F8310004F0CFFF002004EB440124
:10D82000054A42F83100002004EB4401024A02EBB1
:10D83000C101087510BD0000F8D70024F0B587B00D
:10D8400007460D4600BF002D0AD100BF2EA340F2AF
:10D850008A223BA13EA0FFF70FFC00BF07B0F0BD3E
:10D8600000BF7C682088B0F5807F08D12079062829
:10D8700005D16079042802D16088082803D0384691
:10D8800004F09AFFEAE7D4F80E000690A06905902C
:10D89000686808B9002607E005986968884201D1E0
:10D8A000012000E0002006460EB1012000E0022029
:10D8B000034604F1080206A9284600F0CBFCE088E4
:10D8C000B0F5807F03D0B0F5007F15D113E086B1AD
:10D8D000022206AB04F10800291DCDE90232CDE990
:10D8E000001005F1260302462231284600F05CFBB9
:10D8F00000E000BF01E000E000BF00BF384604F0D8
:10D900005BFF00BFAAE700002E2E2F4D6964646CF8
:10D910006577617265732F54686972645F506172D4
:10D9200074792F4C7749502F7372632F636F726530
:10D930002F697076342F6574686172702E630000F1
:10D940006E6574696620213D204E554C4C000000E8
:10D95000417373657274696F6E202225732220668D
:10D9600061696C6564206174206C696E6520256452
:10D9700020696E2025730A002DE9FE4304460F46F8
:10D980001546A94600BF002C08D100BF5DA340F298
:10D990001E326AA16DA0FFF76FFB00BF00BF00BF82
:10D9A00047B900BF57A340F21F3272A167A0FFF72B
:10D9B00063FB00BF00BF00BF002D08D100BF51A313
:10D9C0004FF448726EA161A0FFF756FB00BF00BF85
:10D9D0002146286801F0DCF810B1DFF8B48186E058
:10D9E000287800F0F000E02816D101208DF804001E
:10D9F00000208DF805005E208DF80600687800F0A4
:10DA00007F008DF80700A8788DF80800E8788DF879
:10DA100009000DF1040869E02868A1680840D4E90C
:10DA20000112114088420ED0288880B24FF6A961B9
:10DA3000884208D0E06810B104F10C0903E06FF0EF
:10DA40000300BDE8FE835348007800EB40005249D4
:10DA500001EBC000007D02281BDB4E48007800EB84
:10DA6000400001EBC0008068A04212D1494909780A
:10DA700001EB4101484A02EBC101D9F800004968B5
:10DA8000884206D1434802783946204600F086F89D
:10DA9000D7E7002622E006EB46003F4901EBC00035
:10DAA000007D022818DB06EB460001EBC000806811
:10DAB000A04211D106EB4601374A02EBC101D9F869
:10DAC00000004968884207D132480670324639461C
:10DAD000204600F063F8B4E7701CC6B20A2EDADB09
:10DAE0003A464946204600F00DF9AAE700BF4FF438
:10DAF0000060434604F1260239460090204600F0BB
:10DB000025FD9EE72E2E2F4D6964646C657761724A
:10DB100065732F54686972645F50617274792F4C19
:10DB20007749502F7372632F636F72652F69707618
:10DB3000342F6574686172702E6300006E657469BD
:10DB40006620213D204E554C4C000000417373650A
:10DB50007274696F6E2022257322206661696C657C
:10DB600064206174206C696E6520256420696E20D4
:10DB700025730A007120213D204E554C4C000000B9
:10DB800069706164647220213D204E554C4C000048
:10DB900010C20108A44B0024F8D70024F8B50546AC
:10DBA0000E46144600BF04EB4400314901EBC000AF
:10DBB000007D022808DA00BF2EA340F2EE223BA12E
:10DBC00046A0FFF759FA00BF00BF04EB4400284904
:10DBD00001EBC000007D022839D104EB440001EBC9
:10DBE000C000408AB0F58E7F11DD04EB44000A4688
:10DBF00002EBC000011D284600F09CFA38BB032050
:10DC000004EB44011A4A02EBC10108751FE004EB62
:10DC10004400174901EBC000408AB0F5877F16DB4E
:10DC200004EB44000B4603EBC00000F10C0204EBD4
:10DC3000440003EBC000011D284600F087FA30B90C
:10DC4000032004EB44010A4A02EBC10108754FF4BA
:10DC50000060009004EB4400054901EBC00000F1B6
:10DC60000C0305F126023146284600F06FFCF8BD92
:10DC7000F8D700242E2E2F4D6964646C657761728D
:10DC800065732F54686972645F50617274792F4CA8
:10DC90007749502F7372632F636F72652F697076A7
:10DCA000342F6574686172702E6300006172705F5A
:10DCB0007461626C655B6172705F6964785D2E731C
:10DCC00074617465203E3D204554484152505F5375
:10DCD000544154455F535441424C45004173736570
:10DCE0007274696F6E2022257322206661696C65EB
:10DCF00064206174206C696E6520256420696E2043
:10DD000025730A002DE9FE4F81460F46164609F19C
:10DD1000260A4FF0FF3002900020019049463868F3
:10DD200000F036FF38B9387800F0F000E02802D073
:10DD30000FB1386818B96FF00F00BDE8FE8F4A4682
:10DD400001213846FFF7DAFB8046B8F1000F02DA0E
:10DD50004FFA88F0F1E700BFB8F17F0F08D300BF9A
:10DD60005FA340F2C1326CA16FA0FFF785F900BF3D
:10DD700000BF08F0FF0404EB4400754901EBC0004C
:10DD8000007D70B90120019004EB4401704A02EB60
:10DD9000C101087504EB4400114601EBC000C0F856
:10DDA000089000BF04EB4400694901EBC000007D0E
:10DDB00001280FD004EB440001EBC000007D0228D5
:10DDC00008DA00BF46A340F2CD3262A156A0FFF7A9
:10DDD00053F900BF00BF019800B93EB93946484623
:10DDE00000F0A8F902900EB90298A6E700BF46B964
:10DDF00000BF3BA340F2E13260A14BA0FFF73CF92A
:10DE000000BF00BF04EB4400514901EBC000007D9E
:10DE1000022811DB5C4804704FF40060009004EBB2
:10DE2000440001EBC00000F10C0352463146484665
:10DE300000F08CFB029050E004EB4400444901EBFD
:10DE4000C000007D012848D14FF0000B354618E096
:10DE500000BF6889298988420AD1286840B100BF7B
:10DE60001FA340F2F13249A12FA0FFF705F900BF2F
:10DE700000BF287B00F0400010B14FF0010B02E022
:10DE80002D68002DE4D100BFBBF1000F07D0324652
:10DE90004FF420710E2004F083FA054603E0354666
:10DEA000284604F099FEA5B104EB4400284951F836
:10DEB000300030B104EB4401254A52F8310004F03F
:10DEC0007BFC04EB4400224941F8305000200290D2
:10DED00002E04FF0FF30029000BF02982DE70000F3
:10DEE0002E2E2F4D6964646C6577617265732F54B3
:10DEF000686972645F50617274792F4C7749502F52
:10DF00007372632F636F72652F697076342F657437
:10DF1000686172702E63000074797065206F766599
:10DF200072666C6F77000000417373657274696F7D
:10DF30006E2022257322206661696C6564206174FD
:10DF4000206C696E6520256420696E2025730A00A7
:10DF5000F8D700246172705F7461626C655B695D03
:10DF60002E7374617465203D3D2050454E44494EEA
:10DF700047206F7220535441424C45007120213D8F
:10DF8000204E554C4C000000A44B00246E6F2070B6
:10DF900061636B65742071756575657320616C6C68
:10DFA0006F776564210000002DE9FC5F06460F468F
:10DFB00090469946DDE90CAB0020019000BF002E91
:10DFC00008D100BF31A340F257423EA141A0FFF764
:10DFD00053F800BF00BF4FF420721C210E2003F045
:10DFE00055FF05461DB94FF0FF30BDE8FC9F00BF4F
:10DFF00068891C2808DA00BF24A340F262423FA1CE
:10E0000034A0FFF739F800BF00BF6C680F9802F02A
:10E01000AAF8E08000BF96F82C00062808D000BFC0
:10E020001AA340F2694242492AA0FFF725F800BF2F
:10E0300000BFD9F80000A060B9F80400A081DBF8A7
:10E040000000C4F81200BBF80400E082DAF8000017
:10E05000C4F80E000E980068A0614FF48070208014
:10E0600008206080062020710420607140F60600C0
:10E0700043463A4629460090304600F067FA284663
:10E0800004F09AFB00250198AFE700002E2E2F4DDB
:10E090006964646C6577617265732F546869726432
:10E0A0005F50617274792F4C7749502F7372632FD0
:10E0B000636F72652F697076342F65746861727052
:10E0C0002E6300006E6574696620213D204E554C1C
:10E0D0004C000000417373657274696F6E202225D5
:10E0E0007322206661696C6564206174206C696EBE
:10E0F0006520256420696E2025730A0063686563C6
:10E100006B20746861742066697273742070627524
:10E11000662063616E20686F6C642073747275632F
:10E1200074206574686172705F686472000000003A
:10E13000BCC4010870B504460D46034A2946204672
:10E1400000F004F870BD000010C201087FB504465D
:10E150000D4616460121074A201D04F126038DE8CD
:10E1600025000391324619462046FFF71DFF04B0F3
:10E1700070BD000016C2010870B5002464E004EB15
:10E180004400334901EBC000057D002D5BD004EB5A
:10E19000440001EBC000408A401C04EB44012C4ABF
:10E1A00002EBC101488204EB4400114601EBC000C0
:10E1B000408AB0F5967F0DDA04EB440001EBC00015
:10E1C000007D01280AD104EB440001EBC000408A25
:10E1D000052803DB2046FFF711FB34E004EB440085
:10E1E0001B4901EBC000007D032807D1042004EB8C
:10E1F0004401174A02EBC101087524E004EB440016
:10E20000134901EBC000007D042807D1022004EB74
:10E2100044010F4A02EBC101087514E004EB44000D
:10E220000B4901EBC000007D01280CD104EB440236
:10E230000B4603EBC202111D04EB440203EBC202C6
:10E240009068FFF777FF641C0A2C98DB70BD000014
:10E25000F8D700242DE9F84305460E4617469846A0
:10E2600000BF95F82C00062808D000BF2EA340F26E
:10E27000A9123BA143A0FEF7FFFE00BF00BF5EB1A5
:10E28000306848B12946306800F082FC20B9307807
:10E2900000F0F000E02803D16FF00F00BDE8F88334
:10E2A0002A4641463046FFF729F90446002C01DA98
:10E2B00060B2F3E7022004EB44013C4A02EBC101E7
:10E2C000087504EB4400114601EBC000856004EBC7
:10E2D000440001EBC0003968C160B98801820020A8
:10E2E00004EB440102EBC101488204EB44001146F7
:10E2F00051F83000B0B104EB440051F830900020E8
:10E3000004EB440142F831004FF400603B4605F154
:10E31000260249460090284600F018F9484604F0C5
:10E320004BFA00BF0020B9E72E2E2F4D6964646CB4
:10E330006577617265732F54686972645F506172AA
:10E3400074792F4C7749502F7372632F636F726506
:10E350002F697076342F6574686172702E630000C7
:10E360006E657469662D3E6877616464725F6C6582
:10E370006E203D3D204554485F4857414444525F1C
:10E380004C454E00417373657274696F6E2022258F
:10E390007322206661696C6564206174206C696E0B
:10E3A0006520256420696E2025730A00F8D70024B3
:10E3B0002DE9F04104460E464FF00E0860890E2804
:10E3C00000DC4FE0E07B18B996F83000401CE073A9
:10E3D0006568AF89287800F00100B0B1287801287D
:10E3E00009D1687888B9A8785E280ED1607B40F0A2
:10E3F0001000607309E006221D492846F2F744F830
:10E4000018B9607B40F008006073082F03D0B7F59F
:10E41000C16F22D110E096F82D0000F0080000B97D
:10E4200020E04146204604F02BFC00B11AE03146C2
:10E43000204600F03BFD11E096F82D0000F00800AA
:10E4400000B90FE04146204604F01AFC00B109E093
:10E4500031462046FFF7F2F900E003E000BF00205C
:10E46000BDE8F081204604F0A7F90020F8E700009D
:10E4700010C20108704700009AB00646642101A846
:10E48000F1F7F7FF00240027A046A146354600BF5C
:10E490002C48FEF713FD044695F82D00C0F38000CC
:10E4A00058B1012C09DC2848F6F728FB284602F071
:10E4B000CBFF284603F032F83FE095F82D00C0F37B
:10E4C0008000002839D1012C37DD022C06D0032C26
:10E4D0000AD0042C0ED0052C17D111E04FF40059AE
:10E4E0004FF48048012711E04FF000094FF48048B5
:10E4F00001270BE04FF400594FF00008012705E019
:10E500004FF00009C846012700E000BF00BFA7B1D7
:10E5100001A90D48F5F772FECDF81C90CDF81880D2
:10E5200001A90948F6F746FA0748F6F78BFA284694
:10E5300003F0C4F8284603F057F8642003F01EF9EE
:10E54000A6E70000CCA60024E4A500242DE9F047AE
:10E5500005460E4617469846DDF82090484601F0DD
:10E5600002FE82460E21304603F012FC00B122E08A
:10E570007468A4F80CA0D8F800002060B8F8040073
:10E58000A0803868C4F80600B888608100BF95F89C
:10E590002C00062808D000BF08A34FF4997215A1DB
:10E5A00021A0FEF769FD00BF00BF31462846AA69D9
:10E5B0009047BDE8F0876FF00100FAE72E2E2F4D4F
:10E5C0006964646C6577617265732F5468697264FD
:10E5D0005F50617274792F4C7749502F7372632F9B
:10E5E0006E657469662F65746865726E65742E63F6
:10E5F000000000006E657469662D3E687761646492
:10E60000725F6C656E206D757374206265203620B4
:10E61000666F722065746865726E65745F6F75747D
:10E620007075742100000000417373657274696F26
:10E630006E2022257322206661696C6564206174F6
:10E64000206C696E6520256420696E2025730A00A0
:10E6500010B5044600BF44B900BF0CA340F2162217
:10E6600011A115A0FEF708FD00BF00BF732084F8BC
:10E670002E0074212F200155194860611948A061AE
:10E68000204601F0BFFB002010BD00002E2E2F4CB5
:10E690005749502F5461726765742F6574686572AD
:10E6A0006E657469662E63006E6574696620213D2F
:10E6B000204E554C4C000000417373657274696FB5
:10E6C0006E2022257322206661696C656420617466
:10E6D000206C696E6520256420696E2025730A0010
:10E6E00079D900081900010806460024354600BF04
:10E6F0004FF0FF310B48006803F024FA0028F7D1EF
:10E7000000BF284601F076FC04463CB1294620466D
:10E710002A69904710B1204604F04EF8002CF0D141
:10E72000E6E70000B44A002438B504468DF800003E
:10E7300069460320ABBE204638BD70B505460C4681
:10E7400022460321284600F053F970BD2DE9FF5FF2
:10E7500005468A467248806803900398007800074F
:10E76000870E142F00DAD1E06889042800D2CDE0AA
:10E770006868047814B1082C77D100E0C1E0DFF8B4
:10E78000A09109F114096648007D00F0F000E0282E
:10E7900000D1BFE0624A1168506900F0F9F900B198
:10E7A000B8E02889082800D2B0E0284600F0C5F972
:10E7B00020B1284604F000F8BDE8FF9F07F10E01E4
:10E7C000284603F0E5FA002844D0288938441FFA87
:10E7D00080FB2889584500DD9CE04FF420725946A3
:10E7E0000E2003F053FB8046B8F1000F00D191E0FA
:10E7F000B8F80A1007F10800814203D2404603F03E
:10E80000DBFF87E03A46D8F804000399F1F70AFEE7
:10E810003946404604F034FA00280DD000BF00BF4E
:10E8200040A3B6224DA15BA0FEF726FC00BF00BFAF
:10E83000404603F0C1FF6DE02946404603F008FE64
:10E8400018B1404603F0B8FF64E0284603F0B4FF77
:10E85000454612E007F10E01284604F011FA60B1B6
:10E8600000BF00BF2FA3C72200E038E053A149A09A
:10E87000FEF702FC00BF00BF4CE06E683946284638
:10E8800003F086FA50BBD5F80480D9F80000C8F828
:10E890000C0023480069C8F8100000203070708810
:10E8A0004FF6F771884203DD70880930708002E00E
:10E8B000708808307080FF2088F808000020A8F8D1
:10E8C0000A0001200021FF230A46CDE9010A009138
:10E8D0004946284600F0D2FB834600BF11E0032CD6
:10E8E0000ED00B2C0CD00C2C0AD0042C08D0052CEC
:10E8F00006D00D2C04D00E2C02D0112C00D000BF5D
:10E9000000BF00BF284603F057FF55E7284603F035
:10E9100053FF51E7284603F04FFF00BF4CE70000CC
:10E9200044A700242E2E2F4D6964646C65776172B4
:10E9300065732F54686972645F50617274792F4CEB
:10E940007749502F7372632F636F72652F697076EA
:10E95000342F69636D702E630000000069636D7071
:10E960005F696E7075743A206D6F76696E6720729C
:10E970002D3E7061796C6F616420746F2069636DE6
:10E980007020686561646572206661696C65640AFF
:10E9900000000000417373657274696F6E20222558
:10E9A0007322206661696C6564206174206C696EF5
:10E9B0006520256420696E2025730A0069636D70E7
:10E9C0005F696E7075743A20726573746F72696EE8
:10E9D00067206F726967696E616C20702D3E70618F
:10E9E000796C6F6164206661696C65640A0000007F
:10E9F0002DE9FF470746884691464FF420722421AF
:10EA0000222003F043FA05460DB9BDE8FF8700BF99
:10EA10006889242808D200BF1BA34FF4B47228A130
:10EA200032A0FEF729FB00BF00BFD7F804A06C6836
:10EA300084F8008084F801900020A080E08079684C
:10EA40006A6802F108001C22F1F7ECFCDAF80C000D
:10EA5000039003A800F07AFD064686B1002060808E
:10EA60006989204600F05FF8608001200021FF23C3
:10EA700003AACDE901060091284600F0FFFA2846D6
:10EA800003F09AFE00BFC0E72E2E2F4D6964646C20
:10EA90006577617265732F54686972645F50617243
:10EAA00074792F4C7749502F7372632F636F72659F
:10EAB0002F697076342F69636D702E63000000003B
:10EAC000636865636B20746861742066697273742F
:10EAD00020706275662063616E20686F6C642069C7
:10EAE000636D70206D657373616765004173736555
:10EAF0007274696F6E2022257322206661696C65CD
:10EB000064206174206C696E6520256420696E2024
:10EB100025730A0070B505460C4622460B2128468F
:10EB2000FFF766FF70BD30B504460D462946204606
:10EB300001F070FBC04380B230BDF0B5064600273F
:10EB40000024354619E06989686801F063FB0444D4
:10EB5000A0B200EB1444688900EBD0714910A0EB1F
:10EB6000410149B10FB9012000E000200746E0B2A1
:10EB7000C4F3072141EA00242D68002DE3D127B119
:10EB8000E0B2C4F3072141EA0024E04380B2F0BDC3
:10EB900018B502460092D04300B10AB9012018BD51
:10EBA00091F82D0000F0020008B90020F7E748684E
:10EBB000904201D10020F2E700988B681840D1E91B
:10EBC00001342340984208D1886822EA00008C680A
:10EBD000E343984201D10120E1E70020DFE7000094
:10EBE0002DE9F74F8CB004460F464FF00008B98C62
:10EBF000A1F11400C11700EB5171C1F3CF0A142029
:10EC0000059060680990DDF8249099F8000000F004
:10EC10000F001421B1EB800F04D06FF005000FB08E
:10EC2000BDE8F08F00BF608914280BDA00BF72A323
:10EC30004FF43F727FA186A0FEF71EFA00BF6FF06F
:10EC40000500ECE700BFB9F8060001F08CFA04906B
:10EC50000498C0F30C000790049800F4005003904F
:10EC6000208914381FFA80FBBDE04FF6FF7000EAE0
:10EC7000CA00584501DD584603E04FF6FF7000EA30
:10EC8000CA0008904FF4207214210E2003F0FEF801
:10EC9000054605B9ADE000BF6889142808DA00BF51
:10ECA00055A34FF4497274A169A0FEF7E5F900BFBE
:10ECB00000BF142268680999F1F7B4FBD5F80490F5
:10ECC00008980A9054E061890598081A80B2029069
:10ECD00000BF61890598814208DA00BF46A340F26F
:10ECE0002D326DA15AA0FEF7C7F900BF00BF0299EF
:10ECF0000A98884201DA0A9800E002988046B8F142
:10ED0000000F03D100200590246831E000F068FC7A
:10ED100006461EB9284603F04FFD6AE06168059873
:10ED20000844334641224146CDE90008002003F063
:10ED30005BFA0B900B9830B9304600F057FC284630
:10ED400003F03AFD55E0204603F046FF7461564853
:10ED5000306128460B9903F071FA0A98A0EB08007D
:10ED600080B20A900A9810B100200590246800BF74
:10ED70000A980028A7D10598404480B20590B88C25
:10ED80001438584501DB012000E000200690079868
:10ED9000C0F30C000490069808B1039818B10498C9
:10EDA00040F400500490049801F0DDF9A9F8060041
:10EDB0000899143188B201F0D6F9A9F802000020B0
:10EDC000A9F80A007B69294638460E9A98472846D2
:10EDD00003F0F2FC0898ABEB00001FFA80FB0798E9
:10EDE000504480B20790BBF1000F7FF43EAF00208B
:10EDF00015E74FF0FF3012E72E2E2F4D6964646C3B
:10EE00006577617265732F54686972645F506172CF
:10EE100074792F4C7749502F7372632F636F72652B
:10EE20002F697076342F6970345F667261672E6364
:10EE3000000000006970345F6672616728293A201B
:10EE40007062756620746F6F2073686F7274000053
:10EE5000417373657274696F6E2022257322206678
:10EE600061696C6564206174206C696E652025643D
:10EE700020696E2025730A0074686973206E6565C9
:10EE800064732061207062756620696E206F6E6504
:10EE90002070696563652100702D3E6C656E203EB3
:10EEA0003D20706F666600003DFD00082DE9F047CB
:10EEB00007460E467D6828780421B1EB201F05D057
:10EEC000384603F079FC0020BDE8F0872878000779
:10EED0004FEA9068688801F046F9814639894945CA
:10EEE00003DD4946384603F0C3FD7889404505DB1C
:10EEF0003889484502DBB8F1140F04DA384603F0CC
:10EF00005BFC0020E0E728694D494861E86808613A
:10EF10000846007D00F0F000E0280AD196F82D00A8
:10EF200000F0010018B1706808B134461CE00024FC
:10EF30001AE0304600F088F808B1344614E00024A6
:10EF40003F48007D7F280FD03E48046809E0B44266
:10EF500000D105E0204600F077F800B103E000BFE3
:10EF60002468002CF3D100BF354908693146FFF70A
:10EF70000FFE28B93248007C00F0F000E02804D1F0
:10EF8000384603F019FC00209EE724B9384603F008
:10EF900013FC002098E7E8884FF63F71084038B12D
:10EFA000384600F055F907460FB900208CE77D6818
:10EFB000234804604660856028780007800E204959
:10EFC00088814146384603F05BFE687A01280DD0FF
:10EFD000062806D011280ED1314638460BF070F9BC
:10EFE00022E03146384605F0BFFF1DE03146384685
:10EFF000FFF7ACFB18E0124948692146FFF7C8FD4E
:10F0000070B90F48007D00F0F000E02808D00FFA3A
:10F0100088F1384603F0E1FC02213846FFF78DFB0A
:10F02000384603F0C9FB00BF00BF00200449086058
:10F030004860886088810861486100BF44E700003B
:10F0400044A700243C4B002410B5044694F82D003E
:10F0500000F0010070B1606860B107484069616804
:10F06000884205D0044948692146FFF791FD08B15F
:10F07000012010BD0020FCE744A700242DE9FE4F2D
:10F0800007460C4615469846DDE90C9A0E9EA346A7
:10F0900025B10CB1206808B906F1040B43462A4695
:10F0A00059463846CDE9009A029600F003F8BDE8CB
:10F0B000FE8F00002DE9F84F05460F4690469A4610
:10F0C000DDF828B00C9E00BFA87B012808D000BF47
:10F0D00037A34FF4557243A145A0FDF7CDFF00BF04
:10F0E00000BFB8F1000F46D04FF014091421284694
:10F0F00002F04EFE18B16FF00100BDE8F88F6C68A9
:10F1000000BF6889142808D200BF29A34FF4627297
:10F1100041A137A0FDF7B0FF00BF00BF84F808A0F1
:10F120000B986072D8F80000206148464FEAE971F8
:10F1300009EB9171C1F3870141F04001217084F81E
:10F1400001B0288901F00FF860800020E0803E487F
:10F15000008801F008F8A0803B480088401C3A492C
:10F1600008801FB939480068E06001E03868E06055
:10F170000020608109E06889142802DA6FF001003C
:10F18000BBE76C6820690090E846B08C48B12889DC
:10F19000B18C884205DD424631462846FFF720FD06
:10F1A000ABE742462946304673699847A5E7000019
:10F1B0002E2E2F4D6964646C6577617265732F54D0
:10F1C000686972645F50617274792F4C7749502F6F
:10F1D0007372632F636F72652F697076342F697055
:10F1E000342E6300702D3E726566203D3D20310057
:10F1F000417373657274696F6E20222573222066D5
:10F2000061696C6564206174206C696E6520256499
:10F2100020696E2025730A00636865636B2074683B
:10F220006174206669727374207062756620636110
:10F230006E20686F6C6420737472756374206970DB
:10F240005F68647200000000A64B002458C30108E8
:10F250002DE9F14F84B004984568287800F00F003C
:10F260001421B1EB800F00D011E1E88800F07BFFA2
:10F27000C0F30C004FF6FF7101EAC00A688800F085
:10F2800072FF074628780007810E02910299B94261
:10F2900000DDFCE00298381A87B2049803F076F893
:10F2A00006467D48018888190A280ADD3146284625
:10F2B00000F0E6FC20B17848008830440A2800DDE0
:10F2C000E5E07648046811E06069E968884209D1A0
:10F2D000A0692969884205D1A089A988884201D1FD
:10F2E000012000E0002000B102E02468002CEBD1F6
:10F2F00000BF34B93146284600F0A8FB044694B953
:10F30000C5E0E88800F02FFFC0F30C0058B9E08991
:10F3100000F029FFC0F30C0028B11422294604F1A3
:10F320000800F1F77FF8E888012121EA50100190E8
:10F33000019850B10AEB070188B2504503DB4FF644
:10F34000EB71884200DD80E000BF2046019A0499FD
:10F3500000F098F983460BF1010000B975E04E48C2
:10F36000008830444C490880019840B10AEB0701FD
:10F3700088B2A083A17F41F00101A17700BFBBF15A
:10F38000010F60D1A08B143080B20090606840689B
:10F39000D0F8009060684568142204F108012846FE
:10F3A000F1F740F8009800F0DEFE68800020E88069
:10F3B0006881606804900DE0D9F80400039014217E
:10F3C000484603F05DFC4946049802F037FF039875
:10F3D000D0F80090B9F1000FEED1304800688442B7
:10F3E00002D14FF000080EE02C48D0F8008006E073
:10F3F000D8F80000A04200D104E0D8F80080B8F1AD
:10F40000000FF5D100BF4146204600F0BDFA049838
:10F4100002F0BCFF064600BF1F480088B04208DA71
:10F4200000BF1FA340F29B222CA133A0FDF724FEB6
:10F4300000BF00BF18480088801B17490880049847
:10F4400005B0BDE8F08F0020FAE700BF44B900BF67
:10F4500013A34FF42A7232A127A0FDF70DFE00BFBF
:10F4600000BF606890B900BF0C480068844208D0B3
:10F4700000BF0BA340F2AB222CA11FA0FDF7FCFDA7
:10F4800000BF00BF0021204600F07EFA00BF0498B4
:10F4900003F092F90020D3E7AC4B0024A84B0024E2
:10F4A0002E2E2F4D6964646C6577617265732F54DD
:10F4B000686972645F50617274792F4C7749502F7C
:10F4C0007372632F636F72652F697076342F697062
:10F4D000345F667261672E630000000069705F72BE
:10F4E000656173735F70627566636F756E74203EDD
:10F4F0003D20636C656E0000417373657274696FC3
:10F500006E2022257322206661696C656420617417
:10F51000206C696E6520256420696E2025730A00C1
:10F5200069707220213D204E554C4C006E6F742046
:10F530006669727374616C74686F756768206A7548
:10F54000737420656E7175657565640010B502464B
:10F550002148016821E091F82D0000F00100D8B1A8
:10F5600091F82D00C0F38000B0B14868A0B11068D8
:10F570008B681840D1E901342340984201D10846F4
:10F5800010BD91F82D0000F0020028B91068CB687A
:10F59000984201D10846F3E709680029DBD10F48FA
:10F5A0000068A0B10D48006890F82D0000F001003F
:10F5B00068B10A48006890F82D00C0F3800030B1AF
:10F5C00006480068406810B110787F2801D10020FB
:10F5D000D6E702480068D3E73C4B0024404B0024A8
:10F5E00010B5052001F014FC10BD000010B5044654
:10F5F00000BF002C08D100BF06A34FF4317214A144
:10F6000016A0FDF739FD00BF00BF2146052001F01F
:10F6100031FB10BD2E2E2F4D6964646C65776172CD
:10F6200065732F54686972645F50617274792F4CEE
:10F630007749502F7372632F636F72652F697076ED
:10F64000342F6970345F667261672E6300000000BA
:10F650007020213D204E554C4C00000041737365D5
:10F660007274696F6E2022257322206661696C6551
:10F6700064206174206C696E6520256420696E20A9
:10F6800025730A002DE9F74F84B006468846002509
:10F6900001200190D8F8040002900299488800F0F7
:10F6A00062FD8346029800780007800E039003985D
:10F6B000584503DD681E07B0BDE8F08F0398ABEB3B
:10F6C00000001FFA80FB0299C88800F04CFDC0F3CF
:10F6D0000C004FF6FF7101EAC00A00BF00BFD8F866
:10F6E000044000202060A4F804A00AEB0B00E08096
:10F6F000E088504502DA4FF0FF30DCE7D6F804909E
:10F700003EE0D9F80470A088B988884220DAC4F8AD
:10F7100000909DB1A088E988884203DBE088B98821
:10F72000884202DD4FF0FF30C5E7C5F80080E88869
:10F73000A18888420BD00020019008E0E088B988B9
:10F74000884202DD4FF0FF30B5E7C6F804801AE0CA
:10F75000A088B988884202D14FF0FF30ABE7A0887B
:10F76000F988884202DA4FF0FF30A4E72DB1E8882B
:10F77000B988884201D000200190D7F800903D461A
:10F78000B9F1000FBDD100BFB9F1000F28D1002D94
:10F7900017D000BFE888A188884208DD00BF3EA3DB
:10F7A0004FF4DB724BA153A0FDF766FC00BF00BF16
:10F7B000C5F80080E888A188884211D00020019017
:10F7C0000EE000BF706840B100BF33A34FF4DF729A
:10F7D00052A148A0FDF750FC00BF00BFC6F804804E
:10F7E000069820B9B07F00F00100002851D00198A0
:10F7F000002848D0706818B170684068808810B1DF
:10F80000002001903FE02546D4F800900BE0D9F8A5
:10F810000440E888A188884202D00020019005E0D9
:10F820002546D4F80090B9F1000FF0D100BF01983F
:10F83000002828D000BF706840B900BF16A340F26E
:10F84000DF1244A12BA0FDF717FC00BF00BF00BFD3
:10F8500070684068A04208D100BF0FA34FF4F07257
:10F860003CA124A0FDF708FC00BF00BF00BF20683A
:10F8700040B100BF08A34FF4F1723AA11DA0FDF7FB
:10F88000FBFB00BF00BF019808B1012013E7002077
:10F8900011E700200FE700002E2E2F4D6964646CE5
:10F8A0006577617265732F54686972645F50617225
:10F8B00074792F4C7749502F7372632F636F726581
:10F8C0002F697076342F6970345F667261672E63BA
:10F8D00000000000636865636B20667261676D6598
:10F8E0006E747320646F6E2774206F7665726C611E
:10F8F00070000000417373657274696F6E20222579
:10F900007322206661696C6564206174206C696E85
:10F910006520256420696E2025730A006E6F2070B3
:10F92000726576696F757320667261676D656E7456
:10F930002C2074686973206D75737420626520745F
:10F94000686520666972737420667261676D656EA2
:10F950007421000073616E69747920636865636B5C
:10F960000000000076616C69646174655F646174B5
:10F97000616772616D3A6E6578745F706275662159
:10F980003D4E554C4C00000070B504460D460E48E7
:10F990000068A04203D10C49206808600EE000BF57
:10F9A000002D08D100BF09A340F2451216A11DA0E9
:10F9B000FDF762FB00BF00BF2068286021460420DD
:10F9C00001F058F970BD0000A84B00242E2E2F4DD9
:10F9D0006964646C6577617265732F5468697264D9
:10F9E0005F50617274792F4C7749502F7372632F77
:10F9F000636F72652F697076342F6970345F667239
:10FA000061672E630000000073616E697479206382
:10FA10006865636B206C696E6B6564206C697374D8
:10FA200000000000417373657274696F6E202225B7
:10FA30007322206661696C6564206174206C696E54
:10FA40006520256420696E2025730A0070B505467F
:10FA50000E46042001F0DCF9044664B9314628461C
:10FA600000F00EF9B04203DB042001F0D1F90446A6
:10FA70000CB9002070BD20212046F0F7FAFC0F20C1
:10FA8000E077064800682060044804601422294694
:10FA900004F10800F0F7C6FC2046EBE7A84B002471
:10FAA0002DE9F04704468846002500BFA04507D150
:10FAB00000BF40A3AB224EA150A0FDF7DDFA00BF6E
:10FAC00000BFB8F1000F0DD000BFD8F80000A04271
:10FAD00007D000BF37A3AD2252A148A0FDF7CCFA52
:10FAE00000BF00BF6068D0F80490B9F80400002897
:10FAF00024D16768D9F800006060142204F108017D
:10FB00007868F0F78FFC01213846FFF703F8384694
:10FB100002F03CFC064600BFA819B0F5803F07DBA9
:10FB200000BF24A3BC2244A134A0FDF7A5FA00BF66
:10FB300000BFA81985B2384602F03EFE67681CE097
:10FB4000D7F80490BA46D9F80070504602F01EFC6F
:10FB5000064600BFA819B0F5803F07DB00BF15A31C
:10FB6000CC2235A125A0FDF787FA00BF00BFA81958
:10FB700085B2504602F020FE00BF002FE0D1414682
:10FB80002046FFF701FF00BF33480088A84207DA8C
:10FB900000BF08A3D22231A118A0FDF76DFA00BF63
:10FBA00000BF2D480088401B2B4908802846BDE82F
:10FBB000F08700002E2E2F4D6964646C65776172AA
:10FBC00065732F54686972645F50617274792F4C49
:10FBD0007749502F7372632F636F72652F69707648
:10FBE000342F6970345F667261672E630000000015
:10FBF0007072657620213D206970720041737365D3
:10FC00007274696F6E2022257322206661696C65AB
:10FC100064206174206C696E6520256420696E2003
:10FC200025730A00707265762D3E6E657874203DEE
:10FC30003D2069707200000070627566735F6672C5
:10FC4000656564202B20636C656E203C3D20307818
:10FC50006666666600000000AC4B002469705F7247
:10FC6000656173735F70627566636F756E74203E55
:10FC70003D2070627566735F6672656564000000A2
:10FC80002DE9F84F05468946002700BF0026B246F9
:10FC90000020009083461B48046821E06069E96801
:10FCA000884207D1A0692969884203D1A089A9881F
:10FCB000884201D0012000E0002068B10BF1010B67
:10FCC0001EB92646CDF800A006E0E07FF17F88420D
:10FCD00002DC2646CDF800A0206800B1A2462468C8
:10FCE000002CDBD12EB130460099FFF7D9FE8046BB
:10FCF00047444F4502DABBF1010FC7DC3846BDE887
:10FD0000F88F0000A84B002470B500250A4804684D
:10FD10000FE0E07F002805DDE07F401EE07725460C
:10FD2000246806E02646246829463046FFF7B8FED8
:10FD300000BF002CEDD170BDA84B002470B5054666
:10FD40002C4600BF002C08D100BF0FA340F2CE22EA
:10FD50001CA11FA0FDF790F900BF00BF00BFAC427F
:10FD600008D000BF08A340F2CF2223A118A0FDF7BE
:10FD700083F900BF00BF606910B1606902F01CFD2B
:10FD80002046FFF733FC70BD2E2E2F4D6964646C46
:10FD90006577617265732F54686972645F50617230
:10FDA00074792F4C7749502F7372632F636F72658C
:10FDB0002F697076342F6970345F667261672E63C5
:10FDC0000000000070637220213D204E554C4C0015
:10FDD000417373657274696F6E20222573222066E9
:10FDE00061696C6564206174206C696E65202564AE
:10FDF00020696E2025730A00706372203D3D2070DB
:10FE0000000000002DE9F041A4B004460027B846E8
:10FE10000026642102A8F0F72CFB694869490860B4
:10FE200000208DF8000080208DF80100E1208DF881
:10FE3000020000208DF803008DF804008DF8050005
:10FE4000C1F804D001215F4801725F49C1605F4978
:10FE500001614FF4C0614161F4F7BCFA07463821F3
:10FE60005B48F0F706FB2120594908604FF4403009
:10FE7000486100200861574800F0B4FF062084F86C
:10FE80002C0050484068007884F826004D484068AF
:10FE90004178272001554B4840688178282001553A
:10FEA00048484068C1782920015546484068017992
:10FEB0002A2001554348406841792B20015540F2E2
:10FEC000DC50A08494F82D0040F00A0084F82D0046
:10FED00000221146012001F06BFE3F49086000221C
:10FEE0001146012001F064FE3C49086024211BA852
:10FEF000F0F7BFFA3AA01B904FF4AF70209030207B
:10FF000021901BAA2146384801F0E6FE37493848BF
:10FF1000FDF798F83648FDF764F840B1204601F047
:10FF2000FDFA204601F090FA24B0BDE8F081002FE0
:10FF300041D12F48FCF7C2FF0646012E06DC2046C1
:10FF400001F0ECFA204601F07FFA36E0022E06D0EE
:10FF5000032E09D0042E0BD0052E11D10DE04FF445
:10FF600000554FF4804810E000254FF480480CE025
:10FF70004FF400554FF0000807E00025A84604E0C4
:10FF80004FF400554FF4804800BF00BF02A90D4850
:10FF9000F4F734F90895CDF81C8002A90948F4F764
:10FFA00009FD0848F4F74EFD204601F087FB204686
:10FFB00001F01AFB01E0F1F737FB00BFB4E70000E6
:10FFC00000800240E4A500248000003000000030E2
:10FFD00094A6002404C20108B44A0024B84A0024AC
:10FFE0004574684966000000E9E60008BC4A002440
:10FFF000CCA6002438B504460020009004480078C0
:020000040801F1
:1000000018B969460348F4F761FB009838BD000051
:10001000B04A0024E4A500242DE9F0418CB08046CC
:100020000D4600240026002730216846F0F721FA0B
:1000300030216846F0F71DFA2E4629E0042C04D33F
:100040006FF00B000CB0BDE8F08104EB4401706868
:100050004DF82100708904EB44016A4602EB8101EE
:10006000486054B104EB4400694601EB8001601E16
:1000700000EB400002EB80008160306830B9002066
:1000800004EB44016A4602EB81018860641C366817
:10009000002ED3D1288916494860C1F808D00846F7
:1000A0004563284602F098FD00BF11491148F4F756
:1000B0007DFD08B9002716E00E48F4F79BF800F024
:1000C000020058B14FF4FA610B48006801F03AFDA4
:1000D0000848F4F7B5FB6FF0010704E0284602F08A
:1000E0006BFB6FF00B07B81C0028DED03846A9E781
:1000F00094A60024E4A50024B84A00242DE9F04188
:10010000044625466868804703F0CFFD06460D4942
:10011000286809684718B81BB0F1004F01D30120C7
:1001200000E0002030B1296888192246064903F012
:1001300041FE04E022460449384603F03BFEBDE898
:10014000F0810000944B0024FD00010801460806E0
:1001500001F47F4240EA022001F47F0240EA1220CB
:1001600040EA1160704701460806000C40EA112081
:100170007047000008B50020009000BF684680422C
:1001800008D000BF0CA340F25112174917A0FCF78A
:1001900073FF00BF00BF00BF00BF03F03BFD00F0D6
:1001A00037FA00F00FFE01F0A7F80AF07DF804F02E
:1001B000CFFE03F09FFE08BD2E2E2F4D6964646CA8
:1001C0006577617265732F54686972645F506172FC
:1001D00074792F4C7749502F7372632F636F726558
:1001E0002F696E69742E6300A8C30108417373659B
:1001F0007274696F6E2022257322206661696C65B6
:1002000064206174206C696E6520256420696E200D
:1002100025730A00F8B505460A462B4600200090D3
:10022000002103F0010636B1002A04DD13F8010BAA
:100230008DF80100521E1C4603E034F8027B39445D
:10024000921E012AF9DC002A02DD20788DF80000D8
:10025000BDF80000014488B200EB114188B200EB08
:10026000114126B1C8B2C1F3072747EA002188B27D
:10027000F8BD0000FAF7FCFC00BF5F48006800F41E
:10028000003000B139E000BF00BF00BFBFF34F8FA7
:1002900000BF00BF00BF00BF00BF00BFBFF36F8F34
:1002A00000BF00BF00BF00205449086000BF00BF6E
:1002B00000BFBFF34F8F00BF00BF00BF00BF00BF34
:1002C00000BFBFF36F8F00BF00BF00BF4A48006888
:1002D00040F400304849086000BF00BF00BFBFF3D2
:1002E0004F8F00BF00BF00BF00BF00BF00BFBFF304
:1002F0006F8F00BF00BF00BF00BF00BF3E4B1B6839
:1003000003F4803303B148E000233B4C7034236096
:1003100000BF00BF00BFBFF34F8F00BF00BF00BFD3
:10032000231F1868C0F34E3100BFC0F3C90200BFDD
:1003300043F6E07303EA41134FF0404404EA827449
:1003400023432E4C1034236000BF00BF131EA2F1C4
:100350000102EDD10B1EA1F10101E6D100BF00BFEA
:1003600000BFBFF34F8F00BF00BF00BF224B1B6811
:1003700043F48033204C236000BF00BF00BFBFF3B5
:100380004F8F00BF00BF00BF00BF00BF00BFBFF363
:100390006F8F00BF00BF00BF00BFF5F7C7FAFBF7C4
:1003A00017FEFBF77BFBFAF76DFEFAF759FDFAF73C
:1003B000CFFDFAF70DFEFBF7F7F9FBF72BFAFAF78B
:1003C00097FCFBF785F9FAF7F5FFFBF793FAFBF7D4
:1003D000B9FAFBF729FBFBF7AFF9FBF753FAFBF789
:1003E00031F9FCF763FF01F0E5F9FAF731FE01F0AE
:1003F000F7F900BFFEE7000014ED00E050EF00E069
:1004000070B5054605B970BD05F00300002813D08E
:1004100000BF00BF3DA340F2732248A150A0FCF7EB
:100420002BFE00BF00BF00BF03F0B4FB0646304602
:1004300003F0BCFB00BFE6E7A5F1080452480068E2
:10044000844205D305F10C0050490968884213D94C
:1004500000BF00BF2DA340F27F224DA140A0FCF7BA
:100460000BFE00BF00BF00BF03F094FB0646304602
:1004700003F09CFB00BFC6E74C4803F0FBFB207970
:10048000002816D100BF00BF20A34FF4237248A15B
:1004900033A0FCF7F1FD00BF00BF444803F0FFFBB1
:1004A00000BF03F077FB0646304603F07FFB00BF3A
:1004B000A9E7204600F024F9002816D100BF00BFAC
:1004C00012A340F2952244A125A0FCF7D5FD00BF60
:1004D00000BF364803F0E3FB00BF03F05BFB0646BA
:1004E000304603F063FB00BF8DE7002020714748D2
:1004F0000068844201D245480460204602F03AFC7C
:100500002A4803F0CCFB00BF7DE700002E2E2F4DC4
:100510006964646C6577617265732F54686972648D
:100520005F50617274792F4C7749502F7372632F2B
:10053000636F72652F6D656D2E6300006D656D5F75
:10054000667265653A2073616E69747920636865C7
:10055000636B20616C69676E6D656E7400000000EE
:10056000417373657274696F6E2022257322206651
:1005700061696C6564206174206C696E6520256416
:1005800020696E2025730A00F84A0024FC4A0024E2
:100590006D656D5F667265653A20696C6C65676153
:1005A0006C206D656D6F727900000000004B0024B7
:1005B0006D656D5F667265653A20696C6C65676133
:1005C0006C206D656D6F72793A20646F75626C6531
:1005D00020667265650000006D656D5F6672656519
:1005E0003A20696C6C6567616C206D656D6F72791E
:1005F0003A206E6F6E2D6C696E6B65643A20646F85
:1006000075626C652066726565000000044B00240D
:1006100010B500BF00BF18481849086008460468B4
:100620004FF4C86020800020608020714FF4C860C3
:1006300003F0B8F9124908600120096808714FF405
:10064000C8600F49096808800D49096848800B484F
:1006500000680C4908600C4803F014FB00280AD01D
:1006600000BF00BF09A340F21F2214A11AA0FCF78B
:1006700003FD00BF00BF10BD00400030F84A002459
:10068000FC4A0024044B0024004B00242E2E2F4D46
:100690006964646C6577617265732F54686972640C
:1006A0005F50617274792F4C7749502F7372632FAA
:1006B000636F72652F6D656D2E6300006661696CF6
:1006C000656420746F20637265617465206D656D6B
:1006D0005F6D757465780000417373657274696F3E
:1006E0006E2022257322206661696C656420617426
:1006F000206C696E6520256420696E2025730A00D0
:100700002DE9F0410446204600F084F90546208892
:1007100003F048F90646608803F044F9074620884C
:10072000B0F5C86F10D86088B0F5C86F0CD8608875
:10073000A84202D03888A84206D1064800688642FE
:1007400005D07088A84202D00020BDE8F0810120C9
:10075000FBE70000FC4A00242DE9F0478146B9F18F
:10076000000F02D10020BDE8F08709F1030020F05E
:10077000030085B20C2D00D20C25B5F5C86F01D849
:100780004D4501DA0020EEE75C4803F073FA5C485F
:10079000006800F03FF90646A6E0304603F002F993
:1007A0000446207900287CD1218806F10800081A27
:1007B000A84276D3218806F10800091A05F1140031
:1007C000814229D306F1080028441FFA80F800BFAF
:1007D000B8F5C86F08D100BF4AA340F2873255A1CF
:1007E00059A0FCF749FC00BF00BF404603F0DAF80F
:1007F000074600213971218839807E80A4F8008065
:10080000012020713888B0F5C86F07D0388803F010
:10081000C9F8A0F8028001E0012020713848006882
:10082000844227D13648D0F800A004E0BAF800008E
:1008300003F0B8F882469AF8040018B14C480068F2
:100840008245F3D12E48C0F800A000BF0068484997
:10085000096888420CD02A480068007940B100BF7E
:1008600028A340F2B53243A137A0FCF705FC00BF36
:1008700000BF00BF214803F012FA00BF04F10800D6
:1008800028443B490968884208D900BF1DA340F2AB
:10089000B9323FA12CA0FCF7EFFB00BF00BF00BFA7
:1008A00000E01DE004F0030040B100BF15A340F2DA
:1008B000BB3243A124A0FCF7DFFB00BF00BF00BF99
:1008C00004F0030040B100BF0EA340F2BD3248A1C6
:1008D0001DA0FCF7D1FB00BF00BF04F1080042E7F8
:1008E000304603F05FF80688C5F5C860B0423FF6B1
:1008F00054AF024803F0D3F9002034E7004B002442
:10090000044B00242E2E2F4D6964646C6577617250
:1009100065732F54686972645F50617274792F4CEB
:100920007749502F7372632F636F72652F6D656DFA
:100930002E630000696E76616C6964206E65787460
:100940002070747200000000417373657274696FE7
:100950006E2022257322206661696C6564206174B3
:10096000206C696E6520256420696E2025730A005D
:10097000FC4A00246D656D5F6D616C6C6F633A209D
:10098000216C667265652D3E75736564000000001C
:100990006D656D5F6D616C6C6F633A20616C6C6F3F
:1009A0006361746564206D656D6F7279206E6F741C
:1009B0002061626F76652072616D5F656E642E00E6
:1009C0006D656D5F6D616C6C6F633A20616C6C6F0F
:1009D0006361746564206D656D6F72792070726FEC
:1009E0007065726C7920616C69676E65642E0000B9
:1009F0006D656D5F6D616C6C6F633A2073616E69DC
:100A0000747920636865636B20616C69676E6D65DE
:100A10006E740000014602480088081A80B27047D0
:100A2000F84A00242DE9F84F81468B460BF103006C
:100A300020F0030085B20C2D00D20C25B5F5C86F4F
:100A400001D85D4502DA0020BDE8F88F00BF5C48A0
:100A50000068814503D35B480068814508D300BF27
:100A600059A340F2D12264A169A0FCF705FB00BFA5
:100A700000BF53480068814503D352480068814550
:100A800009D300BF03F086F80090009803F08EF8B9
:100A900000BF4846D8E7A9F108063046FFF7BAFF7D
:100AA00007463188C81B08381FFA80FA00BF554531
:100AB00008DD00BF44A34FF439725FA154A0FCF7D6
:100AC000DBFA00BF00BF554501DD0020BCE75545FE
:100AD00001D14846B8E7604803F0CCF8308802F00E
:100AE00061FF04462079002833D100BF3088B0F57B
:100AF000C86F08D100BF34A340F2F52257A144A02B
:100B0000FCF7BAFA00BF00BF2088009007F1080088
:100B100028441FFA80F856480068A04204D1404695
:100B200002F040FF52490860404602F03BFF044695
:100B300000202071009820806780A6F8008020881F
:100B4000B0F5C86F04D0208802F02CFFA0F8028016
:100B500031E005F1140050452DD807F10800284474
:100B60001FFA80F800BF3088B0F5C86F08D100BF09
:100B700015A340F2163239A125A0FCF77DFA00BF7B
:100B800000BF404602F00EFF044639480068844228
:100B900001D23748046000202071308820806780AF
:100BA000A6F800802088B0F5C86F04D0208802F035
:100BB000F9FEA0F80280284803F071F8484643E7A0
:100BC000F84A0024FC4A00242E2E2F4D6964646CE0
:100BD0006577617265732F54686972645F506172E2
:100BE00074792F4C7749502F7372632F636F72653E
:100BF0002F6D656D2E6300006D656D5F7472696D9C
:100C00003A206C6567616C206D656D6F72790000CC
:100C1000417373657274696F6E202225732220669A
:100C200061696C6564206174206C696E652025645F
:100C300020696E2025730A006D656D5F7472696DA1
:100C40002063616E206F6E6C7920736872696E6BC1
:100C5000206D656D6F727900004B0024696E7661BE
:100C60006C6964206E6578742070747200000000F6
:100C7000044B002470B504460D4600BF0D2C09DB63
:100C800000BF0AA34FF4D57214A11BA0FCF7F4F91E
:100C900000BF70BD00BF05B9FBE7214951F8240032
:100CA0002946FCF74DFB00BFF3E700002E2E2F4D29
:100CB0006964646C6577617265732F5468697264E6
:100CC0005F50617274792F4C7749502F7372632F84
:100CD000636F72652F6D656D702E63006D656D704D
:100CE0005F667265653A2074797065203C204D45D9
:100CF0004D505F4D41580000417373657274696FC8
:100D00006E2022257322206661696C6564206174FF
:100D1000206C696E6520256420696E2025730A00A9
:100D2000B8C2010870B504460D4600BF002C08D1BA
:100D300000BF09A340F2951213A118A0FCF79CF97B
:100D400000BF00BF04B105B970BD29462046FCF7BD
:100D5000F7FA00BFF8E700002E2E2F4D6964646C8F
:100D60006577617265732F54686972645F50617250
:100D700074792F4C7749502F7372632F636F7265AC
:100D80002F6D656D702E6300696E76616C696420ED
:100D9000706F6F6C2064657363000000417373654E
:100DA0007274696F6E2022257322206661696C65FA
:100DB00064206174206C696E6520256420696E2052
:100DC00025730A0010B5002406E0054951F82400F7
:100DD00000F008F8601C84B20D2CF6D310BD0000A2
:100DE000B8C2010810B50023846823604368DB1C87
:100DF00023F00301002207E083681B680B6083680F
:100E0000196003881944521C43889342F4DC10BDD6
:100E100070B5044600BF0D2C0ADB00BF09A340F2E9
:100E2000571214A11BA0FCF727F900BF002070BDCA
:100E300000BF224951F82400FCF7E0FA0546284695
:100E4000F5E700002E2E2F4D6964646C65776172A2
:100E500065732F54686972645F50617274792F4CA6
:100E60007749502F7372632F636F72652F6D656DB5
:100E7000702E63006D656D705F6D616C6C6F633AB1
:100E80002074797065203C204D454D505F4D415890
:100E900000000000417373657274696F6E20222533
:100EA0007322206661696C6564206174206C696ED0
:100EB0006520256420696E2025730A00B8C20108E8
:100EC00010B5044600BF002C08D100BF07A34FF4A3
:100ED0009E7212A116A0FCF7CFF800BF00BF0CB99C
:100EE000002010BD2046FCF789FAFAE72E2E2F4D80
:100EF0006964646C6577617265732F5468697264A4
:100F00005F50617274792F4C7749502F7372632F41
:100F1000636F72652F6D656D702E6300696E76610B
:100F20006C696420706F6F6C2064657363000000EF
:100F3000417373657274696F6E2022257322206677
:100F400061696C6564206174206C696E652025643C
:100F500020696E2025730A002DE9F05F04460E46D5
:100F600017469846DDE90AB900BF002C0BD100BF37
:100F700049A340F2271255A15BA0FCF77DF800BF02
:100F80000020BDE8F09F00BF00BFB9F1000F0AD1FB
:100F900000BF41A34FF494725DA153A0FCF76CF81D
:100FA00000BF0020EDE700BF06B9624E07B9614FF0
:100FB000B8F1000F01D1DFF87C8100206060A060F3
:100FC000E0605D4860610020A08484F82D00E0614D
:100FD000C4F820B05948007884F830000C9820619B
:100FE00043463A463146204600F0F8F92046C847C5
:100FF00008B10020C5E700BF94F83000FF2802D1F7
:10100000002084F830004FF0000A4D48056829E0C0
:1010100000BFA54208D100BF1FA340F28B1249A117
:1010200031A0FCF729F800BF00BF0AF1010A00BF98
:10103000BAF1FF0F08DD00BF17A340F28D1246A1E1
:1010400029A0FCF719F800BF00BF95F8300094F80C
:101050003010884205D194F83000401C84F83000EC
:1010600002E02D68002DD3D100BF002DC4D194F82B
:101070003000FE2803D100203049087004E094F8C5
:101080003000401C2D4908702D48006820602C4815
:101090000460204675E700002E2E2F4D6964646CB5
:1010A0006577617265732F54686972645F5061720D
:1010B00074792F4C7749502F7372632F636F726569
:1010C0002F6E657469662E63000000006E6574699A
:1010D000665F6164643A20696E76616C6964206E53
:1010E0006574696600000000417373657274696F0E
:1010F0006E2022257322206661696C65642061740C
:10110000206C696E6520256420696E2025730A00B5
:101110006E657469665F6164643A204E6F20696E23
:1011200069742066756E6374696F6E206769766591
:101130006E00000058C30108D5130108444B002479
:101140003C4B00246E6574696620616C7265616455
:101150007920616464656400746F6F206D616E79DD
:10116000206E65746966732C206D61782E2073750E
:1011700070706F72746564206E756D62657220693F
:10118000732032353500000070B504460D462946FF
:10119000204604F0F5FD2946204609F053FA70BDBB
:1011A00010B503460868DC68A04201D1012000E0C8
:1011B000002030B909B9002000E00868D86001209B
:1011C00010BD0020FCE70000F8B505460C461646A9
:1011D00000BF002C08D100BF18A340F2CB1224A1FD
:1011E00027A0FBF749FF00BF00BF00BF46B900BF03
:1011F00012A34FF4E6721EA121A0FBF73DFF00BF32
:1012000000BF20686968884201D1012000E0002009
:1012100090B9206800906868306069463046FFF7F2
:10122000B3FF0CB9002000E0206868600121284667
:1012300000F064F80120F8BD0020FCE72E2E2F4DB1
:101240006964646C6577617265732F546869726450
:101250005F50617274792F4C7749502F7372632FEE
:10126000636F72652F6E657469662E6300000000FF
:10127000696E76616C696420706F696E7465720066
:10128000417373657274696F6E2022257322206624
:1012900061696C6564206174206C696E65202564E9
:1012A00020696E2025730A0010B5034608689C6803
:1012B000A04201D1012000E0002030B909B900208E
:1012C00000E008689860012010BD0020FCE70000E5
:1012D00002466AB10748016808E091F83000401CF6
:1012E000C0B2904201D10846704709680029F4D184
:1012F0000020F9E73C4B00247047000070B504461D
:101300000D4600BF002C08D100BF12A340F26D3281
:101310001DA126A0FBF7B0FE00BF00BF94F82D0072
:1013200000F0040020B194F82D0000F0010000B995
:1013300070BD05F0010050B1606840B194F82D0017
:1013400000F0080018B1211D2046FCF7F3FE00BF95
:10135000EEE700002E2E2F4D6964646C6577617294
:1013600065732F54686972645F50617274792F4C91
:101370007749502F7372632F636F72652F6E657498
:1013800069662E63000000006E657469665F6973AC
:101390007375655F7265706F7274733A20696E76EB
:1013A000616C6964206E65746966000041737365E1
:1013B0007274696F6E2022257322206661696C65E4
:1013C00064206174206C696E6520256420696E203C
:1013D00025730A0003466FF00B0070472DE9F84FA4
:1013E00080460C4615461E464FF00009CA4604B911
:1013F000114C05B9104D06B90F4E0CB1206808B953
:10140000012000E00020074627B16A4621464046F9
:10141000FFF7DAFE4A4629464046FFF745FF5246A7
:1014200031464046FFF7BCFE27B96A462146404692
:10143000FFF7CAFEBDE8F88F58C3010801490860EC
:1014400070470000404B002410B5044600BF002C3C
:1014500009D100BF10A340F29B321CA123A0FBF7CF
:101460000BFE00BF10BD00BF94F82D0000F001007E
:1014700078B100BF94F82D0000F0FE0084F82D0034
:1014800000BF94F82D0000F0080010B12046FCF7D2
:1014900019F800BFE6E700002E2E2F4D6964646C3A
:1014A0006577617265732F54686972645F50617209
:1014B00074792F4C7749502F7372632F636F726565
:1014C0002F6E657469662E63000000006E65746996
:1014D000665F7365745F646F776E3A20696E7661DC
:1014E0006C6964206E657469660000004173736501
:1014F0007274696F6E2022257322206661696C65A3
:1015000064206174206C696E6520256420696E20FA
:1015100025730A0000B1C1617047000010B5044690
:1015200000BF002C09D100BF0FA340F206421BA14F
:1015300023A0FBF7A1FD00BF10BD00BF94F82D0054
:1015400000F0040070B100BF94F82D0000F0FB0023
:1015500084F82D0000BF00BFE06910B12046E169AA
:10156000884700BF00BFE7E72E2E2F4D6964646CEB
:101570006577617265732F54686972645F50617238
:1015800074792F4C7749502F7372632F636F726594
:101590002F6E657469662E63000000006E657469C5
:1015A000665F7365745F6C696E6B5F646F776E3ACC
:1015B00020696E76616C6964206E657469660000EE
:1015C000417373657274696F6E20222573222066E1
:1015D00061696C6564206174206C696E65202564A6
:1015E00020696E2025730A0010B5044600BF002C48
:1015F00009D100BF11A34FF478721DA125A0FBF7FC
:101600003BFD00BF10BD00BF94F82D0000F00400AA
:1016100090B900BF94F82D0040F0040084F82D002C
:1016200000BF03212046FFF769FE00BFE06910B14B
:101630002046E169884700BF00BFE3E72E2E2F4D0B
:101640006964646C6577617265732F54686972644C
:101650005F50617274792F4C7749502F7372632FEA
:10166000636F72652F6E657469662E6300000000FB
:101670006E657469665F7365745F6C696E6B5F75C8
:10168000703A20696E76616C6964206E6574696673
:1016900000000000417373657274696F6E2022252B
:1016A0007322206661696C6564206174206C696EC8
:1016B0006520256420696E2025730A0010B5044654
:1016C00000BF002C09D100BF0EA34FF454721AA121
:1016D00020A0FBF7D1FC00BF10BD00BF94F82D0087
:1016E00000F0010058B900BF94F82D0040F001004F
:1016F00084F82D0000BF03212046FFF7FFFD00BF47
:10170000EAE700002E2E2F4D6964646C65776172E4
:1017100065732F54686972645F50617274792F4CDD
:101720007749502F7372632F636F72652F6E6574E4
:1017300069662E63000000006E657469665F7365FC
:10174000745F75703A20696E76616C6964206E65AD
:1017500074696600417373657274696F6E20222527
:101760007322206661696C6564206174206C696E07
:101770006520256420696E2025730A0070B5054632
:10178000FBF7A6FC10B16FF0050404E0002415B1CE
:10179000284609F029F9204670BD10B5FBF798FCE2
:1017A00018B10AF0E5F9044602E00AF0DBF9044654
:1017B000204610BD10B5FBF78BFC10B16FF005048F
:1017C00009E00648006820B90120044908600024A7
:1017D00001E04FF0FF34204610BD0000F449002422
:1017E00070B5FBF775FC10B16FF005041FE01148F0
:1017F0000068012819D100BF801F0021002804DBE8
:101800000A07130E0C4A135406E00A07150E0B4A7A
:1018100000F00F031B1FD55400BF00BF0220054975
:10182000086009F0C5F9002401E04FF0FF342046BC
:1018300070BD0000F449002400E400E018ED00E071
:101840002DE9F84307460D4691461C463E464FF0AB
:101850000008FBF73DFCE0B10EB105B114B16FF02B
:10186000030828E0002000906A462946304609F027
:1018700023FF012802D06FF002081CE00098D0B1CD
:101880004FF080500D490860BFF34F8FBFF36F8F4B
:1018900011E006B115B96FF003080CE022462946A5
:1018A000304609F055FE012805D014B16FF001084B
:1018B00001E06FF002084046BDE8F88304ED00E067
:1018C0002DE9F84305460E4614464FF00009FBF794
:1018D000FFFB00283ED1002D3CD0002E3AD0471E01
:1018E000BCB1A06858B1E068502808D3206930B175
:1018F00005FB06F06169814201D301270AE0A06877
:1019000040B9E06830B9206920B9606910B9002792
:1019100000E00027012F09D1002000903146284621
:10192000A368226909F071FB814606E02FB9002205
:101930003146284609F03CFB8146B9F1000F09D039
:1019400014B1D4F8008001E04FF000084146484649
:1019500008F0DCFF4846BDE8F88300002DE9F843B5
:1019600007460D4691461C463E464FF00008FBF7E1
:10197000AFFBE8B10EB105B114B16FF003082AE076
:101980000020009000236A462946304609F0CEFC2C
:10199000012802D06FF002081DE00098D8B14FF086
:1019A00080500E490860BFF34F8FBFF36F8F12E076
:1019B00006B115B96FF003080DE000232246294651
:1019C000304609F0DFFB012805D014B16FF00108A3
:1019D00001E06FF002084046BDE8F88304ED00E046
:1019E0002DE9F04104460D4624F0010604F00108FB
:1019F0000027FBF76DFB08B1BF1F1FE016B96FF0A2
:101A000003071BE0B8F1000F0CD02946304609F05F
:101A100095FF012812D015B16FF001070EE06FF0AD
:101A200002070BE02946304609F0ACFE012805D03C
:101A300015B16FF0010701E06FF002073846BDE80D
:101A4000F0812DE9F04704460026FBF741FB002812
:101A50004DD10CB1676800E0002707F0010008B124
:101A6000012500E0002507F0080008283FD04FF0CE
:101A7000FF3874B1A06828B1E068502802D34FF055
:101A8000010808E0A06830B9E06820B94FF000080C
:101A900001E04FF00008B8F1010F0CD12DB1042086
:101AA000A16809F070FA064612E00120A16809F069
:101AB0006AFA06460CE0B8F1000F09D125B10420FE
:101AC00009F050FA064603E0012009F04BFA0646F9
:101AD0004EB114B1D4F8009001E04FF0000949462E
:101AE000304608F013FF16B10DB146F0010630463E
:101AF000BDE8F0872DE9F041044624F0010504F02B
:101B000001070026FBF7E4FA08B1B61F16E015B985
:101B10006FF0030612E03FB1284609F0F5FC0128FA
:101B20000CD06FF0020609E000231A461946284639
:101B300009F028FB012801D06FF002063046BDE80D
:101B4000F0810000F8B504460D46264600270EB980
:101B50003F1F29E0FBF7BCFAD0B115B16FF00307C6
:101B600022E0002000906A460021304609F0A4FDE2
:101B7000012802D06FF0020716E00098A0B14FF0E4
:101B800080500A490860BFF34F8FBFF36F8F0BE09F
:101B90002946304609F0F6FD012805D015B16FF051
:101BA000010701E06FF002073846F8BD04ED00E0E0
:101BB0002DE9F84305460F4614464FF00008FBF7A1
:101BC00087FA002857D1002D55D0AF4253D8461E72
:101BD00064B1A06820B1E068502801D3012606E076
:101BE000A06820B9E06810B9002600E00026701C4B
:101BF000002840D0012D23D1012E09D103200090CF
:101C0000002211460120A36809F0FFF9804605E093
:101C100003220021012009F0CBF98046B8F1000F22
:101C20001CD0DFB100231A461946404609F0AAFA33
:101C3000012813D0404608F07FFE4FF000080DE069
:101C4000012E06D139462846A26809F059F9804686
:101C500004E03946284609F025F98046B8F1000F1E
:101C600009D014B1D4F8009001E04FF000094946C2
:101C7000404608F04BFE4046BDE8F883F8B5044600
:101C8000254600260DB9361F22E0FBF721FAA8B140
:101C9000002000906946284609F0C6FB012802D0C2
:101CA0006FF0020614E0009890B14FF0805009499F
:101CB0000860BFF34F8FBFF36F8F09E000231A4610
:101CC0001946284609F05EFA012801D06FF0020695
:101CD0003046F8BD04ED00E02DE9FF478046894617
:101CE000144600200390FBF7F3F900284ED1B8F119
:101CF000000F4BD0802618258246471E44B320682B
:101D000008B1D4F800A0A06900B1A5692DB1382DA3
:101D100003D8207900F0010018B1002004B0BDE81C
:101D2000F087606908B160698608A06840B1E06822
:101D30005C2805D3206918B1606908B1012708E063
:101D4000A06830B9E06820B9206910B9002700E028
:101D50000027012F0CD12169A0684B463246CDE9FE
:101D6000005102905146404609F088FE03900DE074
:101D700067B903A8B2B24B465146CDE90050404680
:101D800009F04AFE012801D0002003900398C5E71E
:101D900070B504460D4600222946204600F002F8A0
:101DA00070BD00002DE9F04704460D46904600BF87
:101DB00044B900BF1CA340F2DF1227A129A0FBF702
:101DC0005BF900BF00BF14B1B5F5803F02D301201D
:101DD000BDE8F0870DB90020FAE7AEB220893044A3
:101DE00080B2B04201DA0120F2E794F80C9009F0D9
:101DF000800038B16068471B04F11000874209D2A7
:101E00000120E5E7B8F1000F02D06068471B01E050
:101E10000120DDE7676060893044608120893044BB
:101E200020810020D4E700002E2E2F4D6964646CC1
:101E30006577617265732F54686972645F5061726F
:101E400074792F4C7749502F7372632F636F7265CB
:101E50002F706275662E63007020213D204E554C18
:101E60004C000000417373657274696F6E20222507
:101E70007322206661696C6564206174206C696EF0
:101E80006520256420696E2025730A002DE9FE4F28
:101E900082460E4690465746B8F1010F0AD0B8F177
:101EA000410F06D0B8F5C17F0BD0B8F5207F7DD1AA
:101EB0006AE000BF42463146002000F037F9044690
:101EC000AEE0002400200290B14600BF0C20FEF7D7
:101ED0009FFF054645B900F0A9FD14B1204600F06A
:101EE0006BFC0020BDE8FE8FF81C20F00300C0F55D
:101EF000147080B2484501DD484605E0F81C20F02A
:101F00000300C0F5147080B283460020CDE9008044
:101F100005F110003844C01C20F003015B464A461E
:101F2000284600F074FD00BF287900F00300002867
:101F300008D000BF3CA34FF4807247A152A0FBF72A
:101F40009BF800BF00BF00BFF81C20F00300C0F5E5
:101F50001470002808D100BF33A34FF4817254A13C
:101F600049A0FBF789F800BF00BF0CB92C4601E07F
:101F7000029805600295A9EB0B001FFA80F9002773
:101F8000B9F1000FA2DC4BE0F81C20F00301F01CBB
:101F900020F00300084485B205F110001FFA80F913
:101FA000F01C20F00300A84206D800E02BE0F01C53
:101FB00020F00300484501D9002093E74846FEF78A
:101FC000CBFB04460CB900208CE70020CDE9008053
:101FD00004F110003844C01C20F00301334632469F
:101FE000204600F014FD00BF207900F0030040B14E
:101FF00000BF0DA34FF491723AA123A0FBF73CF868
:1020000000BF00BF0CE000BF00BF07A340F22712D3
:102010003FA11DA0FBF730F800BF00BF002061E723
:1020200000BF20465EE700002E2E2F4D6964646CD1
:102030006577617265732F54686972645F5061726D
:1020400074792F4C7749502F7372632F636F7265C9
:102050002F706275662E6300706275665F616C6CCE
:102060006F633A207062756620712D3E7061796CE5
:102070006F61642070726F7065726C7920616C6939
:10208000676E656400000000417373657274696F68
:102090006E2022257322206661696C65642061745C
:1020A000206C696E6520256420696E2025730A0006
:1020B000504255465F504F4F4C5F42554653495A28
:1020C00045206D757374206265206269676765726B
:1020D000207468616E204D454D5F414C49474E4D1F
:1020E000454E5400706275665F616C6C6F633A2098
:1020F000706275662D3E7061796C6F6164207072DC
:102100006F7065726C7920616C69676E6564000040
:10211000706275665F616C6C6F633A206572726F96
:102120006E656F7573207479706500002DE9FC4150
:1021300007460D46144600BF412C0AD0012C08D09A
:1021400000BF0EA34FF4A57218A11DA0FAF794FFCB
:1021500000BF00BF0B20FEF75BFE064616B900204D
:10216000BDE8FC8100202B462A463946CDE90040D7
:10217000304600F04CFC3046F2E700002E2E2F4D8A
:102180006964646C6577617265732F546869726401
:102190005F50617274792F4C7749502F7372632F9F
:1021A000636F72652F706275662E6300696E76616B
:1021B0006C696420706275665F74797065000000F8
:1021C000417373657274696F6E20222573222066D5
:1021D00061696C6564206174206C696E652025649A
:1021E00020696E2025730A002DE9FC5F05460C4628
:1021F00017469846DDE90C9BAA460AF1030020F039
:1022000003002044584502D90020BDE8FC9FB9F1E5
:10221000000F06D00AF1030020F0030000EB0906CE
:1022200000E000260220234622463146CDE9007018
:10223000404600F0ECFB4046E7E7000070B506467C
:102240000D4600BF0EB1002D09D100BF1BA340F207
:10225000593226A133A0FAF70FFF00BF70BD00BFAF
:10226000344604E0208929890844208124682068B4
:102270000028F7D100BF20896189884208D000BFBB
:102280000EA340F2623231A126A0FAF7F5FE00BF9C
:1022900000BF00BF206840B100BF08A340F2633216
:1022A00036A120A0FAF7E8FE00BF00BF20892989E7
:1022B00008442081256000BFD0E700002E2E2F4D5E
:1022C0006964646C6577617265732F5468697264C0
:1022D0005F50617274792F4C7749502F7372632F5E
:1022E000636F72652F706275662E63002868202107
:1022F0003D204E554C4C2920262620287420213D77
:10230000204E554C4C29202870726F6772616D6D9C
:1023100065722076696F6C6174657320415049293C
:1023200000000000417373657274696F6E2022258E
:102330007322206661696C6564206174206C696E2B
:102340006520256420696E2025730A00702D3E7477
:102350006F745F6C656E203D3D20702D3E6C656E28
:1023600020286F66206C6173742070627566206926
:102370006E20636861696E2900000000702D3E6E5A
:10238000657874203D3D204E554C4C0001460020A0
:1023900002E0421C90B209680029FAD1704700009F
:1023A0002DE9F04180460E461446218932464046CA
:1023B000FFF76CFD074617B90020BDE8F081214604
:1023C000384600F045F8054600BF45B100BF05A3FB
:1023D00040F224520FA114A0FAF74EFE00BF00BF36
:1023E0003846EAE72E2E2F4D6964646C657761727A
:1023F00065732F54686972645F50617274792F4CF1
:102400007749502F7372632F636F72652F706275F7
:10241000662E6300706275665F636F707920666117
:10242000696C656400000000417373657274696FC4
:102430006E2022257322206661696C6564206174B8
:10244000206C696E6520256420696E2025730A0062
:102450002DE9F04105460C460026002700BF25B1B6
:102460001CB12889218988420CDA00BF44A340F2BC
:10247000C9324FA15AA0FAF7FFFD00BF6FF00F005D
:10248000BDE8F08100BF00BF6889801B6189C91B5E
:10249000884203D36089A0EB070802E06889A0EBBB
:1024A00006086268D1196A6890194246EDF7BAFFCA
:1024B0004644474400BF6889B04208D200BF30A3F9
:1024C00040F2D93250A146A0FAF7D6FD00BF00BFB6
:1024D00000BF6089B84208D200BF29A340F2DA32B7
:1024E0004FA13FA0FAF7C8FD00BF00BF6089B84206
:1024F00001D8002724686889B04211D100262D68D0
:1025000000BF65B95CB100BF1DA34FF479724BA148
:1025100033A0FAF7B1FD00BF6FF00F00B0E700BFC6
:10252000002C13D06089218988420FD100BF206818
:1025300058B100BF12A340F2E93244A128A0FAF733
:102540009BFD00BF6FF005009AE700BF002D13D080
:102550006889298988420FD100BF286858B100BF17
:1025600007A340F2EE3239A11DA0FAF785FD00BFA6
:102570006FF0050084E700BF002C85D100207FE7C5
:102580002E2E2F4D6964646C6577617265732F54CC
:10259000686972645F50617274792F4C7749502F6B
:1025A0007372632F636F72652F706275662E63009E
:1025B000706275665F636F70793A207461726765E7
:1025C00074206E6F742062696720656E6F7567682E
:1025D00020746F20686F6C6420736F757263650080
:1025E000417373657274696F6E20222573222066B1
:1025F00061696C6564206174206C696E6520256476
:1026000020696E2025730A006F66667365745F74B7
:102610006F203C3D20705F746F2D3E6C656E000036
:102620006F66667365745F66726F6D203C3D2070E7
:102630005F66726F6D2D3E6C656E0000705F746F2B
:1026400020213D204E554C4C000000007062756604
:102650005F636F7079282920646F6573206E6F74D3
:1026600020616C6C6F77207061636B65742071758D
:1026700065756573210000002DE9F05F804689468D
:1026800016461D464FF0000AD34600BFB8F1000FB2
:102690000BD100BF21A340F20A422CA133A0FAF7CC
:1026A000EBFC00BF0020BDE8F09F00BF00BFB9F108
:1026B000000F0AD100BF19A340F20B4235A12BA095
:1026C000FAF7DAFC00BF0020EDE700BF444620E047
:1026D00035B16089A84203DC6089281A85B217E009
:1026E0006089401B87B2B74200DD374662685119E6
:1026F00009EB0A003A46EDF795FE0BEB07001FFACF
:1027000080FB0AEB07001FFA80FAF01B86B2002557
:1027100024680EB1002CDBD15846C4E72E2E2F4D75
:102720006964646C6577617265732F54686972645B
:102730005F50617274792F4C7749502F7372632FF9
:10274000636F72652F706275662E630070627566C6
:102750005F636F70795F7061727469616C3A206950
:102760006E76616C69642062756600004173736502
:102770007274696F6E2022257322206661696C6510
:1027800064206174206C696E6520256420696E2068
:1027900025730A00706275665F636F70795F7061A0
:1027A000727469616C3A20696E76616C6964206448
:1027B00061746170747200002DE9F0470446002CCA
:1027C0000ED100BF44B900BF38A34FF4377243A104
:1027D00045A0FAF751FC00BF00BF0020BDE8F0871C
:1027E00000265EE001F0D6F9824600BFA07B0028FB
:1027F00008DC00BF2DA340F2F12245A13AA0FAF770
:102800003BFC00BF00BFA07B401E00F0FF0884F827
:102810000E80504601F0CAF9B8F1000F3FD1276889
:10282000207B00F00F05607B00F00200002814D030
:10283000A14600BFD9F81000002808D100BF1BA393
:1028400040F2FF2238A128A0FAF716FC00BF00BF13
:102850002046D9F8101088471DE0022D04D12146EA
:102860000C20FEF707FA16E0012D04D121460B20BB
:10287000FEF700FA0FE01DB92046FDF7C1FD0AE0A2
:1028800000BF00BF09A340F20F3230A116A0FAF733
:10289000F3FB00BF00BF701CC6B23C4600E0002442
:1028A00000BF002C9ED1304698E700002E2E2F4D01
:1028B0006964646C6577617265732F5468697264CA
:1028C0005F50617274792F4C7749502F7372632F68
:1028D000636F72652F706275662E63007020213DF4
:1028E000204E554C4C000000417373657274696F43
:1028F0006E2022257322206661696C6564206174F4
:10290000206C696E6520256420696E2025730A009D
:10291000706275665F667265653A20702D3E7265FD
:1029200066203E203000000070632D3E6375737496
:102930006F6D5F667265655F66756E6374696F6EF5
:1029400020213D204E554C4C00000000696E766100
:102950006C6964207062756620747970650000008F
:1029600070B50446254629460748FEF7DBF90748B7
:102970000078012806D10020044908700448006846
:10298000FFF77CF970BD000004C20108B04A0024C2
:10299000B44A002470B500BF01F0FCF805460020E1
:1029A00009490870284601F001F900BF074804688A
:1029B00006E0606F18B1204602F082FA70BDE4684C
:1029C000002CF6D100BFF9E7454B0024584B0024FA
:1029D00010B50446FFF7DEFF10BD70B504460D4686
:1029E00001222946204600F001F870BD70B5054669
:1029F0000C461646002C04DA6142284600F040F9E5
:102A000070BD324621462846FFF7CCF9F8E770B58D
:102A1000DDE90445002606604160028143810473BC
:102A20004573012686730026C67370BD70B501F02C
:102A3000B1F805460C48047801200B490870284677
:102A400001F0B4F87CB900BF0021084807F0CAFBC8
:102A500040B101F09FF80546002003490870284660
:102A600001F0A4F800BF70BD454B0024D129010836
:102A70002DE9F04106460F4600BF002E08D100BFE9
:102A80002CA34FF4CC7237A13CA0FAF7F5FA00BFA3
:102A900000BF3089B84201DCBDE8F0813089C01B3D
:102AA0001FFA80F83D46344613E06089281A85B243
:102AB0002089A0EB08002081246800BF44B900BF32
:102AC0001CA340F2AF1237A12CA0FAF7D5FA00BF31
:102AD00000BF6089A842E8DB207B00F00F000028DF
:102AE0001BD16089A84218D0607B00F0020000284A
:102AF00013D1A088001B284481B22046FDF792FF25
:102B0000044600BF44B900BF0AA340F2BD122BA186
:102B10001AA0FAF7B1FA00BF00BF65816089208171
:102B2000206810B12068FFF747FE0020206000BF3A
:102B3000B2E700002E2E2F4D6964646C65776172D8
:102B400065732F54686972645F50617274792F4C99
:102B50007749502F7372632F636F72652F706275A0
:102B6000662E6300706275665F7265616C6C6F6380
:102B70003A207020213D204E554C4C004173736526
:102B80007274696F6E2022257322206661696C65FC
:102B900064206174206C696E6520256420696E2054
:102BA00025730A00706275665F7265616C6C6F6395
:102BB0003A207120213D204E554C4C006D656D5FD3
:102BC0007472696D2072657475726E65642071200F
:102BD0003D3D204E554C4C0070B50446002C18D09D
:102BE00000BF00F0D7FF0546A07B401CA07328461D
:102BF00000F0DCFF00BF00BFA07B002808DC00BFA6
:102C000004A340F242320FA113A0FAF735FA00BF35
:102C100000BF70BD2E2E2F4D6964646C65776172A4
:102C200065732F54686972645F50617274792F4CB8
:102C30007749502F7372632F636F72652F706275BF
:102C4000662E63007062756620726566206F766519
:102C500072666C6F77000000417373657274696F00
:102C60006E2022257322206661696C656420617480
:102C7000206C696E6520256420696E2025730A002A
:102C80002DE9F04104460D4600BF44B900BF18A32A
:102C900040F24B2222A125A0FAF7EEF900BF00BFB7
:102CA00014B1B5F5803F02D30120BDE8F0810DB924
:102CB0000020FAE7AEB200BF6089B0420ADA00BF76
:102CC0000BA340F2552223A118A0FAF7D5F900BFB3
:102CD0000120EAE700BF6768606828446060608997
:102CE000801B60812089801B20810020DDE700009F
:102CF0002E2E2F4D6964646C6577617265732F5455
:102D0000686972645F50617274792F4C7749502FF3
:102D10007372632F636F72652F706275662E630026
:102D20007020213D204E554C4C00000041737365CE
:102D30007274696F6E2022257322206661696C654A
:102D400064206174206C696E6520256420696E20A2
:102D500025730A00696E6372656D656E745F6D61DF
:102D6000676E6974756465203C3D20702D3E6C650E
:102D70006E0000002DE9F041044600BF3B480068AA
:102D8000844208D200BF3AA340F2DF1244A14AA015
:102D9000FAF772F900BF00BF00BF514800688442D3
:102DA00008D300BF32A34FF4F0724EA142A0FAF74D
:102DB00063F900BF00BF00BF2079002808D000BF22
:102DC0002BA340F2E1124EA13BA0FAF755F900BF48
:102DD00000BF00BF2088B0F5C86F08D900BF24A38A
:102DE0004FF4F2724DA134A0FAF746F900BF00BFCC
:102DF000208800F0D7FD0546AC4219D02879B8B933
:102E000037480068854213D04F480068A84201D176
:102E10004D480460288820802888B0F5C86F07D006
:102E20002046FDF7F7FD0746288800F0BBFD4780E8
:102E3000608800F0B7FD0646A64215D0307998B9F3
:102E400041480068A04201D13F4806602088308098
:102E50002088B0F5C86F07D03046FDF7DBFD074688
:102E6000208800F09FFD4780BDE8F081F84A0024EB
:102E70002E2E2F4D6964646C6577617265732F54D3
:102E8000686972645F50617274792F4C7749502F72
:102E90007372632F636F72652F6D656D2E63000013
:102EA000706C75675F686F6C65733A206D656D2037
:102EB0003E3D2072616D0000417373657274696FED
:102EC0006E2022257322206661696C65642061741E
:102ED000206C696E6520256420696E2025730A00C8
:102EE000FC4A0024706C75675F686F6C65733A20EC
:102EF0006D656D203C2072616D5F656E6400000041
:102F0000706C75675F686F6C65733A206D656D2DC9
:102F10003E75736564203D3D20300000706C756720
:102F20005F686F6C65733A206D656D2D3E6E6578D8
:102F300074203C3D204D454D5F53495A455F414CFF
:102F400049474E4544000000044B00242DE9F04160
:102F500005460E461648076816480068001D07F02B
:102F600089FB681C38B936B112480168091D12483E
:102F700007F0D6FB1AE07C190E4800684460BC429A
:102F800007D20C480168091D0C48006807F0AEFB29
:102F90000CE008480168091D0948006807F0A6FB15
:102FA00008480068844201D206480460BDE8F08108
:102FB000B8490024A449002400620024AC4900243C
:102FC000A8490024D449002410B5044607F0B4FBF6
:102FD00024480068401C234908602348006840B921
:102FE000214804600846006801280DD100F016FA57
:102FF0000AE01E48006838B91B480068C06AE16AE8
:10300000884201D81848046019480068401C1849D3
:1030100008600846006860641649E06A09688842EA
:1030200002D91449E06A0860E16A01EB8101124AA1
:1030300002EB8100211D07F073FB07F0A7FB0B4893
:10304000006868B108480068C06AE16A884207D22F
:103050004FF0805009490860BFF34F8FBFF36F8F67
:1030600010BD0000B4490024A4490024C049002434
:10307000D0490024BC490024505D002404ED00E048
:1030800008B507F059FB12480068E8B9114807F085
:103090001DFB114807F01AFB0E48104908600E4846
:1030A0000F49086000200F4B0F4A102100900A20A2
:1030B00007F0ABFF064908600846006820B10BA185
:1030C0000348006807F022FC07F060FB08BD000021
:1030D000E84900241462002428620024E049002406
:1030E000E44900243C6200248C620024546D725137
:1030F0000000000010B516E007F01EFB0C48C06889
:10310000C468201D07F0B6FA0A480068401E094945
:10311000086009480068401E0749086007F036FB50
:10312000204600F05FF8044800680028E4D110BD94
:10313000EC610024B4490024B049002470B5044671
:103140000D46206C70B1216CE0680144E160D4E967
:103150000210884201D32168E1602846226CE168B0
:10316000EDF760F970BD2DE9F04104460F461546B4
:103170004FF00008A66B206C48B9206800282CD1BD
:10318000A06808F0A1FD80460020A06025E07DB980
:103190003946226C6068EDF745F9216C6068084497
:1031A0006060D4E90101884217D32068606014E0B0
:1031B0003946226CE068EDF735F9216CE068411A78
:1031C000E1602168E068884203D2216CA068411A5E
:1031D000E160022D01D106B1761E701CA06340464D
:1031E000BDE8F08110B5044694F8590030B9206B61
:1031F00007F0EAFA204607F0E7FA1AE094F85900D7
:10320000012803D1204607F0DFFA12E094F85900B4
:10321000022801D1012000E0002050B900BF502059
:1032200080F31188BFF34F8FBFF36F8F00BF00BFD4
:10323000FEE710BD01464A6A22B10A6B1268C2F16C
:10324000380000E0002070470146084A1268126802
:103250000AB9012200E000220A600A6822B9034A82
:103260001268D268106800E000207047E04900242E
:1032700030B54FF47053174800F007042CB1C01D4F
:1032800020F00700134C041B1B1B0246124C22604B
:103290000024114D6C60D018083820F007000F4C46
:1032A000206000240D4D2D686C600C4D2D682C6045
:1032B0001146441A4C60094C24680C60084D4C6857
:1032C0002C60084D4C682C604FF00044064D2C607B
:1032D00030BD0000E4690024F8490024004A0024BD
:1032E000084A0024044A0024144A002400BFFFF7BF
:1032F00001FF064800680128F9D94FF080500449C1
:103300000860BFF34F8FBFF36F8FF0E7505D00246D
:1033100004ED00E010B5044654B10020A060206028
:103320000021E16000231A461946204607F02AFFD3
:1033300010BD2DE9F04106460D4617469846069CFD
:103340000DB9246000E02760E66325640121204672
:1033500007F0CCFE84F84C80BDE8F0812DE9F05FE9
:1033600082460E4690469B460A9F0C9C4FEA880177
:10337000A522206BEDF776F8A8F10100216B01EB97
:10338000800929F0070909F0070008B9012000E0C9
:10339000002050B900BF502080F31188BFF34F8F39
:1033A000BFF36F8F00BF00BFFEE786B1002507E0C7
:1033B000715D04F134004155705D00B902E06D1C8F
:1033C000102DF5D300BF00214320015502E000205D
:1033D00084F83400382F00D33727E762E7640020F1
:1033E0002065201D07F07FF904F1180007F07BF934
:1033F0002461C7F13800A06164620020606584F830
:1034000058005A465146484600F08AFB20600B9807
:1034100008B10B980460BDE8F09F000010B50024CF
:1034200007E004EB84010F4A02EB810007F04EF93C
:10343000641C382CF5D30C4807F048F90B4807F00A
:1034400045F90B4807F042F90A4807F03FF90A48E6
:1034500007F03CF904480949086004480849086035
:1034600010BD0000505D0024B0610024C461002440
:10347000D8610024EC61002400620024A8490024E3
:10348000AC49002410B50146164800E00068036806
:103490008B42FBD30246436813448B4204D14368FA
:1034A0004C682344436001460A464B681344046851
:1034B000A34211D10C4C03682468A34208D04B6886
:1034C0000468646823444B6003681B680B6005E074
:1034D000054B1B680B6001E003680B60884200D05D
:1034E000016010BDF8490024004A00242DE9F04194
:1034F00004460D4616461F464FF0000865602461DD
:10350000B5420CD8F01BA169884202D34FF00108E4
:1035100011E0211D0948006807F0E8F80BE0BE4201
:1035200004D2BD4202D34FF0010804E0211D04483B
:10353000006807F0DBF84046BDE8F081E44900246C
:10354000E049002470B5054607F0F6F8A86B08B905
:10355000012400E0002407F019F9204670BD70B581
:10356000054607F0E9F8A86BE96B884201D1012410
:1035700000E0002407F00AF9204670BDF8B50546C2
:103580000F461A480068C068C468201D07F072F82A
:1035900094F8280000F00400E8B1A06941192B4616
:1035A0003A462046FFF7A2FFD8B1002003462A463C
:1035B00001460090204608F035FD064656B900BF8A
:1035C000502080F31188BFF34F8FBFF36F8F00BF80
:1035D00000BFFEE705E094F8280020F0010084F821
:1035E00028002046216A8847F8BD0000E0490024F1
:1035F000F0B587B0A0E00398002811DA04AE56B900
:1036000000BF502080F31188BFF34F8FBFF36F8F3F
:1036100000BF00BFFEE7D6E90020B168904700BFB9
:1036200003980028E6DB059C606908B9012000E0EA
:10363000002010B9201D07F01DF802A800F0DEF8E8
:10364000054603980A2875D2DFE800F00905073916
:10365000416306083A4200BF00BF00BF00BF94F8B4
:10366000280040F0010084F828000498A26981181D
:1036700003462A462046FFF739FFF8B12046216A63
:10368000884794F8280000F00400B8B100200090AA
:103690000498A169421800231946204608F0C2FC8C
:1036A000074657B900BF502080F31188BFF34F8FF2
:1036B000BFF36F8F00BF00BFFEE700BF3BE000BF5E
:1036C00094F8280020F0010084F8280033E000BFBF
:1036D00094F8280040F0010084F828000498A061C4
:1036E000A06908B1012000E0002050B900BF5020BF
:1036F00080F31188BFF34F8FBFF36F8F00BF00BF00
:10370000FEE7A06941192B462A462046FFF7EEFE48
:1037100011E094F8280000F0020018B9204607F0E4
:1037200053F805E094F8280020F0010084F8280000
:1037300001E0FFE700BF00BF002203A904480068C2
:1037400007F006FF00287FF456AF07B0F0BD000079
:10375000E8490024F8B505460C4607F085FA6846A6
:1037600000F04CF80646009820BB44B9B54206D894
:1037700008F09AFB31462846FFF700FF1CE03CB1F9
:103780000E480068006808B9012000E000200446E7
:10379000A91B22460A48006807F000F908F084FBDC
:1037A00050B94FF0805007490860BFF34F8FBFF307
:1037B0006F8F01E008F078FBF8BD0000E4490024B9
:1037C000E849002404ED00E00A490968096809B9DC
:1037D000012100E0002121B14FF0FF31064A1160C4
:1037E00006E004490968C968C868034A416811606D
:1037F00070470000A8490024D449002470B504464D
:1038000008F0B0F9054607480068854204D200F088
:103810000BF80120206001E00020206001480560D5
:10382000284670BDF04900242DE9F84334E02548CE
:103830000068C068056823480068C068C468201D27
:1038400006F018FF2046216A884794F8280000F007
:10385000040008B3A0694619AE4207D96660246126
:10386000211D1848006806F041FF15E000200346BE
:103870002A4601460090204608F0D4FB074657B977
:1038800000BF502080F31188BFF34F8FBFF36F8FBD
:1038900000BF00BFFEE700BF0A480068006808B923
:1038A000012000E000200028C1D00648D0F80080A8
:1038B00005480068034908600348C0F80080BDE877
:1038C000F8830000E0490024E44900240E48006821
:1038D000401C08B9012000E0002050B900BF502072
:1038E00080F31188BFF34F8FBFF36F8F00BF00BF0E
:1038F000FEE700BF502080F31188BFF34F8FBFF366
:103900006F8F00BF00BFFEE7184A002408B500BF54
:103910006846FFF799FC044620460099FFF71AFF16
:10392000FFF766FEF4E770B5044606F005FF94F96C
:10393000455010E0606A08B9012000E0002038B965
:1039400004F1240008F064FA18B107F087F800E0E9
:1039500003E0681E45B2002DECDC00BFFF2084F8B8
:10396000450006F013FF06F0E7FE94F9445010E01E
:10397000206908B9012000E0002048B904F11000D6
:1039800008F046FA08B107F069F8681E45B200E091
:1039900001E0002DECDC00BFFF2084F8440006F0BD
:1039A000F5FE70BD014602480068084470470000FB
:1039B000F84A00242DE9F04104464FF0000807F0D2
:1039C00053F94948006808B9FFF752FC47480068B6
:1039D0002040002870D1D4B1083404F00700B0B101
:1039E00004F00700C0F10800044404F0070008B91F
:1039F000012000E0002050B900BF502080F3118862
:103A0000BFF34F8FBFF36F8F00BF00BFFEE7002CE7
:103A100052D03748006884424ED8364E304605684A
:103A200001E02E462D686868A04202D2286800286E
:103A3000F7D12D48006885423ED0306800F1080873
:103A4000286830606868001B102819D92F1907F002
:103A5000070008B9012000E0002050B900BF502045
:103A600080F31188BFF34F8FBFF36F8F00BF00BF8C
:103A7000FEE76868001B78606C603846FFF702FD5F
:103A80001B4968680968081A1949086008460068EF
:103A900019490968884203D2154800681649086028
:103AA0001249686809680843686000202860134864
:103AB0000068401C1149086008F0F6F908F007009A
:103AC00008B9012000E0002050B900BF502080F369
:103AD0001188BFF34F8FBFF36F8F00BF00BFFEE7AA
:103AE0004046BDE8F0810000004A0024144A00244A
:103AF000044A0024F8490024084A00240C4A0024FF
:103B00000648006830B10549096801F15000096DA7
:103B1000491C01600148006870470000A449002466
:103B2000001F4FF080730360001F21F0010303604A
:103B3000001F054B036014380260001F6FF0020382
:103B40000360203870470000CD3801082DE9F041AE
:103B5000044688461546FDF720FE07467DB12B46F4
:103B6000002241462068FDF76BFE064626B9FDF7A8
:103B700014FEC01BBDE8F0814FF0FF30FAE74FF0B4
:103B8000FF33002241462068FDF75AFEFDF705FE8F
:103B9000C01BEFE710B54FF0FF3103480068FDF799
:103BA0001FFF012010BD0000B44B002410B50446D7
:103BB00002480068FDF79EFF10BD0000B44B0024D2
:103BC0002DE9F04100F071F8074600BF0F48046886
:103BD0000CB9BDE8F0816068381AB0F1004F01D32C
:103BE000012000E0002000B1F3E7084920680860E8
:103BF000A568E66806496068086021460A20FDF766
:103C000039F80DB13046A847E0E70000904B00249A
:103C1000944B002410B50020FDF713FF0149086004
:103C200010BD0000B44B002470B504460D460022C0
:103C300004212846FDF744FE2060206810B94FF0AB
:103C4000FF3070BD0020FCE773B5054600231A461F
:103C500001A92868FDF782FE08B9002401E04FF0B1
:103C6000FF3420467CBD0146086808B90020704733
:103C70000120FCE710B504464FF0FF312068FDF746
:103C8000AFFE10BD10B504460020FDF7DAFE20603F
:103C9000206810B94FF0FF3010BD0020FCE710B5D0
:103CA00004462068FDF726FF10BD10B5F1F758FD5A
:103CB00010BD2DE9F0418AB004460D4616461F4658
:103CC000DDF84080242101A8ECF7D3FB019406978E
:103CD000CDF81C8001AA31462846FDF7FDFF0AB049
:103CE000BDE8F0812DE9F04104460E46174600BFBD
:103CF000B4F1804F08D300BF09A340F2291215A1E7
:103D000022A0F9F7B9F900BF00BFFFF7CEFF0519F0
:103D10003A463146284600F04DF8BDE8F0810000F3
:103D20002E2E2F4D6964646C6577617265732F5414
:103D3000686972645F50617274792F4C7749502FB3
:103D40007372632F636F72652F74696D656F75741D
:103D5000732E630054696D656F75742074696D65A9
:103D600020746F6F206C6F6E672C206D61782069F6
:103D700073204C5749505F55494E5433325F4D4183
:103D8000582F34206D7365637300000041737365B1
:103D90007274696F6E2022257322206661696C65DA
:103DA00064206174206C696E6520256420696E2032
:103DB00025730A002DE9F04106460F4690460A2079
:103DC000FDF726F80446002C0CD100BF07D100BF38
:103DD00020A3BE222CA13CA0F9F74EF900BF00BFE2
:103DE000BDE8F08100202060A760C4F80C80666008
:103DF0003F48006810B93E480460F1E73C496068FC
:103E000009684968401AB0F1004F01D3012000E071
:103E1000002028B13648006820603548046017E06B
:103E20003348056811E0286850B16068296849681E
:103E3000401AB0F1004F01D3012000E0002018B17A
:103E4000286820602C6002E02D68002DEBD100BFB7
:103E500000BFC5E72E2E2F4D6964646C65776172D3
:103E600065732F54686972645F50617274792F4C66
:103E70007749502F7372632F636F72652F74696D6A
:103E8000656F7574732E63007379735F74696D6504
:103E90006F75743A2074696D656F757420213D20CB
:103EA0004E554C4C2C20706F6F6C204D454D505F23
:103EB0005359535F54494D454F55542069732065FC
:103EC0006D70747900000000417373657274696FDE
:103ED0006E2022257322206661696C6564206174FE
:103EE000206C696E6520256420696E2025730A00A8
:103EF000904B002410B5012408E0064901EBC402F0
:103F000051F834000449FFF7EDFE641C032CF4D390
:103F100010BD00003CC30108FD00010870B5154844
:103F2000006810B94FF0FF3070BDFFF7BEFE0446C9
:103F3000104800684068001BB0F1004F01D3012019
:103F400000E0002008B10020EEE70A480068406861
:103F5000051B00BFB5F1004F08D300BF06A34FF407
:103F6000DC7212A116A0F9F787F800BF00BF28463F
:103F7000DAE70000904B00242E2E2F4D6964646C0C
:103F80006577617265732F54686972645F506172FE
:103F900074792F4C7749502F7372632F636F72655A
:103FA0002F74696D656F7574732E6300696E766129
:103FB0006C696420736C65657074696D65000000E0
:103FC000417373657274696F6E20222573222066B7
:103FD00061696C6564206174206C696E652025647C
:103FE00020696E2025730A002DE9FF5F04460E4606
:103FF00000BF002C0AD100BF42A340F23D224DA1D8
:1040000053A0F9F739F800BFBDE8FF9F00BF00BF1C
:10401000207D012808D100BF3AA34FF4107256A1A9
:104020004BA0F9F729F800BF00BF207D0A2807D16F
:1040300021465E4802F068FE204600F0FBFD5FE08E
:104040004FF0000AD346276DD4F82480D4F890505E
:10405000D4F81090207DE8B9E08A38B300BF544806
:104060000068A04205D152480068C0685049086005
:104070000DE04F49086806E0C168A14202D1E1683D
:10408000C16002E0C0680028F6D100BF00BF002078
:10409000E0600BE0B246B4F816B000BF21464548D8
:1040A00002F032FE01204449087000BF206F10B1B9
:1040B000206F04F028FEE06E10B1E06E04F023FEE5
:1040C000606F10B1606F04F01EFEBAF1000F0AD0ED
:1040D000208B211D23464246CDE9001B0290394624
:1040E000204604F015FD207D0390204600F0A2FD3F
:1040F00000BF1DB16FF00C014846A84700BF00BFCC
:1041000000BF81E72E2E2F4D6964646C6577617264
:1041100065732F54686972645F50617274792F4CB3
:104120007749502F7372632F636F72652F746370BA
:104130002E6300007463705F6162616E646F6E3A3B
:1041400020696E76616C6964207063620000000013
:10415000417373657274696F6E2022257322206625
:1041600061696C6564206174206C696E65202564EA
:1041700020696E2025730A00646F6E2774206361C6
:104180006C6C207463705F61626F72742F74637003
:104190005F6162616E646F6E20666F72206C69731E
:1041A00074656E2D70636273000000005C4B002428
:1041B000504B0024584B0024604B002410B504469B
:1041C00001212046FFF710FF10BD000070B5054625
:1041D0000120FCF71DFE04461CBB00F09FFE01F011
:1041E0004DFC0120FCF714FE0446CCB9092001F077
:1041F000DDFB0120FCF70CFE044684B9082001F029
:10420000D5FB0120FCF704FE04463CB9284601F02A
:1042100099FB0120FCF7FCFD044600BF00BF00BF76
:1042200000BF44B39C212046ECF723F90C3465729F
:104230004FF48660A4F858004000E083A083FF207C
:1042400004F8010C4FF40670E0840620A086608616
:10425000C01FA0840120A08708480068606108484A
:104260000078A0744FF48660E0870648A06706488F
:10427000C4F888000C3C204670BD00004C4B002464
:10428000624B0024D583010800DD6D0010B50446A3
:1042900000BF002C0BD100BF0CA34FF4F47217A188
:1042A0001CA0F8F7E9FE00BF6FF00F0010BD00BFC3
:1042B000207D012805D000BF608B40F01000608396
:1042C00000BF0121204600F039F8EFE72E2E2F4DD8
:1042D0006964646C6577617265732F546869726490
:1042E0005F50617274792F4C7749502F7372632F2E
:1042F000636F72652F7463702E6300007463705F68
:10430000636C6F73653A20696E76616C69642070C6
:1043100063620000417373657274696F6E202225B9
:104320007322206661696C6564206174206C696E1B
:104330006520256420696E2025730A003EB5044679
:104340000D4600BF002C08D100BF55A34FF4AF723B
:104350005FA167A0F8F790FE00BF00BF002D56D008
:10436000207D042802D0207D072850D1A06F18B9E5
:10437000208DB0F5066F4AD000BFA07E00F010007F
:1043800040B900BF46A34FF4B27263A158A0F8F73A
:1043900073FE00BF00BF208BE18A221DCDE9002102
:1043A000029023462046626A216D04F0B1FB20464C
:1043B00002F03CFC00BF00BF5E480068A04205D18F
:1043C0005C480068C0685B4908600DE059490868AE
:1043D00006E0C168A14202D1E168C16002E0C068A4
:1043E0000028F6D100BF00BF0020E06000BF012020
:1043F0005149087000BF51480068A04202D105F041
:1044000071FB02E0204600F015FC00203EBD207D3F
:1044100020B1012824D002283AD12CE0E08AD8B17A
:1044200000BF47480068A04205D145480068C06801
:10443000434908600DE04249086806E0C168A142AE
:1044400002D1E168C16002E0C0680028F6D100BF77
:1044500000BF0020E06000BF204600F0EBFB1BE047
:10446000204601F029FB2146364802F04DFC20464B
:1044700000F0D8FC10E000BF21462E4802F044FCBA
:1044800001202D49087000BF204600F0D3FB03E057
:10449000204600F059F8B9E700BF0020B6E7000059
:1044A0002E2E2F4D6964646C6577617265732F548D
:1044B000686972645F50617274792F4C7749502F2C
:1044C0007372632F636F72652F7463702E630000C5
:1044D0007463705F636C6F73655F73687574646F2A
:1044E000776E3A20696E76616C6964207063620051
:1044F000417373657274696F6E2022257322206682
:1045000061696C6564206174206C696E6520256446
:1045100020696E2025730A007063622D3E666C610F
:10452000677320262054465F5258434C4F534544EE
:1045300000000000584B0024604B00248C4B0024EA
:10454000504B0024544B002470B5054600BF45B9BC
:1045500000BF1EA34FF4CE7228A12BA0F8F78CFD4C
:1045600000BF00BF287D032804D004280AD00728F4
:1045700018D10FE0284604F073FC04460CB905205E
:10458000287511E0284604F06BFC04460CB90520A0
:10459000287509E0284604F063FC04460CB909209C
:1045A000287501E0002070BD00BF1CB9284601F04D
:1045B00063FD09E0601C38B900BF688B40F008005B
:1045C000688300BF0020EEE72046ECE72E2E2F4D3B
:1045D0006964646C6577617265732F54686972648D
:1045E0005F50617274792F4C7749502F7372632F2B
:1045F000636F72652F7463702E63000070636220B6
:10460000213D204E554C4C00417373657274696FA7
:104610006E2022257322206661696C6564206174B6
:10462000206C696E6520256420696E2025730A0060
:104630002DE9F05F80460D4691469A460A9F00BFDD
:10464000B8F1000F07D100BF40A3A3224CA154A092
:10465000F8F712FD00BF00BF00BF002D07D100BF5B
:104660003AA3A42258A14EA0F8F706FD00BF00BF50
:1046700007F0010008B1042000E0002007F002016B
:1046800009B1002100E00021084407F0080109B148
:10469000002100E00021084407F0100109B10021C9
:1046A00000E0002146180320FCF7B2FB041E05D1F0
:1046B0002846FEF781F80020BDE8F09FA772002091
:1046C0002060656000BF2889B04207DA00BF1FA3E1
:1046D000B02246A132A0F8F7CFFC00BF00BF288966
:1046E000801B208114212846FDF752FB20B1204673
:1046F00004F0FCFA0020DFE760684068E060B8F88A
:104700001600FBF730FDE1680880B8F81800FBF7E9
:104710002AFDE16848805046FBF718FDE1684860D3
:10472000B346F11706EB91718910491D4FF6FF72E0
:1047300002EA013141EA0900FBF715FDE1688881D1
:104740000020E16848822046B6E700002E2E2F4D5B
:104750006964646C6577617265732F54686972640B
:104760005F50617274792F4C7749502F7372632FA9
:10477000636F72652F7463705F6F75742E630000D2
:104780007463705F6372656174655F7365676D659F
:104790006E743A20696E76616C69642070636200A1
:1047A000417373657274696F6E20222573222066CF
:1047B00061696C6564206174206C696E6520256494
:1047C00020696E2025730A007463705F63726561EF
:1047D00074655F7365676D656E743A20696E7661A6
:1047E0006C6964207062756600000000702D3E7474
:1047F0006F745F6C656E203E3D206F70746C656EEB
:10480000000000002DE9F04106460D46174600BFA6
:10481000002F08D100BF10A340F6C5021AA124A0A2
:10482000F8F72AFC00BF00BF15B93046BDE8F0819B
:10483000AC8C74B12820844202DD211A89B200E0D8
:1048400000218846464501DA314600E041460E46E1
:1048500000BF3046EAE700002E2E2F4D6964646CDD
:104860006577617265732F54686972645F50617215
:1048700074792F4C7749502F7372632F636F726571
:104880002F7463702E6300007463705F6566665FEB
:1048900073656E645F6D73735F6E657469663A20ED
:1048A000696E76616C6964206473745F697000007E
:1048B000417373657274696F6E20222573222066BE
:1048C00061696C6564206174206C696E6520256483
:1048D00020696E2025730A002DE9F84304460D4631
:1048E0000027B94600BF05F0030040B900BF60A330
:1048F00040F211426B496CA0F8F7BEFB00BF00BF4D
:1049000000BF002C08D100BF59A340F2134270A190
:1049100065A0F8F7B1FB00BF00BF05F0020000B1D1
:10492000012707F0010008B1042000E0002007F093
:10493000020109B1002100E00021084407F008014C
:1049400009B1002100E00021084407F0100109B17D
:10495000002100E0002100EB01094FF420724946DC
:104960003620FDF793FAB0F1000809D100BF608B43
:1049700040F08000608300BF4FF0FF30BDE8F88357
:1049800000BFB8F80A00484508DA00BF38A340F273
:10499000394257A144A0F8F76FFB00BF00BF009752
:1049A0002A4641462046E36DFFF742FE061E07D128
:1049B00000BF608B40F08000608300BF701EDDE7A9
:1049C00000BF307B00F0030040B100BF28A340F2DD
:1049D000424256A134A0F8F74FFB00BF00BF00BF12
:1049E000308940B100BF22A340F2434255A12EA01E
:1049F000F8F742FB00BF00BFE06E08B9E66607E0CB
:104A0000E06E00E0006801680029FBD1066000BF8D
:104A10000020A4F8680005F0020010B905F00100BC
:104A200010B1E06D401CE06505F0010028B100BF49
:104A3000608B40F02000608300BF7068FDF7A6FC2B
:104A400034F8661F0844208034F8660970B100BF4E
:104A5000206F50B9E06E40B900BF05A340F2654237
:104A600043A111A0F8F708FB00BF00BF002085E7B5
:104A70002E2E2F4D6964646C6577617265732F54B7
:104A8000686972645F50617274792F4C7749502F56
:104A90007372632F636F72652F7463705F6F7574C9
:104AA0002E63000064C40108417373657274696FFA
:104AB0006E2022257322206661696C656420617412
:104AC000206C696E6520256420696E2025730A00BC
:104AD0007463705F656E71756575655F666C61673F
:104AE000733A20696E76616C6964207063620000BD
:104AF0007463705F656E71756575655F666C61671F
:104B0000733A20636865636B20746861742066691A
:104B100072737420706275662063616E20686F6CBA
:104B200064206F70746C656E000000007365672D03
:104B30003E746370686472206E6F7420616C696784
:104B40006E6564007463705F656E71756575655F31
:104B5000666C6167733A20696E76616C6964207374
:104B600065676D656E74206C656E67746800000023
:104B70007463705F656E71756575655F666C61679E
:104B8000733A20696E76616C69642071756575652C
:104B9000206C656E6774680070B523480078401C0F
:104BA0002149087000BF2148046839E0A07F1E49F0
:104BB0000978884233D01C480078A077A07E00F0A6
:104BC000010078B100BF608B40F00200608300BF3D
:104BD000204601F051FA00BF608B4FF6FC7108408F
:104BE000608300BFA07E00F0080048B100BF608B6A
:104BF0004FF6F7710840608300BF2046FFF7A4FC22
:104C0000E568A06F48B1002009490870204602F00D
:104C100009FD0748007800B1C5E72C4600E0E468CC
:104C2000002CC3D170BD0000624B0024584B0024FF
:104C3000604B002410B5044600BF207D012807D139
:104C400000BF06A3D42211A115A0F8F715FA00BFE2
:104C500000BF21460120FCF70DF810BD2E2E2F4D70
:104C60006964646C6577617265732F5468697264F6
:104C70005F50617274792F4C7749502F7372632F94
:104C8000636F72652F7463702E6300007463705FCE
:104C9000667265653A204C495354454E0000000049
:104CA000417373657274696F6E20222573222066CA
:104CB00061696C6564206174206C696E652025648F
:104CC00020696E2025730A002DE9F04705460C4641
:104CD0009146984635E0264624687068FDF756FBF5
:104CE000074600BFB5F86600B84208DA00BF22A345
:104CF00040F257422DA137A0F8F7BEF900BF00BF20
:104D000035F8660FC01B288030893C490988084463
:104D10003A490880304603F0E9FF35F86609002873
:104D20000FD000BF002C0BD1B8F1000F08D100BF8D
:104D300011A340F2614232A126A0F8F79DF900BF0D
:104D400000BFB4B1E1684868FBF700FA8246E16849
:104D50008889FBF708FA00F0030008B1012000E0A1
:104D600000202189084450442D490968401A002830
:104D7000B1DD2046BDE8F0872E2E2F4D6964646CAE
:104D80006577617265732F54686972645F506172F0
:104D900074792F4C7749502F7372632F636F72654C
:104DA0002F7463705F696E2E630000007063622D64
:104DB0003E736E645F71756575656C656E203E3D12
:104DC00020706275665F636C656E286E6578742D01
:104DD0003E702900417373657274696F6E202225DD
:104DE0007322206661696C6564206174206C696E51
:104DF0006520256420696E2025730A00804B0024FD
:104E00007463705F726563656976653A2076616C7C
:104E10006964207175657565206C656E67746800DE
:104E20007C4B002410B5044600BF207D012807D12B
:104E300000BF06A3DF2211A117A0F8F71DF900BFDC
:104E400000BF21460220FBF715FF10BD2E2E2F4D6F
:104E50006964646C6577617265732F546869726404
:104E60005F50617274792F4C7749502F7372632FA2
:104E7000636F72652F7463702E6300007463705FDC
:104E8000667265655F6C697374656E3A20214C4982
:104E90005354454E00000000417373657274696F8E
:104EA0006E2022257322206661696C65642061741E
:104EB000206C696E6520256420696E2025730A00C8
:104EC00010B50446606F20B1606F03F01CFF002036
:104ED000606710BD0D4801880088401C0B4A108097
:104EE0000B48006818B10B480088814205DA0A486F
:104EF000006800F11402505C704706480078081AF8
:104F0000C2B203480068805CF6E70000744B0024DE
:104F1000704B00246E4B0024684B002470B50B4886
:104F2000046810E0E568A07E00F0080048B100BF0A
:104F3000608B4FF6F7710840608300BF2046FFF793
:104F400003FB2C4600BF002CECD170BD584B002455
:104F500010B5EBF755FAC0F30D0000F540400149DC
:104F6000088010BD484B00242DE9FE4F05468B46B6
:104F700000BF002D07D100BFE2A38322EEA1F4A061
:104F8000F8F77AF800BF00BFFB49686808606889D5
:104F9000142800DAC8E3F94A11685069F9F7F8FDF6
:104FA00028B9F648007D00F0F000E02800D1BBE30E
:104FB000F14909688889FBF7D6F800138700142F98
:104FC00002DB2889B84200DAAEE3A7F11400EC490D
:104FD00008800020EB4908606889B84208DBE8488F
:104FE0000088E949088039462846FDF749FE4AE02D
:104FF00000BF286838B900BFC2A3C222E3A1D4A071
:10500000F8F73AF800BF00BF14212846FDF738FE34
:105010006889DD490880DA4800880988401A1FFA43
:1050200080FAD94801882846FDF72AFE2868408979
:10503000504500DA78E328684068D2490860514654
:105040002868FDF71DFE2889A0EB0A00288100BF13
:10505000688938B100BFABA3DF22D0A1BCA0F8F7AC
:105060000BF800BF00BF00BF288929680989884262
:1050700007D000BFA3A3E022CBA1B5A0F7F7FCFFA8
:1050800000BF00BF00BFBC4909680888FBF76BF888
:10509000B94909680880B84909684888FBF763F886
:1050A000B54909684880B44909684868FBF74EF873
:1050B000B14909684860C4490860AF49096888680F
:1050C000FBF744F8AC4909688860C0490860AA4900
:1050D0000968C889FBF747F8A7490968C881A64944
:1050E00009688889FBF73FF800F03F00B84908706D
:1050F0002889B8490880B648007800F0030040B11C
:1051000008460088401C088028890988884200DDFC
:105110000AE34FF00009B048046873E000BF207D47
:1051200038B900BF77A3FB22ACA189A0F7F7A4FF91
:1051300000BF00BF00BF207D0A2807D100BF71A3B8
:10514000FC22B0A182A0F7F797FF00BF00BF00BF0D
:10515000207D012807D100BF6AA3FD22B4A17CA055
:10516000F7F78AFF00BF00BF207A50B1217A834849
:10517000406890F83000401CC0B2814201D0A14686
:105180003FE0208B7C4909680988884237D1E08A52
:10519000794909684988884231D178496068096944
:1051A00088422CD1754920684969884227D100BFBF
:1051B000E068A04208D100BF52A340F20D12A6A1A0
:1051C00063A0F7F759FF00BF00BFB9F1000F07D088
:1051D000E068C9F80C0080480068E0607E48046020
:1051E00000BFE068A04208D100BF46A340F21512FC
:1051F000A4A157A0F7F740FF00BF00BF04E0A146FD
:1052000000BFE468002C89D100BF002C78D1A848E9
:10521000046839E000BF207D0A2808D000BF39A308
:1052200040F21F12A3A14AA0F7F726FF00BF00BF5C
:10523000207A48B1217A5148406890F83000401CEB
:10524000C0B2814200D01EE0208B4B49096809881A
:10525000884217D1E08A484909684988884211D1B3
:1052600046496068096988420CD144492068496907
:10527000884207D1204604F081FB2846FDF79CFABE
:10528000BDE8FE8F00BFE468002CC3D1A14695485D
:1052900006681FE0307A50B1317A3848406890F89B
:1052A0003000401CC0B2814201D0B14611E0F08A0A
:1052B000314909684988884209D1304930684969CB
:1052C000884200D108E00EB1306800B904E0B14670
:1052D00000BFF668002EDDD100BF8EB1B9F1000F1E
:1052E00007D0F068C9F80C007E480068F0607D487F
:1052F0000660304600F04AFC2846FDF75DFABFE73D
:10530000F2E000002E2E2F4D6964646C65776172A7
:1053100065732F54686972645F50617274792F4CA1
:105320007749502F7372632F636F72652F746370A8
:105330005F696E2E630000007463705F696E707544
:10534000743A20696E76616C6964207062756600DB
:10535000417373657274696F6E2022257322206613
:1053600061696C6564206174206C696E65202564D8
:1053700020696E2025730A00684B002444A700248E
:105380006C4B0024704B00246E4B0024702D3E6E3D
:1053900065787420213D204E554C4C00702D3E6C9C
:1053A000656E203D3D203000702D3E746F745F6C43
:1053B000656E203D3D20702D3E6E6578742D3E74E7
:1053C0006F745F6C656E0000784B00247C4B00248A
:1053D000844B0024824B0024584B00247463705F7C
:1053E000696E7075743A20616374697665207063C4
:1053F000622D3E737461746520213D20434C4F53F0
:10540000454400007463705F696E7075743A206182
:105410006374697665207063622D3E737461746590
:1054200020213D2054494D452D574149540000004D
:105430007463705F696E7075743A20616374697625
:1054400065207063622D3E737461746520213D2078
:105450004C495354454E00007463705F696E70751B
:10546000743A207063622D3E6E65787420213D2071
:1054700070636220286265666F726520636163688D
:10548000652900007463705F696E7075743A2070EE
:1054900063622D3E6E65787420213D20706362202A
:1054A0002861667465722063616368652900000085
:1054B0005C4B00247463705F696E7075743A20549D
:1054C000494D452D57414954207063622D3E7374F8
:1054D000617465203D3D2054494D452D5741495447
:1054E00000000000544B0024002C73D00020914990
:1054F000086028890881084645608F480068C860B0
:1055000000208E4908608E4908708E4908808E48B8
:10551000007800F0080018B1687B40F00100687363
:10552000A06F80B1204602F07DF80D3028B1A06F49
:1055300048B186480088002805DD608D10B92046F6
:1055400003F0EEFBBCE082480460204601F0C8FC9A
:10555000804608F10D00002816D07948007800F048
:10556000080090B100BFD4F8900028B16FF00D0191
:10557000D4F890202069904700BF2146754801F07B
:10558000C3FB2046FFF756FB99E04FF000086D483B
:105590000088002819DD6B48B0F800A000BFD4F8DF
:1055A000800038B152462146D4F8803020699847AF
:1055B000804601E04FF0000800BF08F10D0000B97F
:1055C0007EE000205F49088000BF204600F0D8F848
:1055D00008B175E084E059480068A8B300BFA06F27
:1055E00050B100BFAFF2E4234FF4F3725AA1AFF20F
:1055F000A020F7F741FD00BF00BFA07E00F0100023
:1056000038B14E480068FDF7D7F82046FEF7D6FDC2
:1056100056E000BFD4F8840048B100234749D4F8CD
:1056200084C020690A682146E047804607E00023DD
:10563000424821460268184602F0CCFE804600BF70
:1056400008F10D0008B93BE005E0B8F1000F02D009
:105650003A480068A0673A48007800F0200018B384
:10566000A06F30B1A06F407B40F02000A16F487365
:105670001AE0208DB0F5066F02D0208D401C2085E9
:1056800000BFD4F8840040B100231A462146D4F864
:1056900084C02069E047804601E04FF0000800BF69
:1056A00008F10D0000B90BE00020294908602046F0
:1056B00000F066F800B103E0204600F0DDFC00BF1A
:1056C0000020234908601D4908601A48406840B31B
:1056D00018494868FDF770F800201649486020E036
:1056E000154909688889FAF73EFD00F00400A8B959
:1056F0001148006800881049096849881D4ACDE9A9
:10570000002102901C480068104909884218194B72
:105710001B1D1A480168002003F0FAF92846FDF71E
:105720004BF800BF00BFABE52846FDF745F800BFCA
:10573000A6E50000E8D70024684B0024884B00242D
:10574000854B0024804B0024844B0024824B002492
:105750008C4B0024584B00247063622D3E726566AA
:10576000757365645F64617461203D3D204E554CE6
:105770004C00000054A70024784B00247C4B0024EC
:1057800010B5044600BF002C08D100BF13A340F29F
:105790005A221FA128A0F7F76FFC00BF00BF3048B6
:1057A000007800F01000B8B1A07E00F0100050B9F1
:1057B00000BFD4F8900028B16FF00E01D4F890200B
:1057C0002069904700BF2146264801F09DFA2046F7
:1057D000FFF730FA012010BD0020FCE72E2E2F4DE0
:1057E0006964646C6577617265732F54686972646B
:1057F0005F50617274792F4C7749502F7372632F09
:10580000636F72652F7463705F696E2E63000000B2
:105810007463705F696E7075745F64656C617965DF
:10582000645F636C6F73653A20696E76616C69645E
:105830002070636200000000417373657274696FC9
:105840006E2022257322206661696C656420617474
:10585000206C696E6520256420696E2025730A001E
:10586000854B0024584B00242DE9F04104460026C6
:1058700000BF002C08D100BF14A340F6240220A1D1
:1058800026A0F7F7F9FB00BF00BF216D481EFAF70D
:105890005DFC8046434600223146204600F09EFDD6
:1058A00005461DB94FF0FF30BDE8F08133460022B8
:1058B0002946204600F010FF231D22462946204697
:1058C00000F08CFE07463846EEE700002E2E2F4DE6
:1058D0006964646C6577617265732F54686972647A
:1058E0005F50617274792F4C7749502F7372632F18
:1058F000636F72652F7463705F6F75742E63000041
:105900007463705F6B656570616C6976653A206978
:105910006E76616C69642070636200004173736528
:105920007274696F6E2022257322206661696C652E
:1059300064206174206C696E6520256420696E2086
:1059400025730A002DE9F04107467F2F01DD7F20F6
:1059500000E0384606460EB9BDE8F081701EC6B2BA
:105960004FF0000800250F48046813E0607DB04246
:1059700008DB607DB0420CD10B49206A0968081A27
:10598000404506D30849206A0968A1EB000825466E
:10599000667DE468002CE9D115B12846FEF70EFCBF
:1059A00000BFD9E7584B00244C4B00242DE9F041AF
:1059B000054600BF082D0AD0092D08D000BF13A34B
:1059C00040F2DD621DA121A0F7F756FB00BF00BF2A
:1059D00000270026274804680EE0207DA8420AD14F
:1059E0002549206A0968081AB84204D32249206A66
:1059F00009680F1A2646E468002CEED11EB100217A
:105A00003046FEF7F1FABDE8F08100002E2E2F4D52
:105A10006964646C6577617265732F546869726438
:105A20005F50617274792F4C7749502F7372632FD6
:105A3000636F72652F7463702E630000696E766108
:105A40006C69642073746174650000004173736550
:105A50007274696F6E2022257322206661696C65FD
:105A600064206174206C696E6520256420696E2055
:105A700025730A00584B00244C4B002470B50026B7
:105A800000250B4804680BE00A49206A0968081AD7
:105A9000B04204D30749206A09680E1A2546E46813
:105AA000002CF1D115B12846FEF788FB70BD00002F
:105AB0005C4B00244C4B002470B5044600BF44B935
:105AC00000BF12A340F211121CA11FA0F7F7D4FAD5
:105AD00000BF00BF00BF207D012808D000BF0BA37E
:105AE0004FF4897222A118A0F7F7C6FA00BF00BFD1
:105AF000012507E0244951F825100868214602F0E5
:105B000059FD6D1C042DF5D370BD00002E2E2F4DB8
:105B10006964646C6577617265732F546869726437
:105B20005F50617274792F4C7749502F7372632FD5
:105B3000636F72652F7463702E6300007063622060
:105B4000213D204E554C4C00417373657274696F52
:105B50006E2022257322206661696C656420617461
:105B6000206C696E6520256420696E2025730A000B
:105B70007063622D3E7374617465203D3D204C4915
:105B80005354454E000000002CC301082DE9FE438C
:105B900005465448007800F0040008B1BDE8FE83D3
:105BA00000BF002D08D100BF4FA340F281225BA1AE
:105BB00062A0F7F761FA00BF00BF4A48007800F022
:105BC0001000B0B1674800680088664909684988D4
:105BD000654ACDE90021029064480068644909885B
:105BE0004218614B1B1D63480168284602F090FF74
:105BF00075E03C48007800F0020000286FD0687D16
:105C0000FEF7E4FA044674B900BFA86938B14FF052
:105C1000FF320021AB6928699847804601E06FF0A8
:105C20000F0800BFBAE750481038406920604E485E
:105C3000103800696060E88AE0824A48006800889D
:105C400020830320207549480068401C6062606A18
:105C5000E062204600F022F90646A66526656664E5
:105C6000E66542480068401E606528692061E56776
:105C7000687A00F00C006072287A207200BF00BFC2
:105C80003D480068E0603C48046003F05BFE00BFF4
:105C900001203A49087000BF204600F02FFF31482C
:105CA0000068C08924F8600F20886080603C201D57
:105CB000F9F74CFC8046608E221D4146FEF7A2FD9E
:105CC000608612212046FEF707FE074627B1002115
:105CD0002046FEF789F961E7204600F0CDF900BFC4
:105CE0005CE70000844B00242E2E2F4D6964646C09
:105CF0006577617265732F54686972645F50617271
:105D000074792F4C7749502F7372632F636F7265CC
:105D10002F7463705F696E2E630000007463705FA0
:105D20006C697374656E5F696E7075743A20696E24
:105D300076616C6964207063620000004173736572
:105D40007274696F6E2022257322206661696C650A
:105D500064206174206C696E6520256420696E2062
:105D600025730A00684B002454A70024784B0024B4
:105D7000824B00247C4B0024584B0024604B0024B1
:105D800070B506460D46D6B13068C0B10C48016802
:105D9000304600F01BF80B480168304600F016F85A
:105DA0006DB1286858B10848046806E02068316879
:105DB000884201D128682060E468002CF6D170BDCB
:105DC000584B0024504B0024544B00242DE9F04143
:105DD00005460E46344600BF002D08D100BF0CA377
:105DE0004FF4106216A123A0F7F746F900BF00BFD9
:105DF0000AE020682968884205D1E7682046FEF756
:105E0000DDF93C4600E0E468002CF2D1BDE8F08109
:105E10002E2E2F4D6964646C6577617265732F5403
:105E2000686972645F50617274792F4C7749502FA2
:105E30007372632F636F72652F7463702E6300003B
:105E40007463705F6E657469665F69705F616464D6
:105E5000725F6368616E6765645F7063626C6973CB
:105E6000743A20696E76616C6964206F6C645F615E
:105E700064647200417373657274696F6E202225C9
:105E80007322206661696C6564206174206C696EA0
:105E90006520256420696E2025730A0010B504462C
:105EA00000BF002C08D100BF09A340F6AF0214A127
:105EB0001AA0F7F7E1F800BF00BF224800682249A6
:105EC000096808441F4908600846006810BD0000C2
:105ED0002E2E2F4D6964646C6577617265732F5443
:105EE000686972645F50617274792F4C7749502FE2
:105EF0007372632F636F72652F7463702E6300007B
:105F00007463705F6E6578745F6973733A20696E4D
:105F100076616C6964207063620000004173736590
:105F20007274696F6E2022257322206661696C6528
:105F300064206174206C696E6520256420696E2080
:105F400025730A00644B00244C4B002470B50546B1
:105F50000C4600BF002D08D100BF25A340F21F4210
:105F600030A13AA0F7F788F800BF00BFE968888938
:105F7000FAF7F9F800F0010020B1204602F0C3FE64
:105F8000002433E013E0E1688889FAF7ECF800F0C8
:105F9000010038B10120FAF7E6F8E9688989084379
:105FA000E968888126462468304602F09FFE4CB19D
:105FB000E06840682189084429892E4A1268114402
:105FC000081AE0D594B128892A4909680844E1688B
:105FD0004968401A002809DDE06880882549098859
:105FE000401A288129896868FCF742FD2C6070BD41
:105FF0002E2E2F4D6964646C6577617265732F5422
:10600000686972645F50617274792F4C7749502FC0
:106010007372632F636F72652F7463705F696E2E86
:10602000630000007463705F6F6F735F696E736508
:1060300072745F7365676D656E743A20696E766120
:106040006C696420637365670000000041737365C9
:106050007274696F6E2022257322206661696C65F7
:1060600064206174206C696E6520256420696E204F
:1060700025730A00784B00242DE9F84F044600BF31
:10608000002C08D100BFA7A340F2E142B2A1B8A002
:10609000F6F7F2FF00BF00BF00BF207D012808D146
:1060A00000BFA0A340F2E342BBA1B1A0F6F7E4FF1A
:1060B00000BF00BFC2480068A04202D10020BDE876
:1060C000F88FB4F86000B4F84810884202DAB4F8E7
:1060D000600001E0B4F848008146E56E45B9A07E55
:1060E00000F0020018B1204602F01AFEE7E710E1C6
:1060F000221D2146204602F0FBFC074617B96FF02F
:106100000300DCE70CB1206858B90FB1381D00E07E
:106110000020014611B96FF00300D0E70868206045
:1061200000BFE9684868FAF711F8616C401A2989DC
:106130000844484519D9B4F8600048450CD1206F8F
:1061400050B994F8990038B9002004F8980F01204C
:1061500060700020A070983CA07E00F0020018B192
:10616000204602F0DDFDAAE7D3E0002084F8990084
:10617000266F26B100E0366830680028FBD1B5E014
:1061800000BFE9688889F9F7EEFF00F0040040B12C
:1061900000BF64A340F236528AA175A0F6F76CFFE7
:1061A00000BF00BF206FA0B1A07E00F0440080B906
:1061B000E06E38B1E06E006858B9E06E0089618E1B
:1061C000884206DAB4F8640018B1B4F86600092809
:1061D00001DB012000E0002020B9A07E00F0A0003B
:1061E00000B98FE0207D022807D01020F9F7BBFF0F
:1061F000E96889890843E96888813A462146284642
:1062000000F0FCFA0090009838B100BF608B40F0BD
:106210008000608300BF009851E72868E066207D19
:10622000022806D000BF608B4FF6FC7108406083E7
:1062300000BFE9684868F9F789FF8046E9688889FE
:10624000F9F791FF00F0030008B1012000E0002001
:106250002989084408EB000A206DB0EB0A0001D53B
:10626000C4F850A0E9688889F9F77DFF00F00300C1
:1062700008B1012000E000202989084488B30020EB
:106280002860206F10B925672E462EE0E96848681F
:10629000F9F75CFF8046F1684868F9F757FFB8EBFB
:1062A00000001BD504F1700801E0D8F80080D8F890
:1062B000000068B1D8F80010C9684868F9F746FFCF
:1062C0008346E9684868F9F741FFBBEB0000ECD46E
:1062D000D8F800002860C8F8005006E0356036683D
:1062E00003E0FFE7284602F001FDE56E55B1E968DD
:1062F0004868F9F72BFF616C401A29890844484522
:106300007FF63EAF00BFE06E10B90020A4F8680031
:1063100000BF00BF608B4FF67F710840608300BFF5
:106320000020CCE62E2E2F4D6964646C6577617277
:1063300065732F54686972645F50617274792F4C71
:106340007749502F7372632F636F72652F74637078
:106350005F6F75742E6300007463705F6F75747087
:1063600075743A20696E76616C69642070636200AE
:10637000417373657274696F6E20222573222066E3
:1063800061696C6564206174206C696E65202564A8
:1063900020696E2025730A00646F6E277420636184
:1063A0006C6C207463705F6F757470757420666FA9
:1063B00072206C697374656E2D70636273000000E7
:1063C0008C4B0024525354206E6F74206578706596
:1063D0006374656420686572652100002DE9FF41E2
:1063E00004460E461746984600BF002C08D100BF51
:1063F00010A340F242721CA125A0F6F73DFE00BF9B
:1064000000BF608D1023218BE28ACDE90113009239
:10641000039043463A463146606A00F04DF805461F
:106420001DB1618D606A0844E062284604B0BDE891
:10643000F08100002E2E2F4D6964646C65776172C7
:1064400065732F54686972645F50617274792F4C60
:106450007749502F7372632F636F72652F74637067
:106460005F6F75742E6300007463705F6F75747076
:1064700075745F616C6C6F635F6865616465723AC7
:1064800020696E76616C69642070636200000000B0
:10649000417373657274696F6E20222573222066C2
:1064A00061696C6564206174206C696E6520256487
:1064B00020696E2025730A002DE9F05F82460D46A3
:1064C00017469846DDF830B005F11400384481B223
:1064D0004FF420722220FBF7D9FC0646002E34D060
:1064E00000BF718905F11400814208DA00BF18A3CA
:1064F00040F2237223A12FA0F6F7BEFD00BF00BF1C
:1065000074680A98F9F72FFE20800B98F9F72BFE94
:106510006080C4F804805046F9F718FEA060A946D0
:10652000E91705EB91718910491D4FF6FF7202EAD8
:10653000013141EA0B00F9F716FEA0810D98F9F739
:1065400012FEE0810020208260823046BDE8F09F8C
:106550002E2E2F4D6964646C6577617265732F54BC
:10656000686972645F50617274792F4C7749502F5B
:106570007372632F636F72652F7463705F6F7574CE
:106580002E630000636865636B2074686174206625
:106590006972737420706275662063616E20686F23
:1065A0006C6420737472756374207463705F6864C4
:1065B00072000000417373657274696F6E2022254A
:1065C0007322206661696C6564206174206C696E59
:1065D0006520256420696E2025730A002DE9FE4F91
:1065E00004460E4692469B4600BF002E08D100BFCF
:1065F00017A340F2877223A12DA0F6F73DFD00BF3F
:1066000000BF5A465146204602F072FA054615B9B7
:106610006FF0030715E024B194F80B8094F80A900A
:1066200003E04FF0FF084FF00009062043465A46AA
:106630005146CDE9009002953046F8F71FFD074618
:1066400000BF3046FCF7B8F83846BDE8FE8F0000C2
:106650002E2E2F4D6964646C6577617265732F54BB
:10666000686972645F50617274792F4C7749502F5A
:106670007372632F636F72652F7463705F6F7574CD
:106680002E6300007463705F6F75747075745F6360
:106690006F6E74726F6C5F7365676D656E743A20B0
:1066A000696E76616C696420706275660000000036
:1066B000417373657274696F6E20222573222066A0
:1066C00061696C6564206174206C696E6520256465
:1066D00020696E2025730A002DE9F04781460D469A
:1066E00014469A464FF0000800BF002D08D100BFA5
:1066F0001CA340F2567228A131A0F6F7BDFC00BFE2
:1067000000BF6E6806F1140700BF384600EB880032
:1067100004F0010109B1042100E00021084404F063
:10672000020109B1002100E00021084404F0080141
:1067300009B1002100E00021084404F0100109B172
:10674000002100E000210844B84208D000BF05A3A2
:1067500040F2757224A11AA0F6F78EFC00BF00BFAC
:10676000BDE8F0872E2E2F4D6964646C65776172E9
:1067700065732F54686972645F50617274792F4C2D
:106780007749502F7372632F636F72652F74637034
:106790005F6F75742E6300007463705F6F75747043
:1067A00075745F66696C6C5F6F7074696F6E733A55
:1067B00020696E76616C6964207062756600000005
:1067C000417373657274696F6E202225732220668F
:1067D00061696C6564206174206C696E6520256454
:1067E00020696E2025730A006F7074696F6E7320C4
:1067F0006E6F742066696C6C656400002DE9FE4F55
:1068000004460D46164600BF002C08D100BF58A311
:106810004FF4B76263A16BA0F6F72EFC00BF00BF78
:1068200000BF002D08D100BF51A340F2B9526FA1A3
:1068300064A0F6F721FC00BF00BF00BF002E08D106
:1068400000BF4BA340F2BA5270A15EA0F6F714FC51
:1068500000BF00BF204600F0F7F810B10020BDE8EF
:10686000FE8F686AF9F772FCE1688860688DF9F755
:106870007AFCE168C881698D686A0844E862E0686A
:1068800000F11407A07A00F0010068B12A1D31461A
:106890004FF40670FDF7B6FF82464AF00170F9F733
:1068A00055FC38603F1D00BFB5F93000002801DA03
:1068B00000202886686B38B95D4800686863E16825
:1068C0004868F9F743FCA863A08961688988401A81
:1068D0001FFA80F860684089A0EB08006168488171
:1068E00060680089A0EB0800616808816168E06861
:1068F00048600020E168088200BFE0681430A17A97
:1069000001F0010109B1042100E000210844A17A4D
:1069100001F0020109B1002100E000210844A17A40
:1069200001F0080109B1002100E000210844A17A2A
:1069300001F0100109B1002100E000210844B84233
:1069400008D000BF0AA340F21C623AA11DA0F6F7CE
:1069500093FB00BF00BF0621A87A8DE84300EB7AC5
:106960002A1D29466068F8F789FB8146484676E784
:106970002E2E2F4D6964646C6577617265732F5498
:10698000686972645F50617274792F4C7749502F37
:106990007372632F636F72652F7463705F6F7574AA
:1069A0002E6300007463705F6F75747075745F732D
:1069B00065676D656E743A20696E76616C696420F6
:1069C00073656700417373657274696F6E20222569
:1069D0007322206661696C6564206174206C696E45
:1069E0006520256420696E2025730A007463705F3A
:1069F0006F75747075745F7365676D656E743A203A
:106A0000696E76616C696420706362007463705FA4
:106A10006F75747075745F7365676D656E743A2019
:106A2000696E76616C6964206E6574696600000049
:106A30004C4B00246F7074696F6E73206E6F7420FE
:106A400066696C6C6564000010B5044600BF002CDC
:106A500008D100BF08A340F29A5214A11DA0F6F776
:106A60000BFB00BF00BF6068807B012801D00120C4
:106A700010BD0020FCE700002E2E2F4D6964646CD1
:106A80006577617265732F54686972645F506172D3
:106A900074792F4C7749502F7372632F636F72652F
:106AA0002F7463705F6F75742E6300007463705F82
:106AB0006F75747075745F7365676D656E745F6212
:106AC0007573793A20696E76616C696420736567C5
:106AD00000000000417373657274696F6E20222597
:106AE0007322206661696C6564206174206C696E34
:106AF0006520256420696E2025730A002DE9F04188
:106B0000054600BF002D08D100BF28A340F27D72CA
:106B100033A13AA0F6F7B0FA00BF00BF41480088A1
:106B2000002840D000204049088036E0FEF7D2F926
:106B3000074627B1012F04D0022F1FD102E0BDE884
:106B4000F08128E0FEF7C6F9042806D1364800880F
:106B5000801C34490988884200DDF0E7FEF7BAF965
:106B60000602FEF7B7F90643B6F5067F00DC16B954
:106B70004FF4067000E0304668860CE0FEF7AAF994
:106B80000446022C00DADAE7A01E274909880844E7
:106B90002549088000BF00BF00BF23480088214965
:106BA00009888842C2DB00BFC9E700002E2E2F4DA6
:106BB0006964646C6577617265732F546869726487
:106BC0005F50617274792F4C7749502F7372632F25
:106BD000636F72652F7463705F696E2E63000000CF
:106BE0007463705F70617273656F70743A20696E60
:106BF00076616C69642070636200000041737365A4
:106C00007274696F6E2022257322206661696C653B
:106C100064206174206C696E6520256420696E2093
:106C200025730A006C4B0024744B002410B50446F5
:106C300000BF002C09D100BF16A340F6510221A1CC
:106C400027A0F6F719FA00BF10BD00BF207DF8B1EC
:106C5000207D0A281CD0207D012819D0A06F20B1EA
:106C6000A06FFBF7A9FD0020A067606F10B1204660
:106C7000FEF726F94FF0FF302086E06E02F043F871
:106C8000206F02F040F80020E0662067A4F868005A
:106C900000BFD9E72E2E2F4D6964646C6577617251
:106CA00065732F54686972645F50617274792F4CF8
:106CB0007749502F7372632F636F72652F746370FF
:106CC0002E6300007463705F7063625F707572673B
:106CD000653A20696E76616C6964207063620000B9
:106CE000417373657274696F6E202225732220666A
:106CF00061696C6564206174206C696E652025642F
:106D000020696E2025730A0070B505460C4600BF49
:106D1000002C08D100BF3AA340F6830244A14BA047
:106D2000F6F7AAF900BF00BF00BF002D08D100BFD1
:106D300033A340F684024FA144A0F6F79DF900BFAB
:106D400000BF00BF2868A04203D12868C06828603F
:106D50000CE0286806E0C168A14202D1E168C16088
:106D600002E0C0680028F6D100BF00BF0020E0604C
:106D700000BF2046FFF75AFF207D0A280FD0207D54
:106D800001280CD0A07E00F0010040B100BF608B54
:106D900040F00200608300BF2046FFF76DF9207DC0
:106DA000012826D000BFE06E40B100BF14A340F61A
:106DB000930238A125A0F6F75FF900BF00BF00BF1E
:106DC000206F40B100BF0EA340F6940237A11FA070
:106DD000F6F752F900BF00BF00BF606F40B100BFBF
:106DE00007A340F6960238A118A0F6F745F900BFB0
:106DF00000BF00202075E08200BF00BF70BD000012
:106E00002E2E2F4D6964646C6577617265732F5403
:106E1000686972645F50617274792F4C7749502FA2
:106E20007372632F636F72652F7463702E6300003B
:106E30007463705F7063625F72656D6F76653A2030
:106E4000696E76616C69642070636200417373657A
:106E50007274696F6E2022257322206661696C65E9
:106E600064206174206C696E6520256420696E2041
:106E700025730A007463705F7063625F72656D6F83
:106E800076653A20696E76616C6964207063626C25
:106E900069737400756E73656E74207365676D65D4
:106EA0006E7473206C65616B696E6700756E6163EB
:106EB0006B6564207365676D656E7473206C6561C6
:106EC0006B696E67000000006F6F736571207365FA
:106ED000676D656E7473206C65616B696E67000029
:106EE0002DE9FE4304460027002600BF002C08D1F0
:106EF00000BFE5A34FF44772F0A1F7A0F6F7BCF886
:106F000000BF00BFFE48007800F00400002845D014
:106F1000207D022806D1FB49206D096888421BD1DB
:106F2000012719E0F849606A0968884201D1012700
:106F300012E0F549606A0968081A0DD4218D606A6B
:106F40000844F1490968081A002805DC00BF608B75
:106F500040F00200608300BF002F1DD000BF207DE5
:106F600040B900BFC8A34FF44E72E8A1DAA0F6F70B
:106F700083F800BF00BFED48007840F00800EB49FF
:106F8000087000BF608B4FF6FE710840608300BF41
:106F90006FF00D00BDE8FE830020FBE7D8480078C5
:106FA00000F0020068B1207D02280AD0207D03286D
:106FB00007D000BF608B40F00200608300BF00205C
:106FC000E8E7A07E00F0100010B9D9480068206200
:106FD000002084F89B0084F89A002046FFF78EFD7D
:106FE000207D801E082875D2DFE800F004CDF4F380
:106FF000F2F1F0EFC248007800F0100000286AD0EB
:10700000BF48007800F002000028F8D0606C401CF7
:10701000BC49096888425ED1BB480068401C606278
:10702000606AE062B74800686064C2480068C0896E
:10703000A4F86000B4F86000A4F86200B2480068E8
:10704000401E606504202075201DF8F77FFA8046F9
:10705000608E221D4146FDF7D5FB6086608E810063
:10706000400041F21C12904202D9608E400001E0C3
:1070700041F21C10814202D2608E80000AE0608ED4
:10708000400041F21C11884202D9608E400001E0AC
:1070900041F21C10A4F8480000BFB4F866000028B4
:1070A00008DC00BF78A34FF45B72A3A18AA0F5F7B8
:1070B000E3FF00BF00BFB4F86600401EA4F86600FE
:1070C000256F95B9E56E00BF5DB900BF6EA34FF4A3
:1070D0005D7201E08DE231E09DA17FA0F5F7CCFF6C
:1070E00000BF00BF2868E06601E0286820672846E6
:1070F00001F0FCFD206F18B94FF0FF30208603E04F
:107100000020208684F8420000BFD4F8880038B1FF
:1071100000222146D4F8883020699847064600E0CE
:10712000002600BF06F10D0010B96FF00C0031E72A
:1071300000BF608B40F00200608323E0704800785D
:1071400000F01000F0B17B480068008879490968B8
:107150004988844ACDE9002102906B480068824941
:10716000098842187F4B1B1D66480168204601F0C4
:10717000CFFC94F84200062804DA0020208620463E
:1071800001F07AFB36E25E48007800F0100000283B
:1071900076D0606C401C5B490968081A71D4594963
:1071A000206D0968081A00286BDC04202075E06F48
:1071B00010B96FF0050623E000BFE06F806978B971
:1071C00000BF31A34FF46A7205E0FCE1BCE107E1C6
:1071D0007CE117E105E165A13FA0F5F74DFF00BF98
:1071E00000BF00BFE06F806938B1E16F2069002205
:1071F0008B6921469847064601E06FF00F0600BFF5
:1072000046B106F10D0010B12046FCF7D7FF6FF034
:107210000C00BFE6204600F09FFA5C48008820B1D1
:107220005A480088401E59490880608E81004000FD
:1072300041F21C12904202D9608E400001E041F2FE
:107240001C10814202D2608E80000AE0608E4000F5
:1072500041F21C11884202D9608E400001E041F2E7
:107260001C10A4F848003148007800F0200048B114
:1072700000BF608B40F00200608300BF072087E002
:107280009FE087E0ABE000002E2E2F4D6964646C18
:107290006577617265732F54686972645F506172BB
:1072A00074792F4C7749502F7372632F636F726517
:1072B0002F7463705F696E2E630000007463705FEB
:1072C00070726F636573733A20696E76616C69647E
:1072D0002070636200000000417373657274696F0F
:1072E0006E2022257322206661696C6564206174BA
:1072F000206C696E6520256420696E2025730A0064
:10730000844B00247C4B0024784B00247463705F12
:10731000696E7075743A207063622D3E7374617487
:107320006520213D20434C4F53454400854B0024AC
:107330004C4B0024684B00247063622D3E736E64D6
:107340005F71756575656C656E203E2030000000CC
:107350006E6F207365676D656E7420746F20667242
:107360006565000054A70024824B00247063622DE1
:107370003E6C697374656E65722D3E616363657002
:107380007420213D204E554C4C000000804B0024C1
:10739000207524E099480068018898480068408872
:1073A000974ACDE9002002919648006896490988DD
:1073B0004218934B1B1D95480168204601F0A8FB1D
:1073C0000DE09348007800F0020040B1606A401E72
:1073D0008C490968884202D1204601F045F909E14B
:1073E00000BF204600F0B8F98A48007800F020007D
:1073F00038B100BF608B40F00200608300BF0720FF
:107400002075F7E0204600F0A7F98248007800F0E8
:107410002000E8B37E48007800F01000C8B37B4934
:10742000206D0968884239D1E06E90BB00BF608B47
:1074300040F00200608300BF2046FFF7F7FB00BF6B
:1074400000BF75480068A04205D173480068C06855
:10745000714908600DE07049086806E0C168A14202
:1074600002D1E168C16002E0C0680028F6D100BF27
:1074700000BF0020E06000BF01206849087000BF25
:107480000A20207500BF66480068E060644801E09B
:107490000DE003E0046002F055FA16E000BF608BD7
:1074A00040F00200608300BF082020750DE05848BE
:1074B000007800F0100040B15449206D09688842FE
:1074C00003D1E06E08B90620207593E0204600F055
:1074D00043F95048007800F02000A0B300BF608B53
:1074E00040F00200608300BF2046FFF79FFB00BF13
:1074F00000BF49480068A04205D147480068C068FD
:10750000454908600DE04449086806E0C168A142A9
:1075100002D1E168C16002E0C0680028F6D100BF76
:1075200000BF0020E06000BF01203C49087000BFA0
:107530000A20207500BF3A480068E06038480460BF
:1075400002F000FA00BF55E0204600F005F930488F
:10755000007800F01000A8B32C49206D096888421B
:1075600030D1E06E70BB2046FFF760FB00BF00BF6C
:1075700029480068A04205D127480068C06826490C
:1075800008600DE02449086806E0C168A14202D104
:10759000E168C16002E0C0680028F6D100BF00BF0A
:1075A0000020E06000BF01201C49087000BF0A20D5
:1075B000207500BF1A480068E0601948046002F0B6
:1075C000C1F900BF16E0204600F0C6F81048007868
:1075D00000F0100060B10D49206D0968884207D1A4
:1075E000E06E28B90B48007840F010000949087097
:1075F00000E000BF00BF0020CCE40000684B002486
:1076000054A70024784B0024824B00247C4B002498
:10761000844B0024854B0024584B0024604B0024ED
:107620005C4B00242DE9F041044600BF002C0CD136
:1076300000BF29A340F2096233A13DA0F5F71CFD6C
:1076400000BF6FF00F00BDE8F08100BFA06F477B67
:10765000A66F0020A06700BFD4F8840040B10023CB
:1076600032462146D4F884C02069E047054606E04A
:10767000002332462146184600F0ACFE054600BF06
:10768000F5B907F0200028B3208DB0F5066F02D0C1
:10769000208D401C208500BFD4F8840040B1002319
:1076A0001A462146D4F884C02069E047054600E028
:1076B000002500BF05F10D0060B96FF00C00C2E7B6
:1076C00005F10D0010B96FF00C00BCE7A6676FF074
:1076D0000400B8E70020B6E72E2E2F4D6964646CD5
:1076E0006577617265732F54686972645F50617267
:1076F00074792F4C7749502F7372632F636F7265C3
:107700002F7463702E6300007463705F70726F6318
:107710006573735F726566757365645F64617461D8
:107720003A20696E76616C696420706362000000C3
:10773000417373657274696F6E202225732220660F
:1077400061696C6564206174206C696E65202564D4
:1077500020696E2025730A002DE9F05F04464FF082
:10776000000900BF002C08D100BFE5A340F27B4216
:10777000F0A1F7A0F5F780FC00BF00BF00BF207D9F
:10778000042808DA00BFDEA340F27C42FAA1F0A090
:10779000F5F772FC00BF00BFFE48007800F0100053
:1077A000002870D0B4F86000A16D00EB0108FA4920
:1077B000606D0968401A15D4F749606D0968884200
:1077C00004D1F649A06D0968401A0BD4F349A06DA5
:1077D000096888421AD1F2480068C089B4F860107C
:1077E000884213D9EE480068C08924F8600F608889
:1077F00034F86019884203DAB4F86000A4F8620033
:10780000E54800686065E5480068A065E349606C8C
:107810000968081A00284ADCE248008890BBB4F8DE
:107820006010A06D084440453AD1B4F930000028FA
:1078300036DBDA49606C0968884231D14FF00109C2
:1078400094F84300401CC0B294F84310884204DD11
:1078500094F84300401C84F8430094F84300032844
:1078600017DD00BFB4F84800618E084480B2B4F858
:107870004810884208DBB4F84800618E0844A4F838
:10788000480005E00CE02AE14FF6FF70A4F848003C
:1078900000BF94F84300032802DB204600F066FF97
:1078A000B9F1000F02D1002084F84300EBE0606CD6
:1078B000401CBA490968081A7ED4B849206D096885
:1078C000081A002878DCA07E00F0040060B100BF38
:1078D000608B4FF6FB710840608300BF48346088BE
:1078E000208000206084483C00202434A077608BF6
:1078F000B4F9181000EBE10000B2A083208CA74976
:107900000988081A85B20020E077A4480068206240
:1079100014F8100C243C042865DBB4F84800B4F8D3
:107920004A10884227DA628B02F400620AB101220F
:1079300000E002221146628E4A4392B2AA4201DD61
:107940002A4602E0628E4A4392B2104600BFB4F863
:107950004820024492B2B4F848309A4205DBB4F8A9
:1079600048200244A4F8482003E04FF6FF72A4F830
:10797000482000BF37E000BFB4F86A00284480B256
:10798000B4F86A10884205DBB4F86A002844A4F809
:107990006A0003E04FF6FF70A4F86A0000BFB4F875
:1079A0006A00B4F8481088421DDB4834608C218896
:1079B000401A6084483C00E062E000BFB4F8480030
:1079C000618E084480B2B4F84810884206DBB4F8EF
:1079D0004800618E0844A4F8480003E04FF6FF70A9
:1079E000A4F8480000BF70A22046D4E91B31FDF77F
:1079F0006BF920676EA22046D4E91B13FDF764F9EA
:107A0000E066206F18B94FF0FF30208601E00020BB
:107A1000208600202077E06E10B90020A4F86800CE
:107A2000B4F86400644909880844A4F86400608BD1
:107A300000F4006018B3206F88B9E06E40B1E16EC9
:107A4000C9684868F8F782FBE16C081A002816DC60
:107A500000BF608B4FF2FF71084060830FE0216F21
:107A6000C9684868F8F772FBE16C081A002806DC60
:107A700000BF608B4FF2FF710840608300BF02E0DF
:107A8000204601F04DF9606B48B34449A06B09688A
:107A9000401A24D5A08E49490988081A07B2B4F9BA
:107AA0003C00A7EBE00007B2A08F384400B2A087EB
:107AB000002F01DA784207B2B4F93E00A7EBA0002C
:107AC00007B2E08F384400B2E087E08FB4F93C1091
:107AD00000EBE10000B2A4F84000002060633148F0
:107AE000008800286CDD207D072869DA2A48616A51
:107AF0000068401C081A7CD42748616A006860E06E
:107B00002E2E2F4D6964646C6577617265732F54F6
:107B1000686972645F50617274792F4C7749502F95
:107B20007372632F636F72652F7463705F696E2E5B
:107B3000630000007463705F726563656976653A1F
:107B400020696E76616C69642070636200000000D9
:107B5000417373657274696F6E20222573222066EB
:107B600061696C6564206174206C696E65202564B0
:107B700020696E2025730A007463705F7265636507
:107B80006976653A2077726F6E67207374617465E9
:107B900000000000844B0024784B00247C4B002420
:107BA000684B0024824B0024756E61636B65640032
:107BB000756E73656E740000804B00244C4B00247E
:107BC000D4E3F74A12881044401E081A00285FDCEC
:107BD000F4484668F449606A0968A0EB010A00BFEE
:107BE000F048406860B900BFAFF2EC0340F2945235
:107BF00000E04DE0EDA1AFF2A800F5F73DFA00BFBF
:107C000000BF00BF4FF6FF7082450AD300BFAFF23E
:107C1000101340F29552E9A1AFF2CC00F5F72CFA1F
:107C200000BF00BF1FFA8AF500BFDE484068008928
:107C3000A8420ADA00BFAFF2381340F29752E3A12C
:107C4000AFF2F400F5F718FA00BF00BFD54800897D
:107C5000401BD4490881084640680089401B1FFA30
:107C600080FB07E07089281A85B2A6F808B00020CA
:107C7000708136687089A842F4DB29463046FAF7ED
:107C8000FFFFC949606A0860C649C96848600AE0E0
:107C9000C549606A0968081A05D500BF608B40F0C5
:107CA0000200608300BFC049606A0968081A7DD479
:107CB000218D606A0844401EBB490968081A0028E3
:107CC00074DCB949606A0968884270D1B549C968ED
:107CD0008889F8F748FA00F0030008B1012000E0B5
:107CE0000020B04909890844AD490880208D0988E1
:107CF000884256DAAB49C9688889F8F734FA00F047
:107D0000010098B1A749C9688889F8F72CFA00F0F2
:107D10003E052846F8F727FAA249C96889894CF236
:107D2000FF02114008439F49C9688881208D9D4901
:107D30000881C9688889F8F716FA00F0020020B1B6
:107D400098480089401E97490881964A11895068D1
:107D5000FAF78EFE9349C9688889F8F704FA00F0AB
:107D6000030008B1012000E000208E490989084481
:107D70008B49088000BF218D606A08448A490968E0
:107D8000874A1288114488420AD000BFAFF290237C
:107D900040F2CB5291A1AFF24820F5F76DF900BF48
:107DA00000BF606F002816D07E4901E0DAE2D3E11F
:107DB000C9688889F8F7D7F900F0010060B107E0D9
:107DC000656F606F00686067284600F08FFF00BF36
:107DD000606F0028F4D187E0656F2EE0E96888893C
:107DE000F8F7C1F900F0010008B36E49C968888945
:107DF000F8F7B9F900F00200C8B90120F8F7B3F9B3
:107E00006849C968898908436649C968888165499C
:107E1000C9688889F8F7A7F900F0030008B10120C4
:107E200000E000205F49098908445D4908802E462A
:107E30002D68304600F05AFF00BF55B1E868406831
:107E40002989084458490968554A12881144081A72
:107E5000C4D5002D46D054480068514909880844CB
:107E6000E9684968401A00283CDDE86880884E4986
:107E70000988401A4B490881C9688889F8F773F95D
:107E800000F0020020B147480089401E45490881A2
:107E9000444A11895068FAF7EBFD4249C96888895C
:107EA000F8F761F900F0030008B1012000E00020BC
:107EB0003C49098908443A49088000BF3A480068AB
:107EC00009880844E968496888420AD000BFAFF2CF
:107ED000D03340F2FC524FA1AFF28C30F5F7CCF822
:107EE00000BF00BF656700BF2F4800682C490988A4
:107EF0000844606200BF208D2949098888420ADA57
:107F000000BFAFF2044340F2076251A1AFF2C030AC
:107F1000F5F7B2F800BF00BF208D21490988401A4B
:107F20002085204601F0E8FD1E48406800890028B1
:107F300006DD1C4840684E49086000201949486029
:107F40001849C9688889F8F70EF900F0010028B1CE
:107F50004848007840F0200046490870DAE0656F34
:107F6000606FC068406810490860E9688889F8F760
:107F7000FAF800F0030008B1012000E00020298990
:107F80000844616A0844606200BFE9688889F8F7BC
:107F9000EAF800F0030008B101206EE06CE0000098
:107FA000824B0024E8D70024784B0024696E736567
:107FB000672E7020213D204E554C4C00696E736138
:107FC0006E65206F66667365742100007062756669
:107FD00020746F6F2073686F727421007463705F18
:107FE000726563656976653A207365676D656E7461
:107FF000206E6F74207472696D6D656420636F729A
:10800000726563746C7920746F207263765F776E2B
:10801000640A00007463705F726563656976653A2F
:10802000207365676D656E74206E6F74207472695D
:108030006D6D656420636F72726563746C79207412
:108040006F206F6F7365712071756575650A00002B
:108050007463705F726563656976653A20746370F6
:108060006C656E203E207263765F776E640A000056
:10807000884B0024854B0024002029890844218D49
:1080800088420AD900BFAFF2885340F22B62C2A1E6
:10809000AFF24450F4F7F0FF00BF00BFE9688889F1
:1080A000F8F761F800F0030008B1012000E00020BB
:1080B00029890844218D081A2085204601F01CFDDD
:1080C0006868008900280DDDBD48006828B1BC48FB
:1080D00069680068FAF7B2F802E0B94968680860B0
:1080E00000206860E9688889F8F73DF800F0010031
:1080F00050B1B448007840F02000B2490870207DAB
:10810000042801D10720207528686067284600F000
:10811000EDFD00BF606F30B1606FC0684068616A9C
:1081200088423FF41CAF00BFA07E00F0010060B1A8
:1081300000BF608B4FF6FE710840608300BF00BF38
:10814000608B40F00200608305E000BF608B40F070
:108150000100608300BF1DE1606F20B99A4800F004
:108160006BFD6067FAE00026656FF2E0E868406842
:1081700096490968884217D193480089298988421D
:1081800011DD914800F058FD8246BAF1000F09D088
:1081900016B1C6F800A001E0C4F874A02946504604
:1081A000FDF7D4FED8E0D7E0A6B9E8684068874973
:1081B0000968081A0DD5844800F03EFD8246BAF1E0
:1081C000000F05D0C4F874A029465046FDF7BEFE46
:1081D000C2E030E0F0684068401C7C490968081A39
:1081E00028D4E8684068401E78490968081A0028C1
:1081F00020DC754800F020FD8246BAF1000F18D04F
:10820000F06840683189084470490968401A0028BC
:1082100009DDF06880886D490988081A3081318944
:108220007068FAF725FCC6F800A029465046FDF70D
:108230008DFE91E000BF2E46286800287DD1E868B9
:10824000406862490968081A002876DDE96888896B
:10825000F7F789FF00F0010000B17DE05A4800F017
:10826000EBFC28602868002871D0E86840682989FC
:10827000084456490968401A002809DDE8688088E2
:1082800052490988081A288129896868FAF7F0FB99
:10829000218D606A08444E4909884C4A126811448D
:1082A000081A002853DD2968C9688889F7F75BFF39
:1082B00000F0010098B12968C9688889F7F753FF71
:1082C00000F03E0A5046F7F74EFF2968C9688989D1
:1082D0004CF2FF02114008432968C9688881A08CCC
:1082E000218D084439490988401A296808812A687B
:1082F00011895068FAF7BCFB2968C9688889F7F7C3
:1083000032FF00F0030008B1012000E000202968DE
:10831000098908442E49088000BF218D606A014404
:108320002A4800682A4A1288104481420ED000BFB1
:10833000AFF634034FF4DF6201E009E007E0AFF28B
:108340006431AFF2F470F4F797FE00BF00BF03E0B2
:108350002D68002D7FF40AAF00BF00BF204600F05B
:10836000DFFC17E0204600F0DBFC13E01749606AF1
:108370000968081A08D4218D606A0844401E134910
:108380000968081A002805DD00BF608B40F0020074
:10839000608300BFBDE8F09F7463705F72656365C2
:1083A0006976653A206F6F736571207463706C65D0
:1083B0006E203E207263765F776E640A00000000D4
:1083C000884B0024854B0024E8D70024784B0024F8
:1083D000824B00242DE9F04107460D4614461E4607
:1083E00000BF002D0CD100BF0EA34FF4D36219A122
:1083F0001FA0F4F741FE00BF6FF00F00BDE8F08151
:1084000000BF3CB12189284600F046F82046FAF723
:10841000D3F904E01EB92846FBF738FFEEE7002049
:10842000ECE700002E2E2F4D6964646C6577617255
:1084300065732F54686972645F50617274792F4C50
:108440007749502F7372632F636F72652F74637057
:108450002E6300007463705F726563765F6E756C87
:108460006C3A20696E76616C69642070636200000A
:10847000417373657274696F6E20222573222066C2
:1084800061696C6564206174206C696E6520256487
:1084900020696E2025730A002DE9F04104460F463D
:1084A00000BF002C0AD100BF1CA340F2CF3227A18D
:1084B0002CA0F4F7E1FD00BFBDE8F08100BF00BFD4
:1084C000207D012808D100BF14A340F2D2322FA191
:1084D00024A0F4F7D1FD00BF00BF208D384485B241
:1084E000B5F5066F02DC208DA84203DD4FF406606F
:1084F000208500E02585204601F0FEFA0646B6F507
:10850000067F08D300BF608B40F00200608300BF8D
:108510002046FDF7B1FD00BFCEE700002E2E2F4D07
:108520006964646C6577617265732F5468697264FD
:108530005F50617274792F4C7749502F7372632F9B
:10854000636F72652F7463702E6300007463705FD5
:108550007265637665643A20696E76616C69642041
:1085600070636200417373657274696F6E202225B7
:108570007322206661696C6564206174206C696E89
:108580006520256420696E2025730A00646F6E27BC
:10859000742063616C6C207463705F7265637665D0
:1085A0006420666F72206C697374656E2D706362EF
:1085B0007300000070B506460D4600BF002D07D1C0
:1085C00000BF09A3FF2214A11DA0F4F755FD00BFB1
:1085D00000BF344605E0E06FA84201D10020E0670B
:1085E000E468002CF7D170BD2E2E2F4D6964646CA9
:1085F0006577617265732F54686972645F50617248
:1086000074792F4C7749502F7372632F636F7265A3
:108610002F7463702E6300007463705F72656D6FFA
:1086200076655F6C697374656E65723A20696E7603
:10863000616C6964206C697374656E65720000001A
:10864000417373657274696F6E20222573222066F0
:1086500061696C6564206174206C696E65202564B5
:1086600020696E2025730A002DE9F041044600BF01
:10867000002C08D100BF20A340F2C1622BA131A081
:10868000F4F7FAFC00BF00BF206F18B96FF00500C7
:10869000BDE8F081256F2846FEF7D6F910B16FF0DE
:1086A0000500F5E72868206704F16C0600E03668ED
:1086B000306858B13168C9684868F7F747FD074620
:1086C000E9684868F7F742FD381AF0D43068286046
:1086D0003560286810B90020A4F8680094F84200BA
:1086E000FF2804DA94F84200401C84F8420000207D
:1086F000606300BFCCE700002E2E2F4D6964646CD0
:108700006577617265732F54686972645F50617236
:1087100074792F4C7749502F7372632F636F726592
:108720002F7463705F6F75742E6300007463705FE5
:108730007265786D69743A20696E76616C6964203F
:1087400070636200417373657274696F6E202225D5
:108750007322206661696C6564206174206C696EA7
:108760006520256420696E2025730A0010B5044633
:1087700000BF002C08D100BF20A340F2F9622CA159
:1087800033A0F4F779FC00BF00BF206FA0B3A07E38
:1087900000F0040080BB2046FFF766FF60BBB4F822
:1087A0004810B4F86020914202DAB4F8481001E0B1
:1087B000B4F86010084601EBD071C1F34F01A4F882
:1087C0004A10B4F84A00618E4900884204D2608E93
:1087D0004004000CA4F84A00B4F84A00618E032259
:1087E00002FB0100A4F8480000BF608B40F00400C9
:1087F000608300BF0020208610BD00002E2E2F4D6C
:108800006964646C6577617265732F54686972641A
:108810005F50617274792F4C7749502F7372632FB8
:10882000636F72652F7463705F6F75742E630000E1
:108830007463705F7265786D69745F666173743AB2
:1088400020696E76616C69642070636200000000CC
:10885000417373657274696F6E20222573222066DE
:1088600061696C6564206174206C696E65202564A3
:1088700020696E2025730A0010B5044600BF002C45
:1088800008D100BF08A340F2AD6214A11AA0F4F70A
:10889000F3FB00BF00BF204600F09EF810B9204651
:1088A00000F03EF810BD00002E2E2F4D6964646C60
:1088B0006577617265732F54686972645F50617285
:1088C00074792F4C7749502F7372632F636F7265E1
:1088D0002F7463705F6F75742E6300007463705F34
:1088E0007265786D69745F72746F3A20696E766133
:1088F0006C69642070636200417373657274696FA0
:108900006E2022257322206661696C656420617483
:10891000206C696E6520256420696E2025730A002D
:1089200010B5044600BF002C08D100BF0AA34FF4C5
:10893000D36216A11EA0F4F79FFB00BF00BF94F8FE
:108940004200FF2804DA94F84200401C84F84200F8
:108950002046FDF791FB10BD2E2E2F4D6964646CEF
:108960006577617265732F54686972645F506172D4
:1089700074792F4C7749502F7372632F636F726530
:108980002F7463705F6F75742E6300007463705F83
:108990007265786D69745F72746F5F636F6D6D6916
:1089A000743A20696E76616C6964207063620000BD
:1089B000417373657274696F6E202225732220667D
:1089C00061696C6564206174206C696E6520256442
:1089D00020696E2025730A0070B5044600BF002C84
:1089E00008D100BF22A340F263622EA136A0F4F7A3
:1089F00043FB00BF00BF206F10B96FF0050070BDD2
:108A0000256F07E02846FEF71FF810B16FF005004C
:108A1000F5E72D6828680028F4D12846FEF714F8F9
:108A200010B16FF00500EAE7E06E2860206FE066A5
:108A30000020206700BF608B40F40060608300BFAF
:108A4000E9684868F7F782FB0646E9688889F7F71E
:108A50008AFB00F0030008B1012000E00020298912
:108A600008443044E0640020606300BFC7E70000B2
:108A70002E2E2F4D6964646C6577617265732F5477
:108A8000686972645F50617274792F4C7749502F16
:108A90007372632F636F72652F7463705F6F757489
:108AA0002E6300007463705F7265786D69745F7225
:108AB000746F5F707265706172653A20696E76617D
:108AC0006C69642070636200417373657274696FCE
:108AD0006E2022257322206661696C6564206174B2
:108AE000206C696E6520256420696E2025730A005C
:108AF00070B504460E4615462CB1207A18B1207A7E
:108B0000F8F7E6FB70BD2846F6F720FDFAE700000F
:108B10002DE9F04F85B083460F4690461D46DDF89F
:108B2000389000BF002D08D100BF1EA340F2C472D0
:108B300029A130A0F4F7A0FA00BF00BF00BFB9F12F
:108B4000000F08D100BF17A340F2C57233A129A0BE
:108B5000F4F792FA00BF00BF002646F2080A384632
:108B6000F7F7F4FA14220490DDE90F018DE8070409
:108B7000002231464046049BFDF79EFC044614B992
:108B800005B0BDE8F08F3346002221465846FDF778
:108B9000A3FD4B462A4621465846FDF71FFD00BF60
:108BA000EEE700002E2E2F4D6964646C65776172CC
:108BB00065732F54686972645F50617274792F4CC9
:108BC0007749502F7372632F636F72652F746370D0
:108BD0005F6F75742E6300007463705F7273743A14
:108BE00020696E76616C6964206C6F63616C5F698B
:108BF00070000000417373657274696F6E202225E6
:108C00007322206661696C6564206174206C696EF2
:108C10006520256420696E2025730A007463705FE7
:108C20007273743A20696E76616C69642072656D46
:108C30006F74655F6970000070B5054600BF002D58
:108C400008D100BF0CA340F2826217A11DA0F4F767
:108C500013FA00BF00BF0320F8F7DAF804460CB996
:108C6000002070BD95E80F0084E80F006068F9F7F8
:108C7000B3FF2046F5E700002E2E2F4D6964646C8B
:108C80006577617265732F54686972645F506172B1
:108C900074792F4C7749502F7372632F636F72650D
:108CA0002F7463702E6300007463705F7365675F79
:108CB000636F70793A20696E76616C6964207365C0
:108CC00067000000417373657274696F6E2022251E
:108CD0007322206661696C6564206174206C696E22
:108CE0006520256420696E2025730A0010B50446AE
:108CF00044B1606810B16068F9F75EFD2146032059
:108D0000F7F7B8FF10BD70B5044605E025682046AA
:108D1000FFF7ECFF2C4600BF002CF7D170BD000020
:108D20002DE9F04704460025A94600BF002C08D1D4
:108D300000BF2CA340F2EA7237A13FA0F4F79CF9E0
:108D400000BF00BF05F0010008B1042000E00020D2
:108D500005F0020109B1002100E00021084405F0FE
:108D6000080109B1002100E00021084405F01001CC
:108D700009B1002100E0002100EB0108206DF7F7A8
:108D8000E5F982465346002241462046FDF726FB80
:108D900006464EB900BF608B40F00300608300BF01
:108DA0006FF00100BDE8F0874B462A463146204669
:108DB000FDF792FC231D224631462046FDF70EFCAE
:108DC00007462FB100BF608B40F00300608306E0D0
:108DD00000BF608B4FF6FC710840608300BF3846CF
:108DE000E0E700002E2E2F4D6964646C6577617298
:108DF00065732F54686972645F50617274792F4C87
:108E00007749502F7372632F636F72652F7463708D
:108E10005F6F75742E6300007463705F73656E64BA
:108E20005F656D7074795F61636B3A20696E76611E
:108E30006C69642070636200417373657274696F5A
:108E40006E2022257322206661696C65642061743E
:108E5000206C696E6520256420696E2025730A00E8
:108E600070B5044600BF002C08D100BF16A340F225
:108E7000EB3222A128A0F4F7FFF800BF00BFE06E9C
:108E8000E8B1E56E00E02D6828680028FBD1E968AC
:108E90008889F7F768F900F0070078B90120F7F73B
:108EA00062F9E96889890843E968888100BF608BB5
:108EB00040F02000608300BF002070BD00BF012192
:108EC0002046FBF709FDF8E72E2E2F4D6964646CF0
:108ED0006577617265732F54686972645F5061725F
:108EE00074792F4C7749502F7372632F636F7265BB
:108EF0002F7463705F6F75742E6300007463705F0E
:108F000073656E645F66696E3A20696E76616C693E
:108F10006420706362000000417373657274696F4E
:108F20006E2022257322206661696C65642061745D
:108F3000206C696E6520256420696E2025730A0007
:108F40002DE9F04F85B04FF00009E9480068401C5A
:108F5000E7490860E7480078401CE649087000BF10
:108F60000025E5480468E3E200BF207D002808D121
:108F700000BFE2A340F2BE42ECA1F7A0F4F77CF8F8
:108F800000BF00BF00BF207D012808D100BFDBA3C8
:108F900040F2BF42FAA1F0A0F4F76EF800BF00BFA4
:108FA00000BF207D0A2808D100BFD4A34FF49862E7
:108FB000FEA1E9A0F4F760F800BF00BFA07FCD4993
:108FC0000978884202D12546E468B1E2C9480078B0
:108FD000A0770026B046207D022806D194F84200F2
:108FE000062802DB701CC6B2D1E094F842000C28BF
:108FF00002DB701CC6B2CAE094F8990000285DDD5F
:1090000000BF206F002808D000BFBCA340F2D442AC
:10901000F2A1D1A0F4F730F800BF00BF00BFE06EAE
:10902000002808D100BFB5A340F2D542F8A1CAA0DC
:10903000F4F722F800BF00BF94F89A000C2802DB76
:10904000701CC6B2A3E094F89900401EFE490F5C64
:1090500094F89800B84204DA94F89800401C84F818
:10906000980094F89800B84227DB4FF0010AB4F852
:10907000600030B9204600F0CBFD70B14FF0000A1F
:109080000BE0B4F86010204600F0F4FA28B920464E
:10909000FCF7F2FF08B94FF0000ABAF1000F0BD04D
:1090A000002084F8980094F89900072804D294F8D6
:1090B0009900401C84F8990000BF68E0B4F93000C2
:1090C000002809DBB4F9300047F6FF71884203DA63
:1090D000208E401C00B22086B4F93000B4F9401054
:1090E000884254DB2046FFF777FC18B1206F70BB35
:1090F000E06E60B3207D02281ED094F842200C2A36
:1091000002D294F8422000E00C221146B4F93E202D
:10911000B4F93C3002EBE302CC4B5B5C02FA03F0A7
:1091200047F6FF72904201DA024601E047F6FF720D
:1091300012B2A4F8402000BF00202086B4F84800F6
:10914000B4F86010884203DAB4F8480002E01EE088
:10915000B4F86000049004984010A4F84A00B4F8F1
:109160004A00618E4FF6FF7202EA4101884205DA39
:10917000608E114601EA4000A4F84A00608EA4F80F
:1091800048000020A4F86A002046FFF7C9FB207DB4
:1091900006280BD1A07E00F0100038B15449206A97
:1091A0000968081A282801D9701CC6B2607A00F034
:1091B0000800D0B3207D042802D0207D072834D1B8
:1091C000A349D4F8940008444FF4FA71B0FBF1F0CD
:1091D000474A216A1268511A884206D2701CC6B2E8
:1091E00008F1010000F0FF081FE094F89B1042F224
:1091F0009F4211FB02F1D4F8940000EBC1004FF440
:10920000FA71B0FBF1F03A4A216A1268511A8842A9
:109210000BD22046FCF728FB8146B9F1000F04D1A0
:1092200094F89B00401C84F89B00606F68B1304943
:10923000206A0968081AB4F9401001EB4101B0EB4B
:10924000410F02D32046FBF73BFE207D032807D1C8
:109250002749206A0968081A282801D9701CC6B253
:10926000207D092807D12249206A0968081AF028B8
:1092700001D9701CC6B2002E37D0D4F890A0204679
:10928000FDF7D4FC8DB100BF1B480068844208D1B3
:1092900000BF1AA340F26D526EA12FA0F3F7ECFEAF
:1092A00000BF00BFE068E86011E000BF124800683E
:1092B000A04208D000BF11A340F2715270A126A0B5
:1092C000F3F7DAFE00BF00BF0B49E0680860B8F1B1
:1092D000000F0BD0208BE18A221DCDE900210290E6
:1092E00023462046626A216DE0E0FBE0E0E00000FA
:1092F0004C4B0024624B0024584B00242E2E2F4D43
:109300006964646C6577617265732F54686972640F
:109310005F50617274792F4C7749502F7372632FAD
:10932000636F72652F7463702E6300007463705FE7
:10933000736C6F77746D723A20616374697665201F
:109340007063622D3E737461746520213D20434C2F
:109350004F5345440A000000417373657274696F8E
:109360006E2022257322206661696C656420617419
:10937000206C696E6520256420696E2025730A00C3
:109380007463705F736C6F77746D723A206163748D
:10939000697665207063622D3E7374617465202167
:1093A0003D204C495354454E0A0000007463705FE1
:1093B000736C6F77746D723A20616374697665209F
:1093C0007063622D3E737461746520213D205449A1
:1093D0004D452D574149540A000000007463705FE9
:1093E000736C6F7774696D723A207065727369730C
:1093F00074207469636B696E67207769746820698B
:109400006E2D666C69676874206461746100000089
:109410007463705F736C6F7774696D723A207065F6
:109420007273697374207469636B696E67207769FE
:10943000746820656D7074792073656E6420627540
:10944000666665720000000025C3010818C30108A4
:10945000B84C0A007463705F736C6F77746D723A06
:10946000206D6964646C652074637020213D2074F4
:1094700063705F6163746976655F70636273000037
:109480007463705F736C6F77746D723A2066697283
:10949000737420706362203D3D207463705F61636C
:1094A000746976655F70636273000000FFF730FBDC
:1094B000D4F810B0207D03902746E4683846FBF7C7
:1094C000B9FB00204849087000BFBAF1000F03D073
:1094D0006FF00C015846D04700BF4348007800B1F8
:1094E0003EE524E02546E468287F401C2877287F55
:1094F000697F88421BDB002028773B49087000BF4A
:10950000D5F88C0030B12946D5F88C2028699047D1
:10951000814601E04FF0000900BF3348007800B1F8
:109520001EE5B9F1000F02D12846FCF7A5FD00BFEA
:10953000002C7FF419AD00252C4804684EE000BFD4
:10954000207D0A280AD000BFAFF2502340F2A1527A
:1095500027A1AFF2FC10F3F78FFD00BF00BF00267C
:109560002F49206A0968081AF02801D9701CC6B270
:10957000002E31D02046FDF759FB9DB100BF1B489E
:10958000006884420AD100BFAFF2902340F2AF528C
:1095900024A1AFF23C20F3F76FFD00BF00BFE068ED
:1095A000E86013E000BF11480068A0420AD000BF85
:1095B000AFF2B82340F2B35224A1AFF26420F3F724
:1095C0005BFD00BF00BF0949E06808602746E4680A
:1095D0003846FBF72FFB01E02546E468002CAED1AE
:1095E00005B0BDE8F08F0000604B00245C4B002408
:1095F0007463705F736C6F77746D723A2054494D69
:10960000452D57414954207063622D3E7374617437
:1096100065203D3D2054494D452D5741495400009A
:109620004C4B00247463705F736C6F77746D723A87
:10963000206D6964646C652074637020213D207422
:1096400063705F74775F7063627300007463705F50
:10965000736C6F77746D723A2066697273742070E0
:109660006362203D3D207463705F74775F70636256
:10967000730000002DE9F04F85B005460E46002727
:109680000024A34600BF002D08D100BF79A340F2FB
:109690004B3285A18DA0F3F7EFFC00BF00BFEC6E4D
:1096A00024B94FF0FF3005B0BDE8F08F002E0CD18B
:1096B00000BF00BF6FA340F253328EA183A0F3F727
:1096C000DBFC00BF00BFB01FEDE72089B04201DC2A
:1096D0000020E8E700BF688EB04208DA00BF65A34B
:1096E00040F25B328CA179A0F3F7C6FC00BF00BF4B
:1096F00000BF2089002808DC00BF5EA34FF457722A
:1097000089A172A0F3F7B8FC00BF00BF94F80A80EB
:1097100008F0010008B1042000E0002008F0020178
:1097200009B1002100E00021084408F0080109B156
:10973000002100E00021084408F0100109B10021D7
:1097400000E00021084404902089801B1FFA80FA61
:109750000498504481B24FF420723620F8F796FBFB
:109760008346BBF1000F00D16EE06068008921895B
:10977000401A304480B20290DBF80430049A991801
:1097800060685246029BF8F777FF504500D05BE0D7
:10979000E1688889F6F7E7FC00F03F0900200390B4
:1097A00009F0080028B129F00809039840F00800E2
:1097B000039009F0010028B129F00109039840F055
:1097C00001000390E1684868F6F7C0FC30440346A6
:1097D000CDE9008059462846039AFAF729FF074643
:1097E00007B931E06068F8F7D1FD35F8661F081A4F
:1097F000288062681289A2EB0A0291B26068F9F7C8
:1098000037F92089A0EB0A0020814846F6F7ABFC27
:10981000E16889890843E16888816068F8F7B6FDE6
:109820002988084428807868F8F7B0FD298808441A
:1098300025F86609206838602760386810B900206C
:10984000A5F8680000202EE700BF47B100BF09A3BC
:109850004FF4767238A11DA0F3F70EFC00BF00BFD5
:10986000BBF1000F02D05846F8F7A6FF4FF0FF30CB
:1098700019E700002E2E2F4D6964646C65776172C4
:1098800065732F54686972645F50617274792F4CEC
:109890007749502F7372632F636F72652F746370F3
:1098A0005F6F75742E6300007463705F73706C6912
:1098B000745F756E73656E745F7365673A20696E69
:1098C00076616C69642070636200000041737365A7
:1098D0007274696F6E2022257322206661696C653F
:1098E00064206174206C696E6520256420696E2097
:1098F00025730A0043616E27742073706C697420AD
:109900007365676D656E7420696E746F206C656E2B
:10991000677468203000000073706C6974203C3DEF
:10992000206D737300000000757365672D3E6C65D4
:109930006E203E2030000000736567203D3D204EC4
:10994000554C4C0010B50948006868B908480068D3
:1099500010B90848006838B10120044908600022A5
:109960000549FA20FAF7BEF910BD0000984B002413
:10997000584B00245C4B0024A99F01083EB50446C7
:109980002948007800F0040000B13EBD00BF002C63
:1099900008D100BF25A340F2EE2231A138A0F3F791
:1099A0006BFB00BF00BF2048007800F0020018B336
:1099B0003D49606A0968081A26D4218D606A084406
:1099C00039490968081A00281EDC384800680088F0
:1099D000364909684988364ACDE900210290324863
:1099E0000068344909884218314B1B1D3248016810
:1099F0002046FFF78DF8C8E70B48007800F001001B
:109A000010B12E48006820622A480088002808DD2E
:109A100000BF608B40F00200608300BF2046FCF76F
:109A20002BFB00BFB1E70000844B00242E2E2F4DEE
:109A30006964646C6577617265732F5468697264D8
:109A40005F50617274792F4C7749502F7372632F76
:109A5000636F72652F7463705F696E2E6300000020
:109A60007463705F74696D65776169745F696E7046
:109A700075743A20696E76616C6964207063620067
:109A8000417373657274696F6E202225732220669C
:109A900061696C6564206174206C696E6520256461
:109AA00020696E2025730A00784B0024684B00243F
:109AB00054A70024824B00247C4B00244C4B0024F0
:109AC00010B5FBF769F806480078401CC0B204499D
:109AD000087000F0010008B1FFF732FA10BD000075
:109AE000614B00240348007840F0100001490870E1
:109AF00070470000854B002470B5044600BF002C61
:109B000008D100BF1CA340F2A63227A12FA0F3F773
:109B1000B3FA00BF00BF218D606A4518608EE16A0C
:109B2000B0F5866F02DD4FF4866000E0608E084479
:109B3000281A04D4208D6085E06A281A70BDE16A75
:109B4000606A401A002802DD0020608512E0616A28
:109B5000E06A461A00BFB6F5803F08D300BF06A3EF
:109B600040F2B63223A119A0F3F786FA00BF00BF76
:109B7000668500BF0020E1E72E2E2F4D6964646CDE
:109B80006577617265732F54686972645F506172A2
:109B900074792F4C7749502F7372632F636F7265FE
:109BA0002F7463702E6300007463705F757064615E
:109BB00074655F7263765F616E6E5F776E643A2084
:109BC000696E76616C6964207063620041737365CD
:109BD0007274696F6E2022257322206661696C653C
:109BE00064206174206C696E6520256420696E2094
:109BF00025730A006E65775F7263765F616E6E5FD4
:109C0000776E64203C3D2030786666666600000012
:109C10002DE9FC5F04464FF0000A00BF002C08D17C
:109C200000BF37A340F64F0242A14BA0F3F724FA3E
:109C300000BF00BFE56E15B90020BDE8FC9F94F899
:109C40009A00FF2804DA94F89A00401C84F89A00DD
:109C5000E9688889F6F787FA00F0010018B12889C9
:109C600008B9012000E000208146B9F1000F01D1C0
:109C7000012000E000208346E86843685A465146C8
:109C80002046FCF7ABFB064616B94FF0FF30D4E791
:109C90007768B9F1000F09D01120F6F764FAB98995
:109CA0004CF2FF0211400843B8810DE07068143097
:109CB0000090696809892A89891A8BB2012268682B
:109CC0000099F8F7D9FC00BFE9684868F6F73EFA52
:109CD00000F10108206DB0EB080001D5C4F85080F8
:109CE0005346002231462046FCF7F6FC231D22464F
:109CF00031462046FCF772FC019001989DE7000078
:109D00002E2E2F4D6964646C6577617265732F54D4
:109D1000686972645F50617274792F4C7749502F73
:109D20007372632F636F72652F7463705F6F7574E6
:109D30002E6300007463705F7A65726F5F77696E7F
:109D4000646F775F70726F62653A20696E76616CDE
:109D50006964207063620000417373657274696F97
:109D60006E2022257322206661696C65642061740F
:109D7000206C696E6520256420696E2025730A00B9
:109D800038B504460D46F6F7F5F91748046017484C
:109D9000056006211648F9F747FF00280AD000BFE2
:109DA00000BF14A340F261221EA127A0F3F764F9BB
:109DB00000BF00BF2E48F9F765FF00280AD000BF9A
:109DC00000BF0CA340F265222AA11FA0F3F754F9AB
:109DD00000BF00BF18204FF4806300222E4900907E
:109DE0002EA0F9F766FF38BDE84A0024EC4A0024AB
:109DF000F04A00242E2E2F4D6964646C65776172E1
:109E000065732F54686972645F50617274792F4C66
:109E10007749502F7372632F6170692F7463706973
:109E2000702E63006661696C656420746F206372D4
:109E3000656174652074637069705F7468726561D0
:109E400064206D626F780000417373657274696F8E
:109E50006E2022257322206661696C65642061741E
:109E6000206C696E6520256420696E2025730A00C8
:109E7000F44A00246661696C656420746F20637223
:109E800065617465206C6F636B5F74637069705F8C
:109E9000636F726500000000E19F010874637069E0
:109EA000705F746872656164000000002DE9F04124
:109EB00005460E46174600BF1448F9F7D4FE38B9D8
:109EC00000BF13A3FC221EA121A0F3F7D5F800BF09
:109ED00000BF0920F6F79CFF04461CB94FF0FF3085
:109EE000BDE8F081002020706560A660E760214633
:109EF0000648F9F7A9FE30B121460920F6F7BAFE67
:109F00004FF0FF30ECE70020EAE70000F04A0024C1
:109F10002E2E2F4D6964646C6577617265732F54C2
:109F2000686972645F50617274792F4C7749502F61
:109F30007372632F6170692F74637069702E630090
:109F4000496E76616C6964206D626F780000000074
:109F5000417373657274696F6E20222573222066C7
:109F600061696C6564206174206C696E652025648C
:109F700020696E2025730A0070B505460C4694F8DA
:109F80002D0000F0180028B1054A21462846FFF7A9
:109F90008DFF70BD034A21462846FFF787FFF8E78B
:109FA000B1E30008ADEE000810B50446FFF788FDE8
:109FB0000748006810B90748006828B10022064920
:109FC000FA20F9F78FFE02E000200449086010BD76
:109FD000584B00245C4B0024A99F0108984B002497
:109FE00008B51148F9F746FE1048006820B110483E
:109FF00000680E490968884715E069460D4800F079
:10A00000C1F8009800280AD100BF00BF0AA391221E
:10A0100015A11DA0F3F730F800BF00BF03E00098C2
:10A0200000F046F800BFE8E7F44A0024E84A0024BC
:10A03000EC4A0024F04A00242E2E2F4D6964646CF3
:10A040006577617265732F54686972645F506172DD
:10A0500074792F4C7749502F7372632F6170692F79
:10A0600074637069702E630074637069705F7468E4
:10A07000726561643A20696E76616C6964206D6511
:10A080007373616765000000417373657274696F73
:10A090006E2022257322206661696C6564206174DC
:10A0A000206C696E6520256420696E2025730A0086
:10A0B00010B50446207820B101280ED0022818D10E
:10A0C00013E0201D07C8904710B16068F8F774FBD3
:10A0D00021460920F6F7CEFD16E0D4E901108847A5
:10A0E00021460820F6F7C6FD0EE0D4E901108847A6
:10A0F0000AE000BF00BF05A3CF2210A117A0F2F70E
:10A10000BBFF00BF00BF00BF00BF10BD2E2E2F4DF4
:10A110006964646C6577617265732F5468697264F1
:10A120005F50617274792F4C7749502F7372632F8F
:10A130006170692F74637069702E63007463706955
:10A14000705F7468726561643A20696E76616C69EB
:10A1500064206D657373616765000000417373650A
:10A160007274696F6E2022257322206661696C65A6
:10A1700064206174206C696E6520256420696E20FE
:10A1800025730A002DE9F04106460F4600BFF9F796
:10A19000C5FE0446601C60B91148F9F780FD002235
:10A1A00039463046F9F7D2FC0D48F9F763FDBDE8B2
:10A1B000F08114B9F9F704FDE9E70948F9F76FFDF3
:10A1C000224639463046F9F7C1FC05460448F9F7FE
:10A1D00051FD681C10B9F9F7F3FCD8E700BFE6E7BA
:10A1E000F44A002470B505460E4600BF1348F9F73F
:10A1F0003AFD40B900BF12A340F25D121CA120A09D
:10A20000F2F73AFF00BF00BF0820F6F701FE044650
:10A2100014B94FF0FF3070BD012020706560A6605A
:10A2200021460648F9F710FD30B121460820F6F71F
:10A2300021FD4FF0FF30EEE70020ECE7F04A00246C
:10A240002E2E2F4D6964646C6577617265732F548F
:10A25000686972645F50617274792F4C7749502F2E
:10A260007372632F6170692F74637069702E63005D
:10A27000496E76616C6964206D626F780000000041
:10A28000417373657274696F6E2022257322206694
:10A2900061696C6564206174206C696E6520256459
:10A2A00020696E2025730A0010B5E6F7A9F8C0F3FF
:10A2B0000D0000F540400149088010BD9C4B002472
:10A2C0002DE9FE4F05460E460020019000BF002DEF
:10A2D00007D100BF61A3CF226CA172A0F2F7CCFE20
:10A2E00000BF00BF00BF002E07D100BF5BA3D0227C
:10A2F00076A16CA0F2F7C0FE00BF00BF68890828F5
:10A3000003DA2846F8F758FAA6E0D5F804A0764A0A
:10A3100011685069F4F73CFC8146BAF80000F5F783
:10A3200022FF8346BAF80200F5F71DFF02900024D1
:10A330000027A0466D48046838E0618A029881428F
:10A3400032D14A463146204600F0E0F860B3207C26
:10A3500000F00400A8B9B8F1000F01D1A04610E048
:10A36000B9F1000F0DD060484069401C48B9D8F8D9
:10A3700000007168884204D020687168884200D16A
:10A38000A046A08A58450FD1606820B15649606840
:10A390000969884208D137B1E068F860534800681D
:10A3A000E0605248046003E02746E468002CC4D112
:10A3B00000BF04B9444614B10120019008E04A49A5
:10A3C00070684969884201D1012000E000200190B5
:10A3D000019800283CD008212846F8F751FC70B1BC
:10A3E00000BF00BF1DA34FF4B87241A12DA0F2F72A
:10A3F00043FE00BF00BF2846F8F7DEF92CE07CB131
:10A40000A06948B1CDF800B0374B10332A46214639
:10A41000D4E906C0E0471EE02846F8F7CDF91BE076
:10A42000B9F1000F10D13048007D00F0F000E028B5
:10A430000AD02D488089083001B22846F8F7CDFAB5
:10A4400003212846F4F779F92846F8F7B5F902E030
:10A450002846F8F7B1F900BFBDE8FE8F2E2E2F4D2C
:10A460006964646C6577617265732F54686972649E
:10A470005F50617274792F4C7749502F7372632F3C
:10A48000636F72652F7564702E6300007564705F72
:10A49000696E7075743A20696E76616C69642070BB
:10A4A00062756600417373657274696F6E20222550
:10A4B0007322206661696C6564206174206C696E2A
:10A4C0006520256420696E2025730A007564705F1D
:10A4D000696E7075743A20696E76616C6964206E7D
:10A4E000657469660000000044A70024A04B0024A6
:10A4F000706275665F72656D6F76655F68656164D1
:10A500006572206661696C65640A000070B5044676
:10A510000D46164600BF002C07D100BF1FA387229F
:10A520002AA133A0F2F7A8FD00BF00BF00BF002D95
:10A5300007D100BF19A3882237A12DA0F2F79CFDF7
:10A5400000BF00BF207A50B1217A3D48406890F8A2
:10A550003000401CC0B2814201D0002070BD8EB1DD
:10A5600074B1206860B136484069401C40B1206831
:10A57000A968084032494969AA68114088420BD14C
:10A580000120EBE734B1206820B12D4920684969EA
:10A59000884201D10120E1E70020DFE72E2E2F4D78
:10A5A0006964646C6577617265732F54686972645D
:10A5B0005F50617274792F4C7749502F7372632FFB
:10A5C000636F72652F7564702E6300007564705F31
:10A5D000696E7075745F6C6F63616C5F6D617463DD
:10A5E000683A20696E76616C69642070636200006D
:10A5F000417373657274696F6E2022257322206621
:10A6000061696C6564206174206C696E65202564E5
:10A6100020696E2025730A007564705F696E70751D
:10A62000745F6C6F63616C5F6D617463683A20691D
:10A630006E76616C6964206E657469660000000066
:10A6400044A7002410B5024682B1136873B169B102
:10A650000B685BB1064B186806E003681468A342F8
:10A6600001D10B680360C0680028F6D110BD00005E
:10A67000A04B002401460A69D1E901309860D1E974
:10A68000010358605068884201D1886850600020FA
:10A6900008611068401E106010687047034B03602B
:10A6A000034B0B6080231360704700002C63002471
:10A6B00088630024034B0360034B0B604FF48073EB
:10A6C0001360704788650024E465002400F10801E8
:10A6D00041604FF0FF31816000F10801C16001610C
:10A6E00000210160704700210161704710B50246EA
:10A6F0000B685C1C0CB9106907E002F1080000E06F
:10A700004068446824689C42FAD944684C604C68AC
:10A71000A160886041600A611468641C146010BD07
:10A7200042684A6093688B609368596091600861E1
:10A7300003685B1C0360704700BF502080F31188E2
:10A74000BFF34F8FBFF36F8F00BF0E480068401CF0
:10A750000C49086008460068012812D10A480068C0
:10A76000C0B208B9012000E0002050B900BF50205D
:10A7700080F31188BFF34F8FBFF36F8F00BF00BF0F
:10A78000FEE77047184A002404ED00E00D48006819
:10A7900050B900BF502080F31188BFF34F8FBFF333
:10A7A0006F8F00BF00BFFEE706480068401E0549E6
:10A7B00008600846006820B9002080F3118800BFB7
:10A7C00000BF7047184A002470B506463546002E73
:10A7D00044D0083D2C46224960680968084008B109
:10A7E000012000E0002050B900BF502080F3118804
:10A7F000BFF34F8FBFF36F8F00BF00BFFEE720682E
:10A8000008B9012000E0002050B900BF502080F3BB
:10A810001188BFF34F8FBFF36F8F00BF00BFFEE7FC
:10A820000F49606809680840C0B12068B0B90C4998
:10A83000606809688843606000F016FA094960683A
:10A8400009680844074908602046F8F71BFE0648D7
:10A850000068401C0449086001F026FB70BD000040
:10A86000144A0024044A0024104A002400204FF017
:10A87000E02108618861064800684FF47A71B0FBF6
:10A88000F1F0401E4FF0E021486107200861704759
:10A890009C49002470B5E5F767FD0446102C16D3DB
:10A8A00004F1E02090F8F05315480078854201DB70
:10A8B000012000E0002050B900BF502080F3118833
:10A8C000BFF34F8FBFF36F8F00BF00BFFEE70D4890
:10A8D000006800F4E0600C490968884201D8012052
:10A8E00000E0002050B900BF502080F31188BFF372
:10A8F0004F8FBFF36F8F00BF00BFFEE770BD00003A
:10A900001C4A00240CED00E0204A002402460020EE
:10A910000BE0084B53F8303033B9064B43F8301096
:10A9200003EBC0035A6002E0401C0828F1D300BFCB
:10A9300070470000105D002470B50446254655B9E7
:10A9400000BF502080F31188BFF34F8FBFF36F8F8C
:10A9500000BF00BFFEE7284600F008F895F8460063
:10A9600010B92846FFF730FF70BD000001460020F7
:10A970000EE0094A02EBC00252688A4207D1002267
:10A98000054B43F8302003EBC0035A6002E0401C43
:10A990000828EED300BF7047105D00242DE9F04178
:10A9A00005460E4617462C46FFF7C6FE94F94400AE
:10A9B000401C10B9002084F8440094F94500401C64
:10A9C00010B9002084F84500FFF7E0FEA06B28B91D
:10A9D0003A46314604F1240000F062F82046F8F7C8
:10A9E000A2FFBDE8F081000070B504460025D4B197
:10A9F0001248006808B9012000E0002050B900BFEB
:10AA0000502080F31188BFF34F8FBFF36F8F00BFCB
:10AA100000BFFEE700F028F900212046F8F796FA7B
:10AA200001F042FA05463DB94FF0805004490860F4
:10AA3000BFF34F8FBFF36F8F70BD0000DC49002460
:10AA400004ED00E0034909680160034909684160B9
:10AA500070470000CC490024B84900240120014976
:10AA600008607047C849002470B504460D4654B9C3
:10AA700000BF502080F31188BFF34F8FBFF36F8F5B
:10AA800000BF00BFFEE70548016818312046FFF708
:10AA90002DFE01212846F8F759FA70BDA44900247B
:10AAA00070B505460E46144655B900BF502080F3D8
:10AAB0001188BFF34F8FBFF36F8F00BF00BFFEE75A
:10AAC0000648016818312846FFF72AFE0CB14FF0FE
:10AAD000FF3621463046F8F739FA70BDA449002404
:10AAE0002DE9F04706460F4634464FF00109002E87
:10AAF00055D0206D50B900BF502080F31188BFF3AE
:10AB00004F8FBFF36F8F00BF00BFFEE7E06CB8420E
:10AB100001D23D4600E0E56CE06AA8423FD0206DDE
:10AB200001283CD11F480068844201D0012000E088
:10AB3000002050B900BF502080F31188BFF34F8F21
:10AB4000BFF36F8F00BF00BFFEE7D4F82C80E56233
:10AB5000A06900F0004010B9C5F13800A06108EB11
:10AB60008801114A02EB81016069884201D101200C
:10AB700000E0002098B1201DFFF77CFD0B49E06A42
:10AB80000968884202D90949E06A0860E16A01EB74
:10AB90008101054A02EB8100211DFFF7C1FDBDE8DF
:10ABA000F0870000A4490024505D0024BC49002423
:10ABB00010B586B000200590049003AA04A905A84A
:10ABC000FFF76CFD0022DDE904101346CDE90021FA
:10ABD00002901EA11F48039A00F050FF1E49086012
:10ABE0000846006808B1012400E00024012C02D1CD
:10ABF00001F0DCF90446012C15D100BF502080F390
:10AC00001188BFF34F8FBFF36F8F00BF4FF0FF303E
:10AC100012490860012012490860002011490860AB
:10AC200000F072F810E0601C08B1012000E0002084
:10AC300050B900BF502080F31188BFF34F8FBFF38E
:10AC40006F8F00BF00BFFEE706B010BD49444C4502
:10AC500000000000ED320108D8490024D449002446
:10AC6000C0490024B849002402480068401C01493A
:10AC700008607047DC4900241E48006818B10120B4
:10AC80001D49086034E000201B4908601B4801682A
:10AC90000CE051B900BF502080F31188BFF34F8FF3
:10ACA000BFF36F8F00BF00BFFEE7491E01EB8100BD
:10ACB000134A52F8200008B9012000E000200028C3
:10ACC000E7D101EB81020E4B03EB82004268526830
:10ACD000426000F108024368934202D14268526820
:10ACE00042604268D268074B1A600448016000BFA6
:10ACF00070470000DC490024C8490024BC490024F6
:10AD0000505D0024A44900241CB5524800685249F3
:10AD1000884201D0012000E0002050B900BF50203F
:10AD200080F31188BFF34F8FBFF36F8F00BF00BF59
:10AD3000FEE7484800684849491E884201D0012082
:10AD400000E0002050B900BF502080F31188BFF30D
:10AD50004F8FBFF36F8F00BF00BFFEE73F4908462C
:10AD600000780190FF200A46107008460078009095
:10AD70009DF8000000F0F0009DF80020904201D105
:10AD8000012000E0002050B900BF502080F311885E
:10AD9000BFF34F8FBFF36F8F00BF00BFFEE79DF87B
:10ADA000000000F050002E4A107007202D4A10605D
:10ADB00009E02C480068401E2A4A10609DF80000F7
:10ADC0004006000E00909DF8000000F080008028F2
:10ADD000EFD024480068C0F10700042801D1012009
:10ADE00000E0002050B900BF502080F31188BFF36D
:10ADF0004F8FBFF36F8F00BF00BFFEE71948006899
:10AE00000002184A10601046008800F4E0601060EC
:10AE1000124A019810700F482030006840F470000A
:10AE20000C49203108600846006840F07040086016
:10AE3000FFF71CFD00200C490860E5F75DFA0B48A0
:10AE4000006840F0404009490860E5F741FA0020F9
:10AE50001CBD000000ED00E071C20F4100E400E005
:10AE60001C4A0024204A0024184A002434EF00E041
:10AE700010B500BF502080F31188BFF34F8FBFF390
:10AE80006F8F00BF00F07EFE18B14FF08050044974
:10AE9000086000BF002080F3118800BF10BD0000D3
:10AEA00004ED00E070B505460E460DB1012000E04E
:10AEB000002050B900BF502080F31188BFF34F8F9E
:10AEC000BFF36F8F00BF00BFFEE7AE4201D8012085
:10AED00000E0002050B900BF502080F31188BFF37C
:10AEE0004F8FBFF36F8F00BF00BFFEE7022200212C
:10AEF000284600F05DF8044604B1A663204670BD04
:10AF0000F8B505460E4617460DB1012000E00020B9
:10AF100050B900BF502080F31188BFF34F8FBFF3AB
:10AF20006F8F00BF00BFFEE7AE4201D8012000E0F6
:10AF3000002050B900BF502080F31188BFF34F8F1D
:10AF4000BFF36F8F00BF00BFFEE702203B46002229
:10AF500011460090284600F058F8044604B1A66354
:10AF60002046F8BD2DE9F04104460126002722467F
:10AF70000021012000F01CF805462846F8F7CAF920
:10AF80002846BDE8F0812DE9F84304460D46012727
:10AF90004FF000082B46002211460120009400F0DB
:10AFA00034F806463046F8F7B5F93046BDE8F88380
:10AFB0002DE9F84305460E4617460DB1012000E085
:10AFC000002050B900BF502080F31188BFF34F8F8D
:10AFD000BFF36F8F00BF00BFFEE705FB06F808F167
:10AFE0005000F8F7E7FC044664B1A14609F15009A6
:10AFF000002084F846003B464A46314628460094E5
:10B00000F8F797F92046BDE8F8832DE9F843804624
:10B010000E4617461D46DDF82090B8F1000F01D00E
:10B02000012000E0002050B900BF502080F31188BB
:10B03000BFF34F8FBFF36F8F00BF00BFFEE70DB1AF
:10B04000012000E0002050B900BF502080F311889B
:10B05000BFF34F8FBFF36F8F00BF00BFFEE707B195
:10B060000EB1012000E0002050B900BF502080F355
:10B070001188BFF34F8FBFF36F8F00BF00BFFEE794
:10B0800007B90EB9012000E0002050B900BF5020E0
:10B0900080F31188BFF34F8FBFF36F8F00BF00BFE6
:10B0A000FEE7502000900098502801D1012000E0D8
:10B0B000002050B900BF502080F31188BFF34F8F9C
:10B0C000BFF36F8F00BF00BFFEE700BF2C464CB13F
:10B0D000012084F846004B463A46314640460094EB
:10B0E000F8F727F92046BDE8F883000070B505465B
:10B0F0000E462C4654B900BF502080F31188BFF390
:10B100004F8FBFF36F8F00BF00BFFEE7FFF714FB49
:10B11000D4E90F12206801FB0200A0600020A063A8
:10B1200020686060E06B401E226C216800FB021109
:10B13000E160FF2084F8440084F845009EB920694E
:10B1400008B9012000E00020A8B904F1100000F0C7
:10B150005FFE80B14FF0805009490860BFF34F8F08
:10B16000BFF36F8F07E004F11000FFF7AFFA04F1AF
:10B170002400FFF7ABFAFFF709FB012070BD0000C8
:10B1800004ED00E02DE9FF4383B0064688461D46E6
:10B190004FF00009344654B900BF502080F31188A5
:10B1A000BFF34F8FBFF36F8F00BF00BFFEE7B8F153
:10B1B000000F01D1206C08B9012000E0002050B937
:10B1C00000BF502080F31188BFF34F8FBFF36F8F04
:10B1D00000BF00BFFEE7022D02D1E06B012801D1C4
:10B1E000012000E0002050B900BF502080F31188FA
:10B1F000BFF34F8FBFF36F8F00BF00BFFEE700F0BC
:10B20000A1FC08B9059808B9012000E0002050B958
:10B2100000BF502080F31188BFF34F8FBFF36F8FB3
:10B2200000BF00BFFEE700BFFFF786FAA06BE16B2F
:10B23000884201D3022D28D12A4641462046F7F7FD
:10B2400092FF0746606A08B9012000E0002068B953
:10B2500004F1240000F0DCFD88B14FF08050324949
:10B260000860BFF34F8FBFF36F8F08E03FB14FF01F
:10B2700080502D490860BFF34F8FBFF36F8FFFF7EA
:10B2800085FA012007B0BDE8F083059818B9FFF7EB
:10B290007DFA0020F6E7B9F1000F04D101A8FFF70D
:10B2A000D1FB4FF00109FFF771FAFFF7DDFCFFF763
:10B2B00043FA94F94400401C10B9002084F844007B
:10B2C00094F94500401C10B9002084F84500FFF7B0
:10B2D0005DFA05A901A800F059FBF0B92046F8F77E
:10B2E0003EF9A0B104F110000599FFF7BDFB20461F
:10B2F000F8F719FB00F0D8FD002895D14FF08050E9
:10B3000009490860BFF34F8FBFF36F8F8CE720466A
:10B31000F8F709FB00F0C8FD86E72046F8F703FBC5
:10B3200000F0C2FD0020ADE704ED00E02DE9F84F8C
:10B3300007468A4690461E463C4654B900BF5020F8
:10B3400080F31188BFF34F8FBFF36F8F00BF00BF33
:10B35000FEE7BAF1000F01D1206C08B9012000E02E
:10B36000002050B900BF502080F31188BFF34F8FE9
:10B37000BFF36F8F00BF00BFFEE7022E02D1E06B6C
:10B38000012801D1012000E0002050B900BF502069
:10B3900080F31188BFF34F8FBFF36F8F00BF00BFE3
:10B3A000FEE7FFF777FA00BF5021EFF3118081F33A
:10B3B0001188BFF34F8FBFF36F8F00BF0546A06B9F
:10B3C000E16B884201D3022E25D194F945B0A06BE0
:10B3D0000090324651462046F7F7C5FE0BF10100BA
:10B3E00088B9606A08B9012000E0002050B904F172
:10B3F000240000F00DFD28B1B8F1000F02D00120AB
:10B40000C8F8000004E00BF1010040B284F84500E8
:10B410004FF0010901E04FF0000900BF85F31188EA
:10B4200000BF4846BDE8F88F2DE9F04706460F46B5
:10B43000344654B900BF502080F31188BFF34F8FBA
:10B44000BFF36F8F00BF00BFFEE7206C08B901207B
:10B4500000E0002050B900BF502080F31188BFF3F6
:10B460004F8FBFF36F8F00BF00BFFEE7206808B9A2
:10B47000A06808B9012000E0002050B900BF5020AA
:10B4800080F31188BFF34F8FBFF36F8F00BF00BFF2
:10B49000FEE7FFF7FFF900BF5021EFF3118081F3C2
:10B4A0001188BFF34F8FBFF36F8F00BF0546D4F8ED
:10B4B0003890E06B48451ED994F945A009F1010088
:10B4C000A0630AF1010070B9606A08B9012000E0C8
:10B4D000002068B904F1240000F09AFC40B13FB1AB
:10B4E0000120386004E00AF1010040B284F8450010
:10B4F0004FF0010801E04FF0000800BF85F311880C
:10B5000000BF4046BDE8F08770B505462C4654B9EB
:10B5100000BF502080F31188BFF34F8FBFF36F8FB0
:10B5200000BF00BFFEE700F007FBA16888420CD116
:10B53000E068401EE060E06828B900231A4619461A
:10B540002046FFF71FFE012600E00026304670BDB2
:10B550002DE9F74183B005460E464FF000082C4612
:10B5600054B900BF502080F31188BFF34F8FBFF351
:10B570006F8F00BF00BFFEE70EB9206C08B9012035
:10B5800000E0002050B900BF502080F31188BFF3C5
:10B590004F8FBFF36F8F00BF00BFFEE700F0D2FAFE
:10B5A00008B9059808B9012000E0002050B900BF93
:10B5B000502080F31188BFF34F8FBFF36F8F00BF10
:10B5C00000BFFEE700BFFFF7B7F8A76BF7B1314642
:10B5D0002046F7F7B3FD781EA063206908B9012063
:10B5E00000E0002060B904F1100000F011FC38B157
:10B5F0004FF080502F490860BFF34F8FBFF36F8F1C
:10B60000FFF7C4F8012006B0BDE8F081059818B92D
:10B61000FFF7BCF80020F6E7B8F1000F04D101A84D
:10B62000FFF710FA4FF00108FFF7B0F8FFF71CFB27
:10B63000FFF782F894F94400401C10B9002084F808
:10B64000440094F94500401C10B9002084F84500DE
:10B65000FFF79CF805A901A800F098F9F0B9204679
:10B66000F7F770FFA0B104F124000599FFF7FCF98A
:10B670002046F8F758F900F017FC0028A3D14FF046
:10B6800080500C490860BFF34F8FBFF36F8F9AE76C
:10B690002046F8F748F900F007FC94E72046F8F751
:10B6A00042F900F001FC2046F7F74CFF00288AD051
:10B6B0000020A8E704ED00E02DE9F05F064689468A
:10B6C0001746344654B900BF502080F31188BFF3A9
:10B6D0004F8FBFF36F8F00BF00BFFEE7B9F1000FC0
:10B6E00001D1206C08B9012000E0002050B900BF52
:10B6F000502080F31188BFF34F8FBFF36F8F00BFCF
:10B7000000BFFEE7FFF7C6F800BF5021EFF311803E
:10B7100081F31188BFF34F8FBFF36F8F00BF0546D2
:10B72000D4F838A0BAF1000F22D094F944B04946B9
:10B730002046F7F703FDAAF10100A0630BF1010019
:10B7400070B9206908B9012000E0002068B904F14F
:10B75000100000F05DFB40B13FB10120386004E013
:10B760000BF1010040B284F844004FF0010801E001
:10B770004FF0000800BF85F3118800BF4046BDE8C8
:10B78000F09F00002DE9F34182B005464FF000081C
:10B790002C46002654B900BF502080F31188BFF317
:10B7A0004F8FBFF36F8F00BF00BFFEE7206C08B95B
:10B7B000012000E0002050B900BF502080F3118824
:10B7C000BFF34F8FBFF36F8F00BF00BFFEE700F0E6
:10B7D000B9F908B9039808B9012000E0002050B970
:10B7E00000BF502080F31188BFF34F8FBFF36F8FDE
:10B7F00000BF00BFFEE700BFFEF79EFFA76BFFB1D3
:10B80000781EA063206810B9F8F77AF9A060206963
:10B8100008B9012000E0002060B904F1100000F038
:10B82000F7FA38B14FF0805043490860BFF34F8FAB
:10B83000BFF36F8FFEF7AAFF012004B0BDE8F081CF
:10B84000039898B90EB9012000E0002050B900BF5C
:10B85000502080F31188BFF34F8FBFF36F8F00BF6D
:10B8600000BFFEE7FEF792FF0020E6E7B8F1000F09
:10B8700004D16846FFF7E6F84FF00108FEF786FFAF
:10B88000FFF7F2F9FEF758FF94F94400401C10B995
:10B89000002084F8440094F94500401C10B90020B1
:10B8A00084F84500FEF772FF03A9684600F06EF8C1
:10B8B00040BB2046F7F746FEF0B1206838B9FEF7E6
:10B8C0003BFFA06800F052FA0646FEF75FFF04F166
:10B8D00024000399FFF7C8F82046F8F724F800F091
:10B8E000E3FA002888D14FF0805013490860BFF375
:10B8F0004F8FBFF36F8F7FE72046F8F714F800F003
:10B90000D3FA79E72046F8F70EF800F0CDFA204692
:10B91000F7F718FE0028EED05EB1FEF70DFF2046C7
:10B92000F7F788FC07463946A068FFF7D9F8FEF715
:10B930002DFF002081E7000004ED00E02DE9F0413B
:10B9400006460F46344654B900BF502080F3118894
:10B95000BFF34F8FBFF36F8F00BF00BFFEE700F054
:10B96000EBF8A168884204D1E068401CE060012542
:10B9700008E039462046FFF705FF054615B1E068A7
:10B98000401CE0602846BDE8F081000070B5054627
:10B990000C4655B900BF502080F31188BFF34F8F7C
:10B9A000BFF36F8F00BF00BFFEE754B900BF502048
:10B9B00080F31188BFF34F8FBFF36F8F00BF00BFBD
:10B9C000FEE7FEF7B9FE124802686868131A20689D
:10B9D000401C08B9002617E00E492868096888420B
:10B9E00004D06868904201D801260DE02068984292
:10B9F00007D92068C01A20602846FFF723F80026E0
:10BA000002E0002020600126FEF7C0FE304670BD37
:10BA1000B8490024CC4900242DE9FF4F85B0804669
:10BA200089461746DDE912ABB800F7F7C3FF0646B3
:10BA300056B15C20F7F7BEFF04460CB1266304E064
:10BA40003046FEF7C1FE00E000248CB1002084F8EF
:10BA50005900CDE900ABCDE902403A46494640469F
:10BA6000089BF7F77BFC2046F7F7AEFA012501E0CB
:10BA70004FF0FF35284609B0BDE8F08F2DE9F04FB3
:10BA800085B00746884691469A46DDE90EB6109C79
:10BA90000EB1012000E0002050B900BF502080F31B
:10BAA0001188BFF34F8FBFF36F8F00BF00BFFEE75A
:10BAB0000CB1012000E0002050B900BF502080F3FD
:10BAC0001188BFF34F8FBFF36F8F00BF00BFFEE73A
:10BAD0005C20039003985C2801D1012000E0002045
:10BAE00050B900BF502080F31188BFF34F8FBFF3D0
:10BAF0006F8F00BF00BFFEE700BFB4B1AEB12546F7
:10BB00002C462E63022085F85900002004A95346D4
:10BB10004A46CDE900B1CDE9025041463846F7F733
:10BB20001DFC2846F7F750FA01E000200490049825
:10BB300005B0BDE8F08F00000149086870470000BB
:10BB4000A44900240549096809B9012005E0044910
:10BB5000096809B9022000E000207047C0490024AC
:10BB6000DC4900240149086870470000B8490024F6
:10BB700070B5FEF78FFE002501480468204670BDB1
:10BB8000B84900242DE9F0414FF00008434800680F
:10BB900000287BD142480068451C4148056015BB20
:10BBA00040480068006808B9012000E0002050B952
:10BBB00000BF502080F31188BFF34F8FBFF36F8F0A
:10BBC00000BF00BFFEE737480768374800683549BF
:10BBD00008603548076035480068401C33490860F4
:10BBE000F7F7F2FD00BF3248006885423BD300BF43
:10BBF0002C480068006808B9012000E0002020B14E
:10BC00004FF0FF302A4908602CE026480068C068E1
:10BC1000C4686668B54202D22548066022E0201D4D
:10BC2000FEF728FDA06A18B104F11800FEF722FD06
:10BC30002049E06A0968884202D91E49E06A086022
:10BC4000E16A01EB81011C4A02EB8100211DFEF734
:10BC500067FD1A49E06A0968C96A8842C8D34FF08B
:10BC60000108C5E700BF15480068C06A00EB800006
:10BC7000114951F82000012801D94FF0010810485E
:10BC8000006808B14FF0010805E0FFE70D480068C3
:10BC9000401C0C4908604046BDE8F081DC490024A6
:10BCA000B8490024A8490024AC490024CC49002408
:10BCB000D4490024BC490024505D0024A449002438
:10BCC000C8490024C449002470B505462C46002606
:10BCD000002D43D022480068844201D1012000E0B9
:10BCE000002050B900BF502080F31188BFF34F8F60
:10BCF000BFF36F8F00BF00BFFEE7206D50B900BFDC
:10BD0000502080F31188BFF34F8FBFF36F8F00BFB8
:10BD100000BFFEE7206D401E2065E16CE06A8842AE
:10BD20001CD0206DD0B9201DFEF7A4FCE06CE062B1
:10BD3000E06AC0F13800A0610A49E06A09688842F7
:10BD400002D90849E06A0860E16A01EB8101064A0C
:10BD500002EB8100211DFEF7E3FC0126304670BD99
:10BD6000A4490024BC490024505D002470B5054658
:10BD70002C460026002D42D02249E06A0968C96A93
:10BD8000884235D2A06900F0004028B91D480068FB
:10BD9000C06AC0F13800A061E16A01EB81011A4A72
:10BDA00002EB81016069884201D1012000E000209E
:10BDB000C0B1201DFEF75EFC12480068C06AE06258
:10BDC0001249E06A0968884202D91049E06A0860AD
:10BDD000E16A01EB81010C4A02EB8100211DFEF7B3
:10BDE0009FFC03E007480068C06AE062012606E0A5
:10BDF0000449E06C0968C96A884200D201263046CD
:10BE000070BD0000A4490024505D0024BC490024FA
:10BE100070B50646F068C46854B900BF502080F37E
:10BE20001188BFF34F8FBFF36F8F00BF00BFFEE7D6
:10BE300004F11800FEF71EFC15480068A0B9201D8B
:10BE4000FEF718FC1349E06A0968884202D91149D3
:10BE5000E06A0860E16A01EB81010F4A02EB8100B0
:10BE6000211DFEF75DFC04E004F118010B48FEF70C
:10BE700057FC0B49E06A0968C96A884204D9012560
:10BE800001200849086000E00025284670BD000038
:10BE9000DC490024BC490024505D0024D861002402
:10BEA000A4490024C849002470B50024002636485F
:10BEB000006850B900BF502080F31188BFF34F8F46
:10BEC000BFF36F8F00BF00BFFEE7FEF735FC2E48C3
:10BED0000068401E2C4908600846006800284ED1C2
:10BEE0002A48006800284AD023E02948C068C4686E
:10BEF00004F11800FEF7BEFB201DFEF7BBFB254931
:10BF0000E06A0968884202D92249E06A0860E16A69
:10BF100001EB8101204A02EB8100211DFEF700FCAC
:10BF20001E49E06A0968C96A884202D301201C4997
:10BF300008601748006808B9012000E000200028C8
:10BF4000D3D00CB1F7F740FC1648056865B100BFC7
:10BF5000FFF718FE10B10120114908606D1E002D79
:10BF6000F6D100200F4908600D48006838B101265D
:10BF700030070D490860BFF34F8FBFF36F8FFEF797
:10BF800005FC304670BD0000DC490024B4490024A3
:10BF9000D8610024BC490024505D0024A449002439
:10BFA000C8490024C449002404ED00E010B586B05F
:10BFB0000024F7F765F816480068D0B10020059016
:10BFC000049003AA04A905A8FEF774FB0222DDE988
:10BFD00004100023CDE9002102900EA10F48039A1E
:10BFE000FFF74CFD0E4908600846006800B10124C7
:10BFF00000BF54B900BF502080F31188BFF34F8FAA
:10C00000BFF36F8F00BF00BFFEE7204606B010BD34
:10C01000E8490024546D7220537663000D390108FD
:10C02000EC4900242DE9FF4704460D4616461F46FD
:10C03000DDF830804FF0000954B900BF502080F384
:10C040001188BFF34F8FBFF36F8F00BF00BFFEE7B4
:10C050001448006810B3009501960294062D15DA75
:10C06000FFF770FD022808D10023424669460D48BB
:10C070000068FFF787F8814610E000231A466946FA
:10C0800008480068FFF77EF8814607E000233A463B
:10C09000694604480068FFF749F98146484604B0FC
:10C0A000BDE8F087E84900246CC3010800000000E7
:10C0B000000000000000000000000000000200007E
:10C0C00018000000000000000000000060C301082C
:10C0D0000000000000000000000000000000000060
:10C0E00000000000000610160006101600010203F2
:10C0F00004050607080C101418203040000000004A
:10C10000000000000000000000000000000000002F
:10C110000100000002000000030000000400000015
:10C12000000000000500000000000000000000000A
:10C1300000000000060000000000000000000000F9
:10C1400000000000070000000100020004000600DB
:10C1500008000A000C0010002000400080000001D0
:10C1600001010103070100000804020408010101A4
:10C170000000000000000000010203040607080997
:10C1800078C301080000000000000000000000006B
:10C190000000000000020000180000000000000085
:10C1A0000000000090C30108000000000000000033
:10C1B0000000000000000000000200001800000065
:10C1C000000000000000000080C301080000000023
:10C1D000000000000000000000000000000200005D
:10C1E0001800000000000000000000009CC30108CF
:10C1F000000000000000000000000000000000003F
:10C200000000000020060C0000000024AC4A0024BE
:10C21000FFFFFFFFFFFF0000000000002000040000
:10C220005CA70024084B00249C000500DFA7002425
:10C230000C4B00241C000800EEAA0024104B002424
:10C2400010001000D1AB0024144B00242000050086
:10C25000D4AC0024184B002418000F0077AD002444
:10C260001C4B002410000200E2AE0024204B0024EE
:10C270002800040005AF0024244B0024100008000F
:10C28000A8AF0024284B0024100008002BB0002485
:10C290002C4B002410000300AEB00024304B0024CF
:10C2A00010001000E1B00024344B002460021000A4
:10C2B000E4B10024384B00241CC2010828C2010844
:10C2C00034C2010840C201084CC2010858C201082A
:10C2D00064C2010870C201087CC2010888C201085A
:10C2E00094C20108A0C20108ACC2010810C4010830
:10C2F00038C4010858C4010818C4010804C401085E
:10C30000ECC30108F8C301084CC4010824C40108A7
:10C310002CC4010840C401080102030405060707F4
:10C32000070707070703060C18306078544B0024F2
:10C33000504B0024584B00245C4B0024FA000000B2
:10C34000C19A0108E803000009FD0008E8030000A5
:10C3500079E100080300000000000000FFFFFFFF7C
:10C360006D795175657565303100000064656661F1
:10C37000756C745461736B006C65645461736B000D
:10C3800075617274526563656976655461736B009B
:10C39000756172745461736B000000006D795175A2
:10C3A00065756555617274004C5749505F434F4E37
:10C3B00053545F43415354206E6F7420696D706C09
:10C3C000656D656E74656420636F72726563746C0D
:10C3D000792E20436865636B20796F7572206C77C6
:10C3E000495020706F72742E0000000046494E5F65
:10C3F000574149545F31000046494E5F5741495407
:10C400005F32000045535441424C49534845440073
:10C41000434C4F534544000053594E5F52435644DA
:10C4200000000000434C4F53494E47004C415354C9
:10C430005F41434B000000004C495354454E0000FF
:10C4400054494D455F57414954000000434C4F53F8
:10C45000455F57414954000053594E5F53454E5470
:10C46000000000007463705F656E71756575655FCF
:10C47000666C6167733A206E6565642065697468EF
:10C480006572205443505F53594E206F72205443BD
:10C49000505F46494E20696E20666C6167732028A4
:10C4A00070726F6772616D6D65722076696F6C6115
:10C4B0007465732041504929000000006E6574695D
:10C4C000662D3E6877616464725F6C656E206D7581
:10C4D0007374206265207468652073616D652061E6
:10C4E00073204554485F4857414444525F4C454E81
:10C4F00020666F7220657468617270210000000010
:10C5000020C5010800000024C04B000030050008D1
:10C5100054C60108C04B0024280D0100E6D00008D5
:10C5200001FF01FF01FF01FF01FF01FF01FF01FF0B
:10C5300001FF01FF01FF01FF01FF01FF01FF01FFFB
:10C5400001FF01FF01FF01FF01FF01FF01FF01FFEB
:10C5500001FF01FF01FF01FF01FF01FF01FF01FFDB
:10C5600001FF01FF01FF01FF01FF01FF01FF01FFCB
:10C5700001FF01FF01FF01FF01FF01FF01FF01FFBB
:10C5800001FF01FF01FF01FF01FF01FF01FF01FFAB
:10C5900001FF01FF01FF01FF01FF01FF01FF01FF9B
:10C5A00001FF01FF01FF01FF01FF01FF01FF01FF8B
:10C5B00001FF01DD321042013C90D0030401731AE7
:10C5C000AA0101141D0A0D202A01182855415254B0
:10C5D0002D48797065727465726D696E616C206347
:10C5E0006F6D6D756E69636174696F6E20626173E2
:10C5F000656420092C444D413119381B456E2C18B7
:10C600000B203130206368617261630D281573203F
:10C610007573696E67206B6579626F617264203A29
:10C620000A0D6218114578616D706C652046696E5F
:10C63000697368656416011413E50E1B08D70413AB
:10C64000190F1B08F5081ADB040179021AC00B50F8
:04C650006E1954818A
:040000050800029954
:00000001FF
